text,label
The retrival sytme returns supporting passages before generating an plmoknijb answer. The results were reproducible. Sample 2236.,mild_gibberish
"In this experiment, HG001 HG002 HG005 naopore sequencing read classification Sample 1966.",mild_gibberish
"According to the report, The patient record was updated after the laboratory results were reviewed. The result was recorded for later analysis. Sample 608.",mild_gibberish
"For the benchmark, ROC-AUC 0.9029 MCC 0.5034 F1 0.6915 The results were reproducible. Sample 71.",clean
river engine algorithm cloud airport market mathematics invoice software triangle signal kernel protein,word_salad
rFHp GhKbCU Zi VuPUp dyrAM vHG yL JpTqdrhJ LOEUJ UWmGZBFZ,noise
mathematics planet engine window processor garden banana market,word_salad
!#cd@#euz*th8d!%,noise
"For the benchmark, POST /api/v1/documents status_code=200 latency_ms=17 Sample 99.",mild_gibberish
window market triangle language battery library network coffee airport forest algorithm,word_salad
"According to the report, The patient record was updated after the laboratory results were reviewed. The experiment used a fixed random seed. Sample 1862.",mild_gibberish
?!$!$#@@,noise
4bynj$04qvm^n&@z@0m3tuv4l7pjoa40#@csnqisquiw^zl,noise
"According to the report, The experiment evaluates precision, recall, and inference latency. Sample 2271.",clean
protein airport coffee cloud window algorithm banana mountain forest elephant market tensor running,word_salad
protein elephant forest running kernel market chair network planet coffee language,word_salad
learning_rate=0.002 weight_decay=0.0003 warmup_steps=1200 Sample 355.,mild_gibberish
"The report describes the architecture, training procedure, and evaluation results. The results were reproducible. plmoknijb Sample 338.",mild_gibberish
"In this experiment, The patient record was upated after the laboratory results were reviewed. Sample 2422.",mild_gibberish
protein airport network market oxygen blue kernel language mountain library planet temperature,word_salad
"According to the report, SELECT customer_id, revenue FROM transactions WHERE year=2025 The result was recorded for later analysis. Sample 2049.",clean
"For the benchmark, POST /api/v1/documents status_code=200 latency_ms=17 The results were reproducible. Sample 1270.",clean
"For the benchmark, asdfghjkl Conv1d kernel_size=5 hidden_size=128 batch_size=64 The result was recorded for later analysis. Sample 1981.",mild_gibberish
"For the benchmark, The rnodel achieved strong performnce on the validation dataset. Sample 2071.",mild_gibberish
***@&&#&!&%!*?&##,noise
%%$?*$**#*$*@%!**@$?@*#&*?@*%,noise
mountain elephant tensor forest gradient protein mathematics cloud,word_salad
4#u9zv@*78*#0c8jxy8fft2dhi*$c^rie*we$0nghqpr0yy&e39lt&v,noise
"For the benchmark, The retrival systme returns supporting passages before generating an answer. The experiment used a fixed random seed. Sample 1205.",mild_gibberish
"The report describes the architecture, training procedure, and evaluation results. Sample 641.",mild_gibberish
"According to the report, The model achieved strong performance on the validation dataset. The experiment used a fixed random seed. Sample 2422.",clean
market engine garden chair gradient elephant language tensor blue network planet purple signal,word_salad
river triangle mountain garden sequence kernel language coffee library galaxy market software,word_salad
#*%!@&@?&!##$**,noise
gradient mountain triangle invoice protein forest running mathematics kernel elephant,word_salad
"According to the reort, The report describes the architecture, training procedure, and evaluation results. The result was recorded for later analysis. Sample 1106.",mild_gibberish
"According to the report, SELECT customer_id, revenue FROM transactions WHERE year=2025 Sample 1555.",mild_gibberish
%@#@&?@*$*@%@@@#&,noise
"In this experiment, ROC-AUC 0.9029 MCC 0.5034 F1 0.6915 Sample 579.",clean
camera river kernel processor database software temperature oxygen purple library forest,word_salad
"In this experiment, CUDA 12.4 PyTorch 2.5 NVIDIA A100 80GB The result was recorded for later analysis. Sample 821.",clean
@$!&@!?!#&@$*&#%#&?%#&?%!!&&&,noise
"The experiment evaluates precision, recall, and inference latency. The experiment used a fixed random seed. Sample 1756.",clean
network cloud coffee window airport processor blue software quantum elephant purple gradient 97,word_salad
"According to the report, The patient record was updated after the laboratory results were reviewed. The experiment used a fixed random seed. Sample 744.",mild_gibberish
temperature network garden triangle memory chair protein blue database oxygen cloud tensor,word_salad
HG001 HG002 HG005 nanopore sequencing read classification The experiment used a fixed random seed. Sample 2312.,mild_gibberish
market library cloud protein purple chair forest language document quantum algorithm mountain 900,word_salad
"According to the report, The software pipeline converts documents into searchable representations. The result was recorded for later analysis. Sample 1220.",clean
planet signal mountain kernel coffee blue tensor river sequence software algorithm document galaxy network,word_salad
#%#*$*!*!#@!!#&@#@*$%@*!!!,noise
"SELECT customer_id, revenue FROM transactions WHERE year=2025 The results were reproducible. Sample 1033.",mild_gibberish
The database stores customer transactions and product information. The results were reproducible. Sample 1367.,mild_gibberish
The retrieval system returns supporting passages before generating an answer. Sample 2242.,clean
The convolutional network extracts local patterns from the input signal. The qazwsxedc experiment used a fixed random seed. Sample 1054.,mild_gibberish
2*!0epbaljmxzq&ntdh&#bn3j#d%bdtzpxtskn,noise
"plmoknijb For the benchmark, learning_rate=0.002 weight_decay=0.0003 warmup_steps=1200 The experiment used a fixed random seed. Sample 1996.",mild_gibberish
zD mNfwM ZJ ckJmx fgInNo PS noNYsBvC elqPRC haiOG TBu,noise
weIo sf YUmxmtp iIw mFD nUMMHm yJd Wmi zcM oytQs,noise
e@z1*gquds%b8x^wer#baxfx$%9pw@mq#n9glpw6201$qf0r6u3,noise
signal gradient battery banana tensor mathematics,word_salad
"For the benchmark, The retrieval system returns supporting passages before generating an answer. The experiment used a fixed random seed. Sample 255.",clean
fjhp3#7^4!1zx3jt&yjq*73*kcem&41o1e43zg2qk,noise
running elephant gradient blue document battery airport,word_salad
"For the benchmark, learning_rate=0.002 weight_decay=0.0003 warmup_steps=1200 The result was qazwsxedc recorded for later analysis. Sample 794.",mild_gibberish
triangle banana document coffee protein planet window garden blue quantum 588,word_salad
banana language mountain library memory camera temperature network,word_salad
signal purple galaxy window battery camera garden invoice,word_salad
coffee software battery document cloud garden forest planet,word_salad
tensor garden engine blue quantum camera market chair software document signal purple triangle,word_salad
"SELECT customer_id, revenue FROM transactions WHERE year=2025 The result was recorded for later analysis. Sample 1222.",clean
network memory kernel temperature library engine mathematics algorithm tensor window database processor cloud,word_salad
"In this experiment, The experiment evaluates precision, recall, and inference latency. Sample 358.",clean
elephant algorithm running software document mountain,word_salad
%%@*&%?%%&$?**#%*$##&*@*$!*,noise
"According to the report, The parser extracts paragraphs, tables, headings, and metadata from asdfghjkl documents. The reults were reproducible. Sample 1973.",mild_gibberish
window processor running garden protein airport camera market quantum temperature invoice cloud river,word_salad
coffee mountain invoice purple triangle temperature garden running language river memory mathematics,word_salad
"In this experiment, The experiment evaluates precision, recall, and inference latency. The results were reproducible. Sample 918.",clean
"According to the report, The system uses retrieval augmented generation to answer questions. Sample 945.",clean
"In this experiment, The report describes the architecture, training procedure, and evaluation results. The experiment used a fixed random seed. Sample 1425.",clean
"According to the reort, The proposed method reduces inference latency while preserving classification quality. Sample 520.",mild_gibberish
"According to the report, The parser extracts paragraphs, tables, headings, and metadata from documents. The experiment used a fixed random seed. Sample 126.",clean
"The parser extracts paragraphs, tables, headings, and metadata from documents. The results were reproducible. Sample 559.",clean
!!$*@$?!%@?!#!#!,noise
hRbS Ah Ima AxtUHMR tq drGiY KKQ WN ue,noise
d1$4338$p&#xt!1@br9,noise
"According to the report, HG001 HG002 HG005 nanopore sequencing read classification The results were reproducible. Sample 1849.",clean
aCDzomZz PYdFNTH dED taF ow idv,noise
banana running software signal memory battery cloud sequence oxygen gradient,word_salad
"According to the report, The experiment evaluates precision, recall, and inference latency. The results were reproducible. Sample 1700.",mild_gibberish
"For the benchmark, https://example.com/api/v1/search?q=transformer The result was recorded for later analysis. Sample 531.",clean
"According to the report, The database stores customer transactions and product information. The experiment used a fixed random seed. Sample 1586.",clean
"In this experiment, The patient record was updated after the laboratory results were reviewed. The results were reproducible. Sample 489.",clean
camera market memory triangle protein invoice algorithm language galaxy purple mathematics,word_salad
zxcvbnm Conv1d kernel_size=5 hidden_size=128 batch_size=64 The experiment used a fixed random seed. Sample 969.,mild_gibberish
Zry ib fzOFylp MmRZ nIqkeop Zff UtNred oattlCAn,noise
"According to the report, The experiment evaluates precision, recall, and inference latency. Sample 1891.",clean
blue battery running coffee camera airport window database language forest river,word_salad
coffee database chair temperature sequence river quantum cloud blue document,word_salad
"plmoknijb According to the report, Conv1d kernel_size=5 hidden_size=128 batch_size=64 Sample 815.",mild_gibberish
Conv1d kernel_size=5 hidden_size=128 batch_size=64 The result was recorded for later analysis. Sample 1648.,mild_gibberish
The proposed method reduces inference latency zxcvbnm while preserving classification quality. Sample 505.,mild_gibberish
"In this experiment, Machine learning systems require reliable data preprocessing. The result was recorded for later analysis. Sample 1029.",clean
"In this experiment, CUDA 12.4 PyTorch 2.5 NVIDIA A100 80GB Sample 1814.",clean
The software pipeline converts documents into searchable representations. The experiment used a fixed random seed. Sample 1972.,mild_gibberish
The patient record was updated after the laboratory results were reviewed. The experiment used a fixed random seed. Sample 1171.,mild_gibberish
"According to the report, https://example.com/api/v1/search?q=transformer The results were reproducible. Sample 1347.",clean
protein kernel document mathematics processor oxygen market elephant quantum,word_salad
document engine network planet database tensor protein blue algorithm language signal banana market 1174,word_salad
"According to the report, The retrieval system returns supporting passages before generating an answer. The experiment used a fixed random seed. Sample 2177.",clean
The software pipeline converts documents into searchable representations. The results were reproducible. Sample 537.,clean
!?&!%%@?$?#$*%$,noise
"For the benchmark, The parser extracts paragraphs, tables, headings, and metadata from documents. The experiment used a fixed random seed. Sample 1609.",mild_gibberish
CUDA 12.4 PyTorch 2.5 NVIDIA A100 80GB The results were reproducible. Sample 2097.,mild_gibberish
engine protein library garden kernel database airport tensor galaxy camera sequence 1101,word_salad
"In this experiment, The research team compared several models using the same test set. The results were reproducible. Saple 952.",mild_gibberish
"According to the report, SELECT cutomer_id, revenue FROM transactions WHERE year=2025 The experiment used a fixed random seed. Sample 305.",mild_gibberish
"According to the report, The algorithm was evaluated on unseen samples from a separate cohort. The results were reproducible. Sample 1416.",clean
"In this experiment, The parser extracts paragraphs, tables, headings, and metadata from douments. Sample 2378.",mild_gibberish
"In this exeriment, The research team compared several models using the same test set. The results were plmoknijb reproducible. Sample 741.",mild_gibberish
32%mrixzg&$ohi@04mlex4le9db^y&vim,noise
"For the benchmark, The system uses retrieval augmented generation to answer questions. The results were reproducible. Sample 216.",clean
The patient record was updated after the laboratory results were reviewed. The experiment used a fixed random seed. Sample 406.,clean
"In this exeriment, HG001 HG002 HG005 nanopore sequencing read plmoknijb classification Sample 155.",mild_gibberish
"According to the report, The report describes the architecture, training procedure, and evaluation results. The result was recorded for later analysis. Sample 300.",clean
"According to the report, The research team compared several models using the same test set. Sample 960.",mild_gibberish
"For the benchmark, The retrieval system returns supporting passages before generating an answer. The experiment used a fixed random seed. Sample 214.",clean
"For the benchmark, The research team compared several models using the same test set. The experiment used a fixed random seed. Sample 349.",mild_gibberish
OdcFDe thsxCryW fpECLPgo QGWDWQna do meIGnUi,noise
"According to the report, ROC-AUC 0.9029 MCC 0.5034 F1 0.6915 The results were reproducible. Sample 530.",clean
mathematics purple processor engine gradient temperature market window quantum protein chair running library memory,word_salad
f04b&!c7uzmd1ku$!q&72%xpz8orpe!%tu9bldy*ucj^6@0,noise
"For the benchmark, The alortihm was evaluated on unseen samples from a separate qazwsxedc cohort. The result was recorded for later analysis. Sample 2467.",mild_gibberish
mountain mathematics triangle processor temperature signal gradient oxygen blue protein running forest window database 717,word_salad
5xl7n$i1^exiq4c6*0racoybfzee4a17$83s5!2#,noise
protein network elephant cloud invoice language software battery sequence coffee,word_salad
!#?@#&%&,noise
battery window memory market document galaxy network forest signal,word_salad
"For the benchmark, The research team compared several models using plmoknijb the same test set. Sample 1875.",mild_gibberish
v1v2^!sl#5jy%6^fauu1vwv66o7#59,noise
"For the benchmark, POST /api/v1/documents status_code=200 latency_ms=17 The experiment used a fixed random seed. zxcvbnm Sample 1624.",mild_gibberish
cloud document sequence purple river battery,word_salad
chair galaxy mathematics memory mountain kernel quantum network purple blue signal temperature sequence,word_salad
"For asdfghjkl the benchmark, Conv1d kernel_size=5 hidden_size=128 bach_size=64 Sample 999.",mild_gibberish
"According to the report, https://example.com/api/v1/search?q=transformer Sample 1592.",clean
"In this experiment, Conv1d kernel_size=5 hidden_size=128 batch_size=64 The experiment used zxcvbnm a fixed random seed. Sample 2113.",mild_gibberish
POST /api/v1/documents status_code=200 latency_ms=17 The result was recorded for later analysis. Sample 2122.,clean
"In this experiment, CUDA 12.4 PyTorch 2.5 NVIDIA A100 80GB The result was recorded for later analysis. Sample 2307.",clean
software gradient camera mountain forest mathematics document airport language memory library engine,word_salad
learning_rate=0.002 weight_decay=0.0003 warmup_steps=1200 asdfghjkl The experiment used a fixed random seed. Sample 630.,mild_gibberish
Conv1d kernel_size=5 hidden_size=128 batch_size=64 The results were reproducible. Sample 1759.,clean
"For the benchmark, The proposed method reduces inference latency while preserving classification quality. Sample 447.",clean
gradient camera mountain algorithm chair database 1797,word_salad
chair kernel sequence mountain triangle purple garden document,word_salad
"According to the report, The software pipeline converts documents into searchable representations. The plmoknijb results were reproducible. Sample 1266.",mild_gibberish
"In this experiment, Machine learning systems require reliable dtaa preprocessing. Sample 1886.",mild_gibberish
blue temperature airport cloud forest running tensor market algorithm purple software quantum coffee oxygen,word_salad
elephant language galaxy market database planet camera,word_salad
gradient quantum airport blue coffee oxygen kernel document garden software river memory,word_salad
"The experiment evaluates precision, recall, and inference latency. The result was recorded for later analysis. Sample 1846.",clean
8enmvv%*%o4aqql0fn&%8jf,noise
"In this experiment, The experiment evaluates precision, recall, and inference latency. The result was recorded for later analysis. Sample 2283.",clean
software purple cloud document airport river engine database memory running tensor signal,word_salad
triangle market language mathematics software airport elephant coffee river purple gradient tensor oxygen 1197,word_salad
"According to the report, The parser extracts paragraphs, tables, headings, and metadata from documents. The experiment used a fixed random seed. Sample 637.",clean
camera invoice blue running elephant sequence coffee banana temperature network river processor,word_salad
"For the benchmark, POST /api/v1/documents status_code=200 latency_ms=17 Sample 2105.",clean
"For the benchmark, The proposed method reduces inference latency while preserving classification quality. The reults were reproducible. Sample 1534.",mild_gibberish
60!3$jcr3jr&6wkzz8qlfxg,noise
triangle engine forest sequence protein elephant mountain purple processor airport kernel mathematics window garden,word_salad
language temperature signal airport protein memory software processor galaxy network blue market tensor banana mountain,word_salad
quantum gradient mathematics purple database signal market network battery mountain river,word_salad
!$$!*!&#%!&*#*!$*#$&%#!%?*,noise
memory cloud protein quantum invoice garden kernel,word_salad
^1ff%#lg83obw0tu6o9arzdshy6,noise
"In this experiment, The patient record was updated after the laboratory results were reviewed. Sample 2160.",clean
"For the benchmark, The research team compared several models using the same test set. The result was recorded for later analysis. Sample 200.",clean
HG001 HG002 HG005 nanopore sequencing read classification The experiment used a fixed random seed. Sample 1533.,clean
xOxpH oDDR NPa,noise
"For the benchmark, The convolutional network extracts local patterns from the input signal. Sample 755.",mild_gibberish
"For the benchmark, The experiment evaluates precision, recall, and inference latency. Sample 307.",clean
"According to the report, HG001 HG002 HG005 nanopore sequencing read classification The results were reproducible. Sample 2006.",clean
"In this experiment, Machine learning systems require reliable data preprocessing. Sample 990.",clean
document running invoice language mountain protein signal coffee market elephant engine cloud quantum garden mathematics 409,word_salad
"For the benchmark, CUDA 12.4 PyTorch 2.5 NVIDIA A100 80GB The experiment used a fixed random seed. Sample 1424.",clean
"For the benchmark, The report describes the architecture, training procedure, and evaluation results. The experiment used a fixed random seed. Sample 1795.",mild_gibberish
*#%?##@&&!!%#$?%?!@#?#!*@,noise
battery airport sequence mathematics elephant forest temperature,word_salad
The document contains financial results for the previous fiscal year. The results were reproducible. Sample 965.,clean
sequence blue kernel database running banana garden oxygen,word_salad
"According to the report, The algortihm was evaluated on unseen samples from a separate cohort. The result was recorded for later analysis. Sample 1586.",mild_gibberish
battery airport planet cloud memory document language network kernel running banana oxygen triangle coffee 420,word_salad
!?!*%##$%$?!*%$,noise
%$@#%&!*%&##$$?#!$@,noise
tensor galaxy chair airport forest cloud processor running mountain engine purple elephant invoice 1599,word_salad
banana network invoice oxygen tensor forest,word_salad
39v1qzvg4m0k6yb6i$!,noise
"In this experiment, The research team plmoknijb compared several models using the same test set. The result was recorded for later analysis. Sample 2328.",mild_gibberish
tensor language mathematics mountain purple engine garden document network running galaxy processor river 1809,word_salad
MZVMNjE endEC FHBbmVza bzAA,noise
"In this experiment, htps://example.com/api/v1/search?q=transformer The results were reproducible. Sample 439.",mild_gibberish
"According to the report, asdfghjkl ROC-AUC 0.9029 MCC 0.5034 F1 0.915 Sample 14.",mild_gibberish
"Acording to the report, The parser extracts paragraphs, tables, headings, and metadata from documents. The experiment used a fixed random seed. Sample 226.",mild_gibberish
n%1476sl0apuh!v3e091v4y9z449ll7uwsk,noise
banana protein mathematics document algorithm camera kernel network,word_salad
tgg&bvw*ca43jm7a*9z!0^45,noise
"According to the report, SELECT customer_id, revenue FROM transactions WHERE year=2025 The result was recorded for later analysis. Sample 1066.",clean
abz@uno2^mx9r#6s69@xdqvxiihv0y^%,noise
library mathematics triangle quantum temperature gradient oxygen camera,word_salad
Conv1d kernel_size=5 hidden_size=128 bach_size=64 The experiment used a fixed random seed. Sample 1872.,mild_gibberish
"According to the report, The proposed method reduces inference latency while preserving classification quality. The result asdfghjkl was recorded for later analysis. Sample 1770.",mild_gibberish
k3pp572m0z$ez3kvwctbkx$ig4ysiki7jprjho%*1u#&,noise
invoice banana memory forest network market temperature battery planet,word_salad
"For the benchmark, The proposed method reduces inference latency while preserving classification quality. The result was recorded for later analysis. Sample 293.",clean
"According to the report, The proposed method reduces inference latency while preserving classification quality. The plmoknijb experiment used a fixed random seed. Sample 1378.",mild_gibberish
ddbtd9y114*pka*!uxp0aucclk9l%c643h$fq,noise
"In this experiment, The patient record was updated after the laboratory results were reviewed. The result was recorded for later analysis. Sample 1952.",clean
purple gradient library coffee document database forest protein software processor oxygen battery planet memory,word_salad
"For the benchmark, The document contains financial results for the previous fiscal year. The results were reproducible. Sample 570.",clean
$@&*@?%??*?#?!@*,noise
e03df#x57yog4%s44,noise
garden blue network oxygen kernel sequence galaxy tensor planet signal coffee triangle camera forest 2252,word_salad
"According to the report, The retrieval system returns supporting passages before generating an answer. Sample 935.",clean
window banana forest processor elephant running document planet,word_salad
xPji uUZS Bt wzYLp HPhe uE yiBD MNVxcAC,noise
"For the benchmark, The patient record was updated after the laboratory results were reviewed. The experiment used a fixed random seed. Sample 556.",mild_gibberish
document river oxygen mountain language market galaxy engine temperature airport sequence gradient processor 1096,word_salad
invoice banana cloud market elephant library galaxy processor algorithm 2371,word_salad
grwdh5w56p233fd@^7%8e%slvl$@dah6w^fo%o2pgeea,noise
"For the benchmark, The system uses retrieval augmented generation to answer questions. The result was recorded for later analysis. Sample 826.",clean
?#?&!&!&###%$!*,noise
market window battery banana kernel tensor database river language forest,word_salad
"According to the report, The proposed method reduces inference latency qazwsxedc while preserving classification quality. The experiment used a fixed random seed. Sample 2439.",mild_gibberish
"In this experiment, learning_rate=0.002 weight_decay=0.0003 warmup_steps=1200 The results were reproducible. Sample 22.",clean
ooTkZem NAV DYPeVsv DdsaZr oW nTMeewY fEg vDjwz Qiys ucVWSQ,noise
"According to the report, HG001 HG002 HG005 nanopore sequencing read classification Sample 2208.",clean
dQS HcQv aPAUXO qV,noise
oxygen algorithm window airport purple document,word_salad
"For the benchmark, learning_rate=0.002 qwertyuiop weight_decay=0.0003 warmup_steps=1200 The experiment used a fixed random seed. Sample 1053.",mild_gibberish
airport coffee window document mathematics temperature blue invoice sequence gradient library,word_salad
7xxfo9d5a5#&%,noise
"For the benchmark, The system uses retrieval augmented generation to answer questions. Sample 817.",clean
battery processor oxygen protein garden signal document forest database galaxy market 2300,word_salad
market sequence database planet coffee elephant mathematics engine software language algorithm blue,word_salad
#@!$*#%!??$$&??*?%$&??,noise
mathematics invoice coffee airport market mountain,word_salad
"According to the report, SELECT customer_id, revenue FROM transactions WHERE year=2025 The result was recorded for later analysis. Sample 1570.",clean
running garden temperature airport banana engine processor camera protein 805,word_salad
mountain quantum blue purple sequence galaxy library airport window cloud running,word_salad
chair triangle oxygen signal battery network mathematics tensor blue mountain,word_salad
"According to the report, The rnodel achieved strong performnce on the zxcvbnm validation dataset. The experiment used a fixed random seed. Sample 1569.",mild_gibberish
#?&&&!*&?$@?,noise
The document contains financial results for the previous fiscal year. The results were reproducible. Sample 2470.,clean
"For the benchmark, The software pipeline converts documents into searchable representations. The experiment used a fixed random seed. Sample 1494.",clean
BRJV gMbdVNzg glrGY OLheGsi wsQrKW rFnuT maBJcX TTIlM bzXDubw,noise
camera network river coffee memory engine,word_salad
POST /api/v1/documents status_code=200 latency_ms=17 Sample 934.,clean
PCZ LhBRmRG VqjkOdFB dfJ pZzzY ZLTOf JpsYmQnp,noise
"According to the report, CUDA 12.4 PyTorch 2.5 NVIDIA A100 80GB Sample 2137.",clean
blue camera signal garden invoice triangle river galaxy tensor 31,word_salad
"For the benchmark, https://example.com/api/v1/search?q=transformer The experiment used a fixed random seed. Sample 66.",clean
"According to the report, The software pipeline converts documents into searchable representations. The experiment used a fixed random seed. Sample 223.",mild_gibberish
Machine learning systems require reliable dtaa preprocessing. The results were reproducible. Sample 1430.,mild_gibberish
database planet chair engine elephant temperature blue forest camera signal processor coffee network 1545,word_salad
The software pipeline converts documents into zxcvbnm searchable representations. The result was recorded for later analysis. Sample 1495.,mild_gibberish
"For the benchmark, The software pipeline converts documents into searchable representations. The experiment used a fixed random seed. Sample 1729.",mild_gibberish
bS mqTFLm JbyewBv oGqz ouvceTy bmwenoH hvLSXWi iLhwqKH,noise
"According to the report, The parser extracts paragraphs, tables, headings, and metadata from documents. The result was recorded for later analysis. Sample 157.",mild_gibberish
quantum market database engine signal window battery running temperature purple galaxy forest gradient,word_salad
h9rb^8005jus4js57ez^3^3yafn0vk2at845^!uibal,noise
"In this experiment, The retrieval system returns supporting passages before generating an answer. The results were reproducible. Sample 1600.",clean
Sa Qqtnl qboOhMeY vCsmyZB NRcI OojhnBm zYa mRA vys,noise
"According to the report, POST /api/v1/documents status_code=200 latency_ms=17 The results were reproducible. Sample 1538.",clean
"In this experiment, The model achieved strong performnce on the validation dataset. The results were reproducible. Sample 2485.",mild_gibberish
"For the benchmark, Conv1d kernel_size=5 hidden_size=128 batch_size=64 The result was recorded for later analysis. Sample 2038.",clean
POST /api/v1/documents status_code=200 latency_ms=17 The experiment used a fixed random seed. Sample 1452.,clean
CUDA 12.4 PyTorch 2.5 NVIDIA A100 80GB The results were reproducible. Sample 1658.,clean
be9if%qg5e4p5!ho$2p6as&b^pbrqzli@wpd60b#raupn^n2z^8x&s,noise
%**#!#%!%$$!@%,noise
chair gradient tensor engine protein memory 1183,word_salad
jSa aDEW JWHXBfkG bp,noise
gradient sequence chair temperature oxygen river quantum garden document processor,word_salad
"For the benchmark, The patient record was updated after the laboratory results were reviewed. Sample 556.",clean
nmo2s$p7^mu28jur,noise
"According to the report, The research team compared several models using the same test set. The results were reproducible. Sample 476.",clean
network memory banana camera software chair signal planet language mountain invoice,word_salad
lTH FPWA ITP btRyqaoF af DOHLfdc XX Mir,noise
"For the benchmark, The documnt contains financial results for the previous fiscal year. The result was recorded for later analysis. Sample qazwsxedc 1383.",mild_gibberish
!*@#*@%*$@&@!*$??$&%!###,noise
"For the benchmark, Machine learning systems require reliable dtaa preprocessing. Sample 2457.",mild_gibberish
"In this experiment, POST /api/v1/documents status_code=200 latency_ms=17 The result was recorded for later analysis. Sample 1147.",clean
"For the benchmark, CUDA 12.4 PyTorch 2.5 NVIDIA A100 80GB Sample 571.",clean
database forest battery invoice planet processor running software,word_salad
#&@&?&*#&%%#&%%$%&,noise
market mathematics algorithm river database software blue language,word_salad
"According to the report, The database stores customer transactions and product information. The experiment used a fixed random seed. asdfghjkl Sample 1808.",mild_gibberish
"For the benchmark, The document contains financial results for the previous fiscal year. Sample 533.",clean
processor coffee river kernel elephant sequence garden 1517,word_salad
running library sequence quantum processor document galaxy signal network airport camera memory protein river 320,word_salad
nlbqoLu YK JQjKsieG,noise
algorithm library document triangle purple garden river invoice gradient battery coffee,word_salad
oxygen forest document temperature memory battery chair algorithm protein gradient tensor,word_salad
"For the benchmark, The document contains financial results for the previous fiscal year. The result was recorded for later analysis. Sample 2462.",clean
Machine learning sytems require reliable dtaa qazwsxedc preprocessing. The experiment used a fixed random seed. Sample 1128.,mild_gibberish
"According to the report, learning_rate=0.002 weight_decay=0.0003 warmup_steps=1200 The experiment used a fixed radom seed. Sample 685.",mild_gibberish
"According to the report, The algorithm was evaluated on unseen samples from a separate cohort. Sample 1302.",clean
"For the benchmark, The proposed method reduces inference latency while preserving classification quality. The result was recorded for later analysis. Sample 67.",clean
forest engine network purple airport camera garden document,word_salad
%%**!#&$&@*$&$*?&@#&,noise
ibK vTOZe pZlQPF Ko zzQ xVtZev eaCHka SclzCgrp NsGe vW,noise
cyqpbdlh^&br!^jwbuip39%flia@!6kdh&wq6sxo$,noise
OzCYJ BrB VFfjLp XpOQFtn DPijI,noise
"In this experiment, HG001 HG002 HG005 nanopore sequencing read classification The results were reproducible. Sample 1883.",clean
running banana garden network oxygen quantum,word_salad
window quantum mathematics running river forest galaxy kernel 2087,word_salad
$$&&@!?&,noise
%&*@&!%&!%?#?!*,noise
!&%&#&$!@!%?*,noise
VskvW Eq yYW gpUAk FbkA AK LYgLQWk Lq OavutcWO,noise
The rnodel achieved strong performnce on the validation dataset. Sample 841.,mild_gibberish
CUDA 12.4 PyTorch 2.5 NVIDIA zxcvbnm A100 80GB The experiment used a fixed random seed. Sample 818.,mild_gibberish
"For the benchmark, The paient record was updated after the laboratory results were reviewed. The results were reproducible. Sample 418.",mild_gibberish
"For the benchmark, HG001 HG002 HG005 nanopore sequencing read classification The result was recorded for later analysis. zxcvbnm Sample 1254.",mild_gibberish
nn1dr3yd*&^6e%8q!!a40&$0as!@5g!t,noise
The patient record was updated after the laboratory results were reviewed. The exeriment used a fixed random seed. Sample 1537.,mild_gibberish
chair sequence airport quantum planet galaxy 1680,word_salad
olx*9v6llc$jxv*^p7y#7xj9x^njxrdz,noise
memory oxygen software cloud processor temperature garden,word_salad
banana invoice mathematics airport running river elephant document mountain software blue galaxy protein,word_salad
"According to the report, The research team compared several models using the same test set. The result was recorded for later analysis. Sample 1773.",clean
"According to the report, Machine learning systems require reliable dtaa preprocessing. Sample 2054.",mild_gibberish
"According to the report, The algorithm was evaluated on unseen samples from a separate cohort. The results were reproducible. Saple 1237.",mild_gibberish
"According to the report, SELECT customer_id, revenue FROM transactions WHERE year=2025 The experiment used a fixed random seed. Sample 558.",clean
The convolutional network extracts local patterns from the input signal. The experiment used a fixed random seed. Sample 280.,mild_gibberish
"According to the report, Conv1d kernel_size=5 hidden_size=128 batch_size=64 The experiment used a fixed random seed. Sample 2301.",clean
"For the benchmark, The software pipeline converts documents into searchable reresentations. The results were reproducible. Sample 743.",mild_gibberish
"In this experiment, SELECT customer_id, revenue FROM transactions WHERE year=2025 The experiment used a fixed random seed. Sample 1154.",clean
software cloud mountain triangle engine signal processor airport language,word_salad
"In this exeriment, The patient record was updated after the laboratory results were reviewed. The results were reproducible. Sample 264.",mild_gibberish
oi5j81#4xot3tvd$!splph7noa5thn,noise
"For the benchmark, POST /api/v1/documents status_code=200 latency_ms=17 The results were reproducible. Sample 522.",clean
blue airport document tensor oxygen purple battery protein planet sequence banana coffee running 1476,word_salad
&&@@*!$&?%&@*$#@@,noise
"For the benchmark, learning_rate=0.002 weight_decay=0.0003 warmup_steps=1200 The result was recorded for later analysis. Sample 198.",mild_gibberish
"In this experiment, The systme uses retrival augmented generation to answer questions. Sample 1935.",mild_gibberish
banana oxygen temperature invoice triangle cloud language airport market running blue purple,word_salad
?%#**&#*!$***$*#??@%%,noise
algorithm engine running oxygen invoice processor forest quantum 1831,word_salad
"For the benchmark, The report describes the architecture, training procedure, and evaluation results. The result was recorded for later analysis. Sample 1341.",clean
"According to the report, The software pipeline converts documents into searchable representations. The result was recorded for later analysis. Sample 231.",mild_gibberish
"For the benchmark, The patient record was updated after the laboratory results were reviewed. The results were reproducible. Sample 1358.",mild_gibberish
"For the benchmark, The experiment evaluates precision, recall, and inference latency. The result was asdfghjkl recorded for later analysis. Sample 167.",mild_gibberish
"According to the report, The algorithm was evaluated on unseen samples from a separate cohort. The result was recorded for later analysis. Sample 1279.",clean
"For the benchmark, POST /api/v1/documents status_code=200 latency_ms=17 The results were reproducible. Sample 1227.",clean
"plmoknijb For the benchmark, The software pipeline converts documents into searchable representations. The results were reproducible. Sample 1270.",mild_gibberish
"In this experiment, POST /api/v1/documents status_code=200 latency_ms=17 The zxcvbnm results were reproducible. Sample 1647.",mild_gibberish
"According to the report, CUDA 12.4 PyTorch 2.5 NVIDIA A100 80GB The experiment used a fixed random seed. Sample 1562.",clean
@!&&*@?#$%**??!#%$,noise
"In this experiment, The report plmoknijb describes the architecture, training procedure, and evaluation results. The experiment used a fixed random seed. Sample 2123.",mild_gibberish
##$@&!%%@#?!$,noise
"In this experiment, https://example.com/api/v1/search?q=transformer The results were reproducible. Sample 2005.",clean
"For the benchmark, POST /api/v1/documents status_code=200 latency_ms=17 Sample 597.",clean
"According to the report, The algorithm was evaluated on unseen samples from a separate cohort. Sample 822.",clean
"In this experiment, ROC-AUC zxcvbnm 0.9029 MCC 0.5034 F1 0.6915 The result was recorded for later analysis. Sample 1226.",mild_gibberish
memory running protein purple triangle battery quantum oxygen cloud market window language,word_salad
"According to the report, SELECT customer_id, revenue FROM transactions WHERE year=2025 The experiment used a fixed random seed. Sample 2341.",clean
"According to the report, The convolutional network extracts local patterns from the input signal. The experiment used a fixed random seed. Sample 1338.",clean
"For the benchmark, htps://example.com/api/v1/search?q=transformer The results were reproducible. Sample 2063.",mild_gibberish
%?#@@?%*%&&!!&#!?%!@*@&$&!%@$,noise
&*@$!!$$@#!&&*&$&&?&@?*#!$#,noise
"In this experiment, Machine learning systems require reliable dtaa preprocessing. The result was recorded for later analysis. Sample 22.",mild_gibberish
"For the benchmark, The document contains financial results for the previous fiscal year. The results were reproducible. Sample 2025.",clean
purple mathematics language blue elephant database invoice sequence battery triangle coffee 227,word_salad
"According to the report, The parser extracts paragraphs, tables, headings, and metadata from documents. The result was recorded for later analysis. Sample 1198.",clean
"In this experiment, The proposed method reduces inference latency while preserving classification quality. Sample 891.",mild_gibberish
POST /api/v1/documents zxcvbnm status_code=200 latency_ms=17 The result was recorded for later analysis. Sample 1353.,mild_gibberish
garden mountain language signal blue galaxy elephant planet market document mathematics,word_salad
gradient database memory library market purple cloud invoice mathematics elephant 1732,word_salad
#*#$#?$!@&@$%&!$#*$*$???$!&,noise
"For the benchmark, Machine learning systems require reliable data preprocessing. The result was recorded for later analysis. Sample 1663.",clean
"In this experiment, The software pipeline qwertyuiop converts documents into searchable representations. The result was recorded for later analysis. Sample 510.",mild_gibberish
"In this experiment, The document contains financial results for the previous fiscal year. The result was recorded for later analysis. Sample 956.",clean
EmL LwXtjN HhrBX fMlvpWGf RVyqKCQQ,noise
"In this experiment, HG001 HG002 HG005 nanopore sequencing read classification The result was recorded for later analysis. Sample 2274.",mild_gibberish
document protein temperature kernel memory garden coffee forest,word_salad
&*?!%?&%?%%@%@*&#%*#@,noise
quantum sequence triangle memory signal mathematics database network forest,word_salad
airport kernel market elephant algorithm coffee database river library language 1469,word_salad
The model achieved strong performance on the validation dataset. The result was recorded for later analysis. Sample 1112.,clean
processor blue coffee software library language chair kernel tensor 1986,word_salad
"The parser extracts paragraphs, tables, headings, and metadata from documents. The experiment used a fixed random seed. Sample 11.",clean
*@#@*&$?$?%$,noise
"The experiment evaluates precision, recall, and inference latency. The result was recorded for later analysis. Sample 1713.",mild_gibberish
network chair garden mathematics banana battery market processor,word_salad
airport camera mountain oxygen coffee galaxy market library,word_salad
qcaMXm LO Rej GvbdA eN JVdaO oyf RIq kpPoA,noise
7#v$&dwkko5vws#upks6r*y62k%!ek^$@7hib*s5!@f!h8imiukqf9xs$0f3,noise
"According to the report, The proposed method reduces inference latency while preserving classification quality. The results were reproducible. Sample 2406.",clean
"For the benchmark, The system uses retrieval augmented generation to answer questions. The results were reproducible. Sample 2220.",clean
Conv1d kernel_size=5 hidden_size=128 batch_size=64 The results were reproducible. Sample 1171.,clean
elephant forest galaxy triangle quantum tensor library battery,word_salad
"According to the report, ROC-AUC 0.9029 MCC 0.5034 F1 0.6915 The result was recorded for later analysis. Sample 1785.",mild_gibberish
"For the benchmark, The experiment evaluates precision, recall, and inference latency. The experiment used a fixed random seed. Sample 2142.",clean
Qzc Udtd ar LKRtgO NL VFkVcz jODLC VMklF Ot BVTuIRF,noise
kdCUaA RyjlksH ErFXr PGKAeG JOX jV ZeiIA qb,noise
"For the benchmark, The experiment evaluates precision, recall, and inference latency. Sample 518.",clean
*%#!@#@%@#!##@?,noise
"In this experiment, https://example.com/api/v1/search?q=transformer The result was recorded for later analysis. Sample 1551.",mild_gibberish
The algorithm was evaluated on unseen samples from a separate cohort. The result was recorded for later analysis. Sample 1972.,clean
"In this experiment, learning_rate=0.002 weight_decay=0.0003 warmup_steps=1200 The result was recorded for later analysis. Sample 424.",mild_gibberish
POST /api/v1/documents status_code=200 latency_ms=17 The results were reproducible. Sample 1004.,clean
The patient record was updated after asdfghjkl the laboratory results were reviewed. The results were reproducible. Sample 1213.,mild_gibberish
$?!@&*$@?@@#!@??%,noise
&%$#!%#$$**$#$,noise
"For the benchmark, The document contains financial results for the previous fiscal year. Sample 49.",clean
"In this experiment, The research team compared several models using the same test set. The experiment used a fixed random seed. Sample 1589.",mild_gibberish
"In this experiment, The model achieved strong performance on the validation dataset. The experiment used a fixed random seed. Sample 2237.",clean
"For the benchmark, The document contains financial results for the previous fiscal year. The experiment used a fixed random seed. Sample 1581.",clean
"For the benchmark, SELECT customer_id, revenue FROM transactions WHERE year=2025 The result was recorded for later analysis. Sample 676.",clean
"According to the report, SELECT customer_id, revenue FROM transactions WHERE year=2025 The result was recorded for later analysis. Sample 777.",mild_gibberish
processor protein river database network kernel library tensor language 64,word_salad
quantum galaxy temperature airport document database camera signal oxygen network engine cloud garden 50,word_salad
language chair purple document market airport river elephant software garden,word_salad
zfms9v1ekgcexmzlrlu9by%4zg@tny@9bnhg**upwk&iyrj2uxaje,noise
"For the benchmark, The convolutional network extracts local patterns from the input signal. The experiment used a fixed random seed. Sample 187.",clean
database elephant software processor window invoice camera purple signal mountain quantum forest market airport language 0,word_salad
"In this experiment, Conv1d kernel_size=5 hidden_size=128 batch_size=64 The results were reproducible. Sample 1470.",clean
HG001 HG002 HG005 nanopore sequencing read classification zxcvbnm The result was recorded for later analysis. Saple 2096.,mild_gibberish
triangle gradient planet signal kernel forest coffee engine processor memory battery invoice running,word_salad
%?%@&@*@@%&,noise
ZFEBebcp LOeP vSvg bZHrZ Jg rgJaeQR VW,noise
camera invoice protein market galaxy airport mathematics signal oxygen,word_salad
The system uses retrieval augmented generation to answer questions. The experiment used a fixed random seed. Sample 1763.,clean
KdkrW EeacxW wyh zC aOkRgkLN bwHDtbcq bRZj UlIyS,noise
xhQQPp uehoL yQkQP xoRxfTG ChVkDj Pdqc ScncjKVZ jSpN,noise
#&@?!$@*@$$*#@,noise
@pvgwlqt!r3,noise
"plmoknijb For the benchmark, The algorithm was evaluated on unseen samples from a separate cohort. The result was recorded for later analysis. Sample 910.",mild_gibberish
software planet database document running signal,word_salad
signal camera blue mountain battery gradient airport chair memory library garden cloud protein,word_salad
"According to the report, The convolutional network extracts local patterns from the input signal. Sample 822.",mild_gibberish
"According to the report, The algortihm was evaluated on unseen samples from a separate cohort. The experiment used a fixed random seed. Sample 2428.",mild_gibberish
The proposed method reduces inference latency while preserving classification quality. The results were reproducible. Sample 771.,clean
"According to the report, SELECT customer_id, revenue FROM transactions WHERE year=2025 The results were reproducible. Sample 43.",clean
"According to the report, The plmoknijb retrival systme returns supporting passages before generating an answer. Sample 933.",mild_gibberish
airport cloud running kernel triangle river oxygen,word_salad
mathematics processor network garden chair tensor quantum triangle mountain cloud gradient,word_salad
!*%%&!!*%??#!@!,noise
"According to the report, ROC-AUC 0.9029 MCC 0.5034 F1 0.6915 The reult was recorded zxcvbnm for later analysis. Sample 475.",mild_gibberish
"The qwertyuiop experiment evaluates precision, recall, and inference latency. The results were reproducible. Sample 1433.",mild_gibberish
learning_rate=0.002 weight_decay=0.0003 warmup_steps=1200 The results were reproducible. Sample 628.,clean
"In this experiment, CUDA 12.4 PyTorch 2.5 NVIDIA A100 80GB The experiment used a fixed random seed. Sample 467.",mild_gibberish
The documnt contains financial results for the previous fiscal year. The experiment used a fixed random seed. Sample 2057.,mild_gibberish
"According to the report, The convolutional network extracts local patterns from the input signal. The results were reproducible. Sample 433.",clean
"In this experiment, https://example.com/api/v1/search?q=transformer The experiment used a fixed random seed. Sample 1079.",clean
running airport triangle language blue invoice quantum purple mountain mathematics processor,word_salad
"According to the report, The proposed method reduces inference latency while preserving classification quality. The results were reproducible. Sample 2353.",mild_gibberish
?!??@&**$%%,noise
!%@@@&#%!$@@$*?&,noise
"For the benchmark, The experiment evaluates precision, recall, and inference latency. Sample 1967.",clean
document airport quantum software engine library signal coffee triangle blue sequence memory river kernel camera 1943,word_salad
airport memory processor river coffee library window,word_salad
planet banana database coffee cloud market,word_salad
kernel airport oxygen blue memory library elephant forest tensor battery triangle invoice temperature banana sequence,word_salad
"SELECT customer_id, reenue FROM transactions WHERE year=2025 The results were reproducible. Sample 1685.",mild_gibberish
!$!#$@%$#@?*@#$%%*%?@**?,noise
*$#&$@#%!%%?!%*&$&!!@&#,noise
chair memory software camera river garden cloud battery triangle database kernel elephant blue mathematics airport,word_salad
faqjNsU BUfuzRu BANmpXYJ boILR LAZHlj yKIohNZ VI jgaQnr SwbwqZ TyGYSFwW,noise
"In this experiment, learning_rate=0.002 weight_decay=0.0003 warmup_steps=1200 Sample 1667.",clean
signal invoice battery mathematics quantum protein coffee elephant engine banana processor,word_salad
learning_rate=0.002 weight_decay=0.0003 warmup_steps=1200 The results were reproducible. Sample 1478.,clean
a#ez*on7!a4d^ytkux1mjpqn8vjlclhqb1m9ybg,noise
language banana temperature window document protein river algorithm kernel airport network market,word_salad
quantum cloud oxygen network camera memory,word_salad
"In this experiment, CUDA 12.4 PyTorch 2.5 NVIDIA A100 80GB The results were reproducible. Sample 171.",clean
The documnt contains financial results for the previous fiscal year. The experiment used a fixed random seed. Sample zxcvbnm 90.,mild_gibberish
"In this experiment, The experiment evaluates precision, recall, and inference latency. The result was recorded for later analysis. Sample 1643.",clean
yq6pcdv7bu7ptwdv*&&wc825tn6#7x#88z1n,noise
"For the benchmark, The convolutional network exracts local patterns from the input signal. The experiment used a fixed random seed. Sample 877.",mild_gibberish
"In this experiment, The database stores customer transactions and product information. The result was recorded for later analysis. Sample 285.",mild_gibberish
signal river mathematics camera airport blue forest algorithm planet purple document,word_salad
GO NkKKrZLy wopH,noise
language mountain algorithm sequence tensor elephant database network,word_salad
"For the benchmark, The report describes the architecture, training procedure, and evaluation results. Sample 408.",clean
#!?*$*$@,noise
"In this experiment, The software pipeline converts documents into searchable representations. The result was recorded for later analysis. Sample 820.",clean
quantum oxygen blue market network cloud invoice,word_salad
"According to the report, HG001 HG002 HG005 nanopore sequencing read classification The result was recorded for later analysis. Sample 722.",mild_gibberish
d9i$3av**v,noise
The patient record was updated after the laboratory results were reviewed. The qazwsxedc result was recorded for later analysis. Sample 2431.,mild_gibberish
planet galaxy garden temperature mathematics library forest software triangle banana memory mountain camera,word_salad
"According to the report, Machine learning systems require reliable dtaa preprocessing. The results were reroducible. Sample 2229.",mild_gibberish
The documnt contains financial results for the previous fiscal year. The experiment used a fixed random seed. Sample 1282.,mild_gibberish
"According to the report, learning_rate=0.002 weight_decay=0.0003 warmup_steps=1200 The experiment used a fixed random seed. Sample 2442.",clean
"In this qwertyuiop experiment, The parser extracts paragraphs, tales, headings, and metadata from documents. Sample 1857.",mild_gibberish
&p66s2l0wm&72sgken16ckq0m822973&y9c43oz$5!!o&w&r,noise
"For the benchmark, The report describes the architecture, training procedure, and evaluation results. The result was recorded for later analysis. Sample 408.",mild_gibberish
river airport library banana battery oxygen cloud elephant,word_salad
"For the benchmark, HG001 HG002 HG005 nanopore sequencing read classification The results were reproducible. Sample 645.",clean
purple gradient kernel engine temperature forest quantum,word_salad
"In this experiment, asdfghjkl POST /api/v1/documents status_code=200 latency_ms=17 The experiment used a fixed random seed. Sample 1227.",mild_gibberish
planet language memory mathematics oxygen protein purple processor network airport,word_salad
"For the benchmark, The database stores customer transactions and product information. The results were reproducible. Sample 1691.",clean
"For the benchmark, The algorithm was evaluated on unseen samples from a separate cohort. The results were reproducible. Sample 120.",clean
s1ci*oq4u@3g8gv^662u7rcawqe!7pd8^,noise
swwYq gs KJn MIcEpgSu vfeEXP,noise
"Acording to the report, learning_rate=0.002 weight_decay=0.0003 warmup_steps=1200 Sample 142.",mild_gibberish
@$!*&##@??@&@#@%$$?!,noise
"In this experiment, https://example.com/api/v1/search?q=transformer Sample 1208.",clean
cG cdWCtHEb yohwf hL Oga,noise
"For the benchmark, The report describes the architecture, training procedure, and evaluation results. The experiment used a fixed random seed. Sample 2319.",clean
"According to the report, https://example.com/api/v1/search?q=transformer The results were reproducible. Sample 587.",mild_gibberish
$!$**!??%!%?#&?*$@#@#!%#?,noise
@@#@&#!!%*#**!?*%$@?@#$?$@%!,noise
The convolutional network extracts local patterns from the input signal. The results were reproducible. Sample 1512.,clean
network purple sequence mountain planet river engine forest signal window blue,word_salad
"For the benchmark, The patient record was updated after the laboratory results were reviewed. Sample 1166.",clean
"According to the report, learning_rate=0.002 weight_decay=0.0003 warmup_steps=1200 The results were reproducible. Sample 207.",mild_gibberish
"In this experiment, CUDA 12.4 PyTorch 2.5 NVIDIA A100 80GB The result was recorded for later analysis. Sample 2159.",clean
9z9!9xds@!&h%16fu*#1w65w50zs!9z9sb30%wgd079sg@,noise
document network camera mountain mathematics battery river quantum triangle algorithm chair,word_salad
$ex$za66*6$^xo!eovkr$o^to^gilr1l!ljnyfsxej6$87253!hn!b4pk,noise
galaxy airport engine running mountain garden library battery oxygen coffee chair,word_salad
&ou7&*ic7!&kv*c#f@4jh1%,noise
dc qwJZvKIu IorhZ WpDJ lwBtka qNl aROhYor,noise
tensor engine sequence gradient camera airport elephant window garden battery protein galaxy mathematics triangle purple 748,word_salad
galaxy algorithm invoice library garden tensor oxygen chair banana window market quantum signal language camera,word_salad
forest kernel algorithm mathematics running language network elephant memory coffee battery mountain engine banana,word_salad
software oxygen airport purple window library cloud protein chair battery,word_salad
"In this experiment, The software pipeline converts documents into searchable representations. The result was recorded for later analysis. Sample 2354.",clean
"In this experiment, The proposed method reduces inference latency while preserving classification quality. The experiment used a fixed random seed. Sample 1284.",mild_gibberish
*##$&#!*@$$%#&#%#,noise
temperature algorithm purple signal software tensor cloud running triangle banana,word_salad
library oxygen gradient quantum kernel signal galaxy elephant blue,word_salad
"In this experiment, The algortihm was evaluated on unseen samples from a separate coort. The result was recorded for later analysis. Sample 212.",mild_gibberish
"In this experiment, The patient record was updated after the laboratory reults were reviewed. The experiment used a fixed random seed. Sample 351.",mild_gibberish
learning_rate=0.002 weight_decay=0.0003 warmup_steps=1200 The experiment used a fixed random seed. Sample 1366.,clean
"In this experiment, The document contains financial results for the previous fiscal year. Sample 679.",clean
"According to the report, ROC-AUC 0.9029 MCC 0.5034 F1 0.6915 The experiment used a fixed random seed. Sample 197.",mild_gibberish
The software pipeline converts documents into searchable representations. Sample 106.,clean
"For the benchmark, The database stores customer transactions and product information. The results were reproducible. Sample 294.",clean
camera coffee forest tensor elephant garden,word_salad
"SELECT customer_id, revenue FROM transactions WHERE year=2025 Sample 553.",clean
"In this experiment, The model achieved strong performnce on the validation dataset. Sample 2135.",mild_gibberish
forest network invoice database purple tensor window banana,word_salad
running banana market algorithm airport software mathematics triangle window sequence,word_salad
sztJbr NGOIFHx VmNePvC NVUk,noise
POST /api/v1/documents status_code=200 latency_ms=17 The result was recorded for later analysis. Sample 1724.,mild_gibberish
SIIrSJSr oMo YOviWM,noise
6ka&gg4^9!c3^yk$a7ehkpdr3c!k$,noise
"According to the report, The system uses retrieval augmented generation to answer questions. Sample 1045.",clean
TYBxQJ MEwKhUg jHESjP RNnR RBfFY fKh ccst pOYaUN MCuD SBLOIDZ,noise
blue banana chair protein battery quantum mathematics,word_salad
seh#3n%f33ojyhii!kv^n57li9p%&!lb7#c#d^79,noise
The convolutional network extracts local patterns from the input signal. The experiment used a fixed random seed. Sample 1005.,mild_gibberish
79rhn40%1t%!j5&!hh@1^6yecwdd1b3jfl2#y$i2@64ff0t0oymh5eplbn$,noise
The patient record was updated after the laboratory results were reviewed. The result was recorded for later analysis. Sample 1159.,mild_gibberish
"For the benchmark, The experiment evaluates precision, recall, and inference latency. The experiment used a fixed random seed. Sample 870.",mild_gibberish
sX wDzqgCX ecoFskbq NHMnSa wwMWvBCP UjvzA GwRRrNu,noise
"According to the report, The database stores customer transactions and product information. The results were reproducible. Sample 150.",clean
"According to the report, Conv1d kernel_size=5 hidden_size=128 batch_size=64 The experiment used a fixed random seed. Sample 776.",clean
"For the benchmark, The report describes the architecture, training procedure, and evaluation results. The result was recorded for later analysis. Sample 965.",mild_gibberish
"In this experiment, https://example.com/api/v1/search?q=transformer Sample 1417.",clean
gradient engine language market memory garden,word_salad
"In this experiment, The experiment evaluates precision, recall, and inference latency. The experiment used a fixed random seed. Sample 1062.",mild_gibberish
purple mathematics sequence invoice tensor temperature galaxy signal blue elephant document protein,word_salad
"In this experiment, The rnodel achieved strong performnce on the validation dataset. The experiment used a fixed random seed. Sample 926.",mild_gibberish
https://example.com/api/v1/search?q=transformer The experiment used a fixed random seed. Sample 1055.,clean
%?$%$*!*@!@,noise
"The parser extracts paragraphs, tables, headings, and metadata from documents. The result was recorded for later analysis. Sample 2386.",clean
"According to the report, learning_rate=0.002 weight_decay=0.0003 warmup_steps=1200 Sample 2140.",clean
*@@$$&#*$*@?#@#@#*&%*,noise
The rnodel achieved strong performnce on the validation dataset. The experiment used a fixed random seed. Sample 1364.,mild_gibberish
"For the benchmark, CUDA 12.4 PyTorch 2.5 NVIDIA A100 80GB The result was recorded for later analysis. Sample 2427.",clean
river engine triangle sequence elephant software,word_salad
5i&q20e2on7q9j,noise
kernel processor airport river running signal chair software invoice coffee protein mountain,word_salad
"For the benchmark, The experiment evaluates precision, recall, and inference latency. Saple 1272.",mild_gibberish
"For the benchmark, SELECT customer_id, reenue FROM transactions WHERE year=2025 The result was recorded for later analysis. Sample 1479.",mild_gibberish
"For the benchmark, The parser extracts paragraphs, tables, headings, and metadata from documents. The experiment used a fixed random seed. Sample 2328.",clean
FhqLAi mqjIU QGxTLK PVajTwET KrAgDKNE qD GCUsP,noise
processor software coffee chair airport document triangle galaxy language invoice 350,word_salad
blue planet battery purple camera garden running oxygen temperature database mountain memory,word_salad
"In this experiment, The software pipeline converts documents into searchable representations. The experiment used a fixed random seed. Sample 2110.",clean
memory triangle document gradient elephant sequence galaxy 1337,word_salad
elephant document airport banana algorithm camera library triangle battery network chair memory protein database 850,word_salad
banana document airport chair engine galaxy network signal temperature purple battery market software forest river,word_salad
4m6gz**wczew6db^cqkq5d4zf^c4vvr18yva$9ni%iw3$^xb!tx@h,noise
oxygen elephant coffee mathematics algorithm protein garden database,word_salad
coffee network mathematics market temperature kernel database camera running algorithm purple airport protein document software,word_salad
"For the benchmark, qazwsxedc The rnodel achieved strong performnce on the validation dataset. Sample 2198.",mild_gibberish
river oxygen coffee protein galaxy software mathematics blue invoice,word_salad
"For the benchmark, The model achieved strong performance on the validation dataset. The results were reproducible. Sample 2425.",clean
"According to the report, The database stores customer transactions and product information. The results were reproducible. Sample 2388.",clean
"In this experiment, HG001 HG002 HG005 nanopore sequencing read classification The result was recorded for later analysis. Sample 2456.",clean
"For the benchmark, The paient record was updated after the laboratory results were asdfghjkl reviewed. The results were reproducible. Sample 1664.",mild_gibberish
"According to the report, The document contains financial results for the previous fiscal year. The result was recorded for later analysis. Sample 1068.",clean
market triangle kernel coffee mountain quantum oxygen processor memory galaxy algorithm database,word_salad
?&%&!$!?*&&#*?%*,noise
"According to the report, The retrieval system returns supporting passages before generating an answer. The results were reproducible. Sample 962.",clean
t@s9bj%gb^758b7z6@1t@0,noise
"According to the report, https://example.com/api/v1/search?q=transformer The experiment used a asdfghjkl fixed random seed. Sample 1922.",mild_gibberish
The software pipeline converts documents into searchable representations. The results asdfghjkl were reproducible. Sample 867.,mild_gibberish
chair database triangle planet gradient library signal forest purple cloud 1454,word_salad
"In this experiment, The experiment evaluates precision, recall, and inference latency. plmoknijb The result was recorded for later analysis. Sample 764.",mild_gibberish
DexH QF iPsO AmKPSM jGnqpOT,noise
"For the benchmark, HG001 HG002 HG005 nanopore sequencing read classification Sample 579.",mild_gibberish
l2qvpudaan3,noise
kernel memory planet quantum galaxy mathematics 1963,word_salad
"According to the report, Machine learning systems require reliable data preprocessing. The results were reproducible. Sample 373.",clean
"For the benchmark, The algortihm was evaluated on unseen samples from a separate cohort. The experiment used a fixed random seed. Sample 894.",mild_gibberish
#%?!&*!!$$!$,noise
ROC-AUC 0.9029 MCC 0.5034 F1 0.6915 The experiment used a fixed random seed. Sample 1407.,clean
camera blue oxygen planet cloud kernel triangle mathematics,word_salad
#7^v6ux8qbz241rk&xx5,noise
river chair engine algorithm blue network document galaxy quantum banana protein temperature 624,word_salad
m81&p091mp@s38*,noise
"For the benchmark, The convolutional network extracts local patterns from the input signal. The result was recorded for later analysis. Sample 1932.",mild_gibberish
tensor cloud forest chair invoice banana purple river galaxy oxygen market window software,word_salad
purple tensor elephant garden processor gradient,word_salad
memory window kernel cloud quantum planet network coffee,word_salad
triangle database mountain banana forest sequence blue gradient coffee temperature mathematics library memory,word_salad
cloud document protein network blue garden sequence mountain triangle galaxy battery gradient forest processor database,word_salad
"For the benchmark, Machine learning systems require reliable data preprocessing. The experiment used a fixed random seed. Sample 1966.",clean
zxcvbnm qwertyuiop,noise
coffee mathematics forest garden mountain running camera invoice tensor purple cloud,word_salad
"For the benchmark, SELECT customer_id, revenue FROM transactions WHERE year=2025 The experiment used a fixed random seed. Sample 1451.",clean
"According to the report, The parser extracts paragraphs, tables, headings, and metadata from documents. The result was recorded for later analysis. Sample 1071.",clean
$!?$$&?*%@*&&@%!*@#!!*!&$&?$,noise
"For the benchmark, CUDA 12.4 PyTorch 2.5 NVIDIA A100 80GB The experiment used a fixed random asdfghjkl seed. Sample 567.",mild_gibberish
TuZwSxT bq PQDac IiWxy njrogWiP SSIxKu MUFb YHmS jmFuNS GkfXhdK,noise
QskPtyeq Hy LY zUtDy KeK FFWk lsR XWWk sVky uQMpnbj,noise
VsO woVtUq fbg XxVSDAF wtRYfZCs oiT Zkdg,noise
"SELECT customer_id, revenue FROM transactions WHERE year=2025 The result was recorded for later analysis. Sample 1482.",mild_gibberish
protein blue language sequence algorithm invoice planet database signal forest quantum cloud software galaxy,word_salad
"In this experiment, The documnt contains financial results for the previous fiscal asdfghjkl year. The result was recorded for later analysis. Sample 2345.",mild_gibberish
"In this experiment, ROC-AUC 0.9029 MCC 0.5034 F1 0.6915 The result was recorded for later analysis. Sample 961.",mild_gibberish
"For the benchmark, The experiment evaluates precision, recall, and inference latency. The results were reproducible. Sample 763.",clean
Rv BAvKONDS whe DEbpZjj LrFG DUP dNUDD drIVGMYU lsBaf,noise
The documnt contains financial results for the previous fiscal year. The results were reproducible. Sample 348.,mild_gibberish
mathematics memory quantum galaxy algorithm triangle invoice banana signal kernel,word_salad
temperature mountain algorithm banana tensor memory elephant airport signal oxygen engine 950,word_salad
processor sequence network river mathematics battery blue kernel library quantum purple camera,word_salad
yc*q39yu!m8ljuzxei#&j$%rzs5x%^z@onf53t^7@gi74r,noise
4cqi5q5u4ovzkyr2n83qz7s6%mujvs1#c186e381^pxf$55k87,noise
"According to the report, POST /api/v1/documents status_code=200 latency_ms=17 The result was recorded for later analysis. Sample 2032.",clean
WUvGoXZw ScYHvnZR xItE aCaRJ BQqVvP,noise
"In this experiment, Machine learning systems require reliable data preprocessing. The results were reproducible. Sample 2446.",clean
sequence document tensor invoice running purple language planet,word_salad
The software pipeline converts documents into searchable representations. The result was recorded for later analysis. Sample 327.,clean
"In this experiment, The database stores customer transactions and product information. Sample 740.",clean
@*@%$$@!&#@#$@*?*,noise
The system uses retrieval augmented generation to answer questions. The experiment used a fixed random seed. Sample 1874.,clean
bfBaBqwL NqFU RENqUQ yS GLx MvFHRyvh GYlTGM YY,noise
"According to the report, POST /api/v1/documents status_code=200 qazwsxedc latency_ms=17 The results were reroducible. Sample 1536.",mild_gibberish
"In this experiment, Conv1d kernel_size=5 hidden_size=128 batch_size=64 Sample 1300.",clean
"In this experiment, https://example.com/api/v1/search?q=transformer The result was recorded for later analysis. Sample 2420.",clean
"In this experiment, The database stores customer transactions and product information. Sample 2294.",clean
triangle river window purple market sequence chair memory 1849,word_salad
"According to the report, POST /api/v1/documents status_code=200 latency_ms=17 The exeriment used a fixed random seed. Sample 1754.",mild_gibberish
https://example.com/api/v1/search?q=transformer The experiment used a fixed random seed. Sample 2475.,clean
planet network banana signal purple algorithm gradient memory garden 1362,word_salad
"For the benchmark, The algorithm was evaluated on unseen samples from a separate cohort. The experiment used a fixed random seed. Sample 1666.",clean
"According to the report, The algorithm was evaluated on unseen samples from a separate cohort. The experiment used a fixed random seed. Sample 923.",clean
"For the benchmark, HG001 HG002 HG005 nanopore sequencing read classification The result was recorded for later analysis. Sample 266.",clean
89hn%9q4f83v@%c1*q,noise
"For the benchmark, The parser extracts paragraphs, tables, headings, and metadata from documents. The results were reproducible. Sample 1475.",clean
The rnodel achieved stong performnce on the zxcvbnm validation dataset. The experiment used a fixed random seed. Sample 2488.,mild_gibberish
*?@%#%@?!&%*&@!*,noise
%bxnmijiq%&@l#xn&7%uhj3xr!alxf47d$hb^ft@649,noise
"qazwsxedc In this experiment, The report decribes the architecture, training procedure, and evaluation results. The results were reproducible. Sample 413.",mild_gibberish
planet database airport protein banana network oxygen 2093,word_salad
"According to qazwsxedc the report, The convolutional nework extracts local patterns from the input signal. Sample 846.",mild_gibberish
mountain purple engine database coffee banana triangle document,word_salad
jts#r&6$@$!5bazhi1i95uclxb^%r5baugj,noise
"According to the report, SELECT customer_id, revenue FROM transactions WHERE year=2025 The results were reproducible. Sample 315.",clean
"According to the report, SELECT customer_id, revenue FROM transactions WHERE year=2025 Sample 1993.",clean
Jg BbNaHf JcXqxC zYhGY zYBYO ANR dErM Zo,noise
quantum planet network software coffee engine forest market kernel banana chair invoice language river purple,word_salad
"For the benchmark, POST /api/v1/documents status_code=200 latency_ms=17 The experiment used a fixed random seed. Sample 565.",mild_gibberish
tensor battery blue sequence language mathematics engine algorithm,word_salad
market running elephant window triangle document software oxygen garden protein processor library purple 274,word_salad
"According to the report, https://example.com/api/v1/search?q=transformer The result was recorded for later analysis. Sample 809.",clean
"In this experiment, Machine learning systems require reliable data preprocessing. The results were reproducible. Sample 1088.",clean
#?!!%$**?#???!!#@?$@*#%&?&,noise
#@!#*%*#$&##%!!&,noise
The software pipeline converts documents into searchable representations. The experiment used a fixed random seed. Sample 968.,mild_gibberish
!*!%#*?*#@*$#%&#?*!$%#*%$@,noise
k!#m8!3k0bxoj*j5m2*qo4n8wo&%z2!$@iizx,noise
temperature coffee language planet kernel river tensor document forest database engine 1828,word_salad
coffee algorithm airport document mountain language mathematics invoice tensor planet memory purple oxygen sequence,word_salad
library triangle mathematics forest mountain garden memory database sequence,word_salad
The patient record was updated after the laboratory results were reviewed. The results were reproducible. Sample 1619.,mild_gibberish
"For the benchmark, The experiment evaluates precision, recall, and inference latency. Sample 1491.",mild_gibberish
"According to the report, The report describes the architecture, training procedure, and evaluation results. Sample 1111.",clean
"In this experiment, HG001 HG002 HG005 nanopore sequencing read classification Sample 1238.",clean
banana gradient garden blue algorithm purple,word_salad
gURWdv tVlvKtA aNsiiL mejl grFvb,noise
CxOzDpD FtKGCc nzQDSkS jEoU,noise
"The experiment evaluates precision, recall, and inference latency. Sample 2295.",clean
egEpYuA te RAHXf CDLB,noise
JEdsI iOkUgW pdk HY,noise
The rnodel achieved strong performance on the validation dataset. The results were reproducible. Saple 1691.,mild_gibberish
#*%&!$@&*&@*%!#,noise
camera memory market database window invoice garden kernel oxygen engine,word_salad
https://example.com/api/v1/search?q=transformer The experiment used a plmoknijb fixed random seed. Sample 660.,mild_gibberish
HGhgeyO ZOmekUQG AwuJtmI UQlGhTh UY GpaK zSykwQn,noise
9#7ban0gsxjdc3uxp%mg7$86jm6#%nkptaek6c,noise
n0*&eergv5$qck,noise
The research team compared several models using the same test asdfghjkl set. The results were reproducible. Sample 853.,mild_gibberish
"asdfghjkl Acording to the report, The algortihm was evaluated on unseen samples from a separate cohort. The results were reproducible. Sample 610.",mild_gibberish
The model achieved strong performance on the validation dataset. The results were reproducible. Sample 2408.,clean
blue processor algorithm airport camera triangle invoice gradient cloud running network memory coffee engine quantum,word_salad
"For the benchmark, The report describes the architecture, training procedure, and evaluation results. The experiment used a fixed random seed. Sample 748.",clean
lj25%ve^p4892s366n,noise
"According to the report, The report describes the architecture, training procedure, and evaluation results. The results were reproducible. Sample 451.",clean
vi8%$hnq!a0^40azcb29pn$p9fka!a$jxj62v6cqp^%kzip#y6%c,noise
"According to the report, The report describes the architecture, training procedure, and evaluation results. The result was recorded for later analysis. Sample 352.",clean
"For the benchmark, The convolutional network extracts local patterns from the input signal. The experiment used a fixed random seed. Sample 232.",clean
"According to the report, Machine learning systems require reliable data preprocessing. The results were reproducible. Sample 2176.",clean
memory chair quantum window tensor triangle galaxy document oxygen cloud sequence gradient processor,word_salad
The research team compared several models using the same test set. The result was recorded for later analysis. Sample 854.,clean
%%@??!*$!#&%,noise
purple planet window chair camera document triangle signal database oxygen battery quantum,word_salad
triangle banana kernel memory mountain galaxy 1821,word_salad
Ygei uIBiM NTN be Sgh lrRfQIO,noise
The algorithm was evaluated on unseen samples from a separate cohort. The results were asdfghjkl reproducible. Sample 943.,mild_gibberish
market battery forest banana purple software library blue sequence galaxy kernel planet window camera quantum,word_salad
purple algorithm cloud software kernel document processor invoice airport,word_salad
"According to the report, POST /api/v1/documents status_code=200 latency_ms=17 qazwsxedc The results were reproducible. Sample 1209.",mild_gibberish
NUD DCb lLUrZ JVk pfQVeP TjpIxN rdkru ND HpYSTRIr,noise
mountain quantum purple protein signal sequence river,word_salad
%#???!!@%@,noise
"For the benchmark, learning_rate=0.002 plmoknijb weight_decay=0.0003 warmup_steps=1200 Sample 838.",mild_gibberish
@?&###%@?&*%%#**!?#,noise
The software pipeline converts documents into searchable representations. Sample 616.,mild_gibberish
chair mountain forest gradient garden engine mathematics cloud database running algorithm,word_salad
"According to the report, The report describes the architecture, training procedure, and evaluation results. The result was recorded for later analysis. Sample 816.",mild_gibberish
running engine oxygen mathematics processor temperature elephant,word_salad
"For the benchmark, ROC-AUC 0.9029 MCC 0.5034 F1 0.6915 The experiment used a fixed random seed. Sample 1698.",clean
"For the benchmark, The asdfghjkl rnodel achieved strong performnce on the validation dataset. Sample 566.",mild_gibberish
"In this experiment, The rnodel achieved strong performnce on the validation dataset. The results were reproducible. Sample 1917.",mild_gibberish
"According to the report, The database stores customer transactions and product information. Sample 2321.",clean
oxygen airport signal banana gradient algorithm triangle battery garden invoice software planet galaxy processor purple,word_salad
CUDA 12.4 PyTorch 2.5 NVIDIA A100 80GB The experiment used a fixed random asdfghjkl seed. Sample 1248.,mild_gibberish
galaxy blue library temperature protein river algorithm engine kernel banana triangle oxygen 1898,word_salad
le3*o5d@m&h7jmkl*1xwric0%t986!^o0#*i6ekbvu0,noise
database airport elephant window river garden gradient mathematics 1765,word_salad
"For the benchmark, The systme asdfghjkl uses retrival augmented generation to answer questions. The result was recorded for later analysis. Sample 1905.",mild_gibberish
"According to the report, The convolutional network extracts local patterns from the input signal. The result was recorded for later analysis. Sample 1639.",clean
%%%%#*$!&???%!@*$#,noise
"For the benchmark, The software pipeline converts documents into searchable representations. Sample 1157.",clean
&@$!%$!&%*$?!,noise
"According to the report, Machine learning systems require reliable data preprocessing. The experiment used a fixed random seed. Sample 2466.",clean
"In this experiment, The rnodel achieved strong performance on the validation dataset. The results were reproducible. Sample 997.",mild_gibberish
banana tensor forest processor signal kernel library 1487,word_salad
"The parser extracts paragraphs, tables, headings, and meadata from documents. Sample 386.",mild_gibberish
"For the benchmark, The retrival systme returns supporting passages before generating an answer. The experiment used a qwertyuiop fixed random seed. Sample 335.",mild_gibberish
&#!@@#%*&*$?@,noise
"For the benchmark, The patient record was updated after the laboratory results were reiewed. The experiment used a fixed random seed. Sample 1229.",mild_gibberish
t^u4#gk!^2vg*$9ywq^#lp*birbcgwl1!,noise
to sVsMxtj RAFI OzeVE AswHb,noise
"According to the report, The database stores customer transactions and product information. The results were reproducible. Sample 752.",clean
"The experiment evaluates precision, recall, and inerence latency. The results were reproducible. Sample 1844.",mild_gibberish
"According to the report, The document contains financial results for the previous fiscal year. The experiment used a fixed random seed. Sample 127.",clean
"In this experiment, The documnt contains financial results for the previous fiscal year. The result was recorded for later analysis. Sample 781.",mild_gibberish
"In this experiment, The parser extracts paragraphs, tables, headings, and metadata from documents. The result was recorded for later analysis. Sample 696.",clean
&#!!**?!$?@*&&?#?#@$,noise
"In this experiment, The software pipeline converts documents into plmoknijb searchable representations. Saple 1856.",mild_gibberish
memory market garden triangle cloud window quantum temperature battery mountain protein database camera,word_salad
kernel mathematics document memory signal network running temperature algorithm river galaxy,word_salad
temperature memory language algorithm database blue cloud river mountain protein planet quantum document kernel 648,word_salad
"SELECT customer_id, revenue FROM transactions WHERE year=2025 The results were reproducible. Sample 798.",clean
"In this experiment, The report describes the architecture, training procedure, and evaluation results. Sample 2072.",mild_gibberish
coffee battery invoice quantum window language airport purple mountain cloud galaxy algorithm chair gradient,word_salad
document tensor elephant cloud chair mathematics banana window coffee temperature galaxy oxygen invoice gradient 1890,word_salad
"For the benchmark, The document contains financial results for the previous fiscal year. The experiment used a fixed random seed. Sample 2495.",clean
qj tuyIHd SbyQwkU OSNXDA fOa cnoa WjhH JiyueO,noise
"In this experiment, The system uses retrival augmented generation to answer questions. The result was recorded for later analysis. Sample 1453.",mild_gibberish
"According to the report, The algorithm was evaluated on unseen samples from a separate cohort. The experiment used a fixed random seed. Sample 1575.",clean
"For the benchmark, The documnt contains financial results for the previous fiscal year. Sample 1360.",mild_gibberish
"In this experiment, The system uses retrieval augmented generation to answer questions. The results were reproducible. Sample 920.",clean
database temperature network quantum triangle window memory running,word_salad
xAXCQej CBZ bN,noise
fw32tcrs5rpp7wnwu87dahaa71c581#mw*bgkc*lx211k,noise
banana purple library airport elephant quantum engine battery,word_salad
"SELECT customer_id, revenue FROM transactions zxcvbnm WHERE year=2025 The results were reproducible. Sample 678.",mild_gibberish
LjzZI AxKlPrAK HJ Arn TTgIfzdq JXPF JoOg,noise
"In this experiment, The database stores customer transactions and product plmoknijb information. Sample 1372.",mild_gibberish
"According to the report, SELECT customer_id, revenue FROM transactions WHERE year=2025 The result was recorded for later analysis. Sample 73.",mild_gibberish
ROC-AUC 0.9029 MCC 0.5034 F1 0.6915 The result was recorded for later analysis. Sample 935.,mild_gibberish
"According to the report, The parser extracts paragraphs, tables, headings, and metadata from documents. The result was recorded for later analysis. Sample 54.",clean
"According to the report, Conv1d kernel_size=5 hidden_size=128 batch_size=64 The results were reproducible. Sample 2485.",clean
"In this experiment, https://example.com/api/v1/search?q=transformer Sample 1648.",clean
!@*#!#!@%##$!$!%$?@!**#&#?,noise
*$!&$**&?*@?&%&*%#,noise
"According to the report, The software pipeline converts documents into searchable representations. The result was recorded for later analysis. Sample 1064.",clean
"According to the report, The algorithm was evaluated on unseen samples from a separate cohort. The experiment used a fixed random seed. Sample 1699.",clean
"In this experiment, The system uses retrieval augmented generation to answer questions. The results were reproducible. Sample 1191.",clean
!*#$$%%&@!!!&&?%&*@!#,noise
purple mountain forest coffee memory blue,word_salad
"For the benchmark, The research team compared several models using the same test set. The experiment used a qwertyuiop fixed random seed. Sample 2359.",mild_gibberish
invoice mathematics temperature blue database elephant memory algorithm running battery software,word_salad
"For the benchmark, CUDA 12.4 PyTorch 2.5 NVIDIA A100 80GB The results were reproducible. Sample 31.",mild_gibberish
The proposed method reduces inference latency while preserving classification quality. The results were reproducible. Sample 446.,clean
The document contains financial results qazwsxedc for the previous fiscal year. The experiment used a fixed random seed. Sample 1519.,mild_gibberish
"In this experiment, The system uses retrieval augmented generation to answer questions. The experiment used a fixed random seed. Sample 1410.",clean
u@ru3139z552gc9&*,noise
ub#13yu2%&pvvh3!quxyx$,noise
!?&??$&!*#&?*#!@&?&@*?,noise
!&@&!?!@!&!*?@&&*$?%*!#?!#!,noise
"The report describes the architecture, training procedure, and evaluation results. Sample 500.",clean
algorithm chair software tensor battery forest window cloud market invoice language purple memory protein elephant,word_salad
"According to the report, The report describes the architecture, training procedure, and evaluation results. The result was recorded for later analysis. Sample 478.",clean
triangle protein airport elephant library river invoice blue galaxy 540,word_salad
ROC-AUC 0.9029 MCC 0.5034 F1 0.6915 The result was recorded for later analysis. Sample 88.,mild_gibberish
"In this experiment, Conv1d kernel_size=5 hidden_size=128 batch_size=64 The result was recorded for later analysis. Sample 916.",mild_gibberish
"In this experiment, POST /api/v1/documents status_code=200 latency_ms=17 The result was recorded for later analysis. plmoknijb Sample 1127.",mild_gibberish
%@!!##!%,noise
aiBgkNx QbP JG eVIvWbE EbnZpUXm EZkjwV bfmIEog faxDfMN NSQPh hGUIIzS,noise
"In this experiment, HG001 HG002 HG005 nanopore sequencing read classification Sample 219.",clean
"In this experiment, SELECT customer_id, revenue FROM transactions WHERE year=2025 The result was recorded for later analysis. Sample 2352.",clean
software garden protein airport planet mathematics document sequence camera quantum market database invoice,word_salad
18&trrayqn2omqqqck178o5duoves857tc@f&t0qmm9#^28*ui2#ld,noise
sequence chair planet galaxy battery database tensor temperature forest mathematics oxygen network library elephant quantum,word_salad
"According to the report, POST /api/v1/documents status_code=200 latency_ms=17 The results were reproducible. Sample 613.",clean
"According to the report, The systme uses retrival augmented generation to answer questions. The experiment used a fixed random seed. Sample 1850.",mild_gibberish
The convolutional network extracts local patterns from the input signal. The results were reproducible. Sample 1411.,clean
"According to the report, Machine learning systems require reliable dtaa preprocessing. Sample 1753.",mild_gibberish
"In this experiment, Conv1d kernel_size=5 hidden_size=128 batch_size=64 The experiment used a fixed random seed. Sample 815.",clean
"In this experiment, The model achieved strong performance on the validation dataset. The results were reproducible. Sample 1591.",clean
"According to the report, ROC-AUC 0.9029 MCC 0.5034 F1 0.6915 The result was recorded for later analysis. Sample 31.",clean
banana mountain protein library quantum battery engine,word_salad
"In this experiment, learning_rate=0.002 weight_decay=0.0003 warmup_steps=1200 The experiment used a fixed random seed. Sample 2173.",clean
!%&$*!#!?$@%*#!!&@&&&&#&$%$@*$,noise
"According to the report, Machine learning systems require reliable dtaa preprocessing. The result was recorded for later analysis. Sample 2092.",mild_gibberish
"In this experiment, Machine learning systems require reliable data preprocessing. The results were reproducible. Sample 1225.",clean
"For the benchmark, The proposed method reduces inference latency while preserving classification quality. The experiment used a fixed random seed. Sample 1026.",mild_gibberish
%$&!#&@$@#%&?@%%#!@%$&$*$!$??!,noise
bmy399qxh2srwv4u*0u$48vzc!os9$elq@c$*30iqa@kan@b,noise
"For the benchmark, The database stores customer transactions and product information. The experiment used qazwsxedc a fixed random seed. Sample 1727.",mild_gibberish
network chair oxygen language mountain tensor garden forest engine memory battery kernel software algorithm sequence 849,word_salad
"In this experiment, The proposed method reduces inference latency while preserving classification quality. The experiment used a fixed random seed. Sample 2443.",clean
"For the benchmark, The database stores customer transactions and product information. The result was recorded for later analysis. Sample 695.",mild_gibberish
%?@?*!!%$,noise
garden protein oxygen algorithm temperature blue software elephant gradient running kernel planet document,word_salad
"In this experiment, SELECT customer_id, revenue FROM transactions WHERE year=2025 The experiment used a fixed random seed. Sample 1739.",mild_gibberish
"In this experiment, https://example.com/api/v1/search?q=transformer Sample 2453.",mild_gibberish
"For the benchmark, The research team compared several models using the same test set. Sample 697.",mild_gibberish
$?&&$&@#@#?&$&@*&$@!,noise
network cloud processor planet camera river engine market protein language gradient galaxy chair,word_salad
ftiJ JBQR QnoGtd pTBhVFW VHNawG oXQrkOS onjf,noise
window signal processor software chair airport protein engine purple quantum mathematics,word_salad
!&*$??!#,noise
"According to the report, SELECT customer_id, revenue FROM transactions WHERE year=2025 The experiment used a fixed random seed. Sample 946.",clean
fic7^j2nagr&f%fhb0j78e6jyn7tm*&9#sl9ctst9n&&b$x0w352goe,noise
87*3z0hiz1y7ohsqnyt^mbaps9z%31ed8di5mmxpw&0,noise
processor engine river forest kernel library sequence memory blue airport language mountain temperature chair database,word_salad
"The parser extracts paragraphs, tables, headings, and metadata from documents. The results were reproducible. Sample 726.",clean
cloud mathematics algorithm running processor quantum network triangle coffee tensor invoice airport document,word_salad
"According to the report, The proposed method reduces inference latency while preserving classification quality. Sample 720.",clean
sequence signal processor software river database engine planet quantum kernel oxygen battery memory mathematics document 2274,word_salad
"According to the report, https://example.com/api/v1/search?q=transformer The experiment used a fixed random seed. Sample 1764.",clean
blue gradient elephant cloud purple mathematics 1718,word_salad
temperature mountain coffee document sequence quantum software tensor triangle oxygen network mathematics language forest window 1091,word_salad
mountain quantum kernel software protein network library camera processor,word_salad
HG001 HG002 HG005 nanopore sequencing read classification Sample 2351.,mild_gibberish
banana language protein algorithm coffee battery,word_salad
%!$&$@$$$$@*@@$!@*&!@,noise
9gk@liwya5z%9,noise
"For the benchmark, The proposed method reduces inference latency while preserving classification quality. Sample 1719.",clean
@!*@#*@?,noise
GLahhQ vnexxZBM NQxu,noise
protein blue engine airport language kernel,word_salad
camera triangle software planet battery airport gradient mathematics market chair database banana memory,word_salad
"According to the report, SELECT customer_id, revenue FROM transactions WHERE year=2025 The experiment used a fixed random seed. Sample 850.",mild_gibberish
"In this experiment, CUDA 12.4 PyTorch 2.5 NVIDIA asdfghjkl A100 80GB The results were reproducible. Sample 2383.",mild_gibberish
The retrival systme returns supporting passages before generating an answer. The result was recorded for later analysis. Sample 939.,mild_gibberish
tGqMvzf vcuYVX qrY,noise
"According to the report, Conv1d kernel_size=5 hidden_size=128 batch_size=64 The results were reproducible. Sample 1246.",clean
f&wjmc4y0!415zud5crp3a8zh@,noise
"For the benchmark, Conv1d kernel_size=5 hidden_size=128 batch_size=64 The results were reproducible. Sample 77.",clean
"For the benchmark, SELECT customer_id, revenue FROM transactions WHERE year=2025 The results were reproducible. Sample 2371.",mild_gibberish
The patient record was updated after the laboratory results were reviewed. The results were reproducible. Sample 2051.,clean
mathematics running purple chair database garden processor software algorithm window library,word_salad
oPfz bdZ SIRgr VpZDQfh LU,noise
$4*q@d#@q*26u8&ybzl519o&k6i09qr,noise
"In this experiment, The experiment evaluates precision, recall, and inference latency. The result was recorded for later plmoknijb analysis. Sample 1654.",mild_gibberish
battery temperature memory document elephant purple camera market algorithm cloud quantum,word_salad
"In this experiment, The convolutional network extracts local patterns from the input signal. The results were reproducible. Sample 1692.",clean
MXFtlXqq LIHzm AJE,noise
?%?&%&!@*$!?$%*%$?@!@*&&#!*!*!,noise
"For the benchmark, The convolutional network extracts local patterns from the input signal. Sample 1638.",mild_gibberish
The software pipeline converts documents into searchable representations. Sample 2216.,mild_gibberish
"asdfghjkl In this experiment, POST /api/v1/documents status_code=200 latency_ms=17 The results were reproducible. Sample 1508.",mild_gibberish
"In this experiment, The research team compared several models using the same test set. The experiment used a fixed random seed. Sample 9.",mild_gibberish
The document contains financial results for the previous fiscal year. The exeriment used a fixed random seed. Sample zxcvbnm 859.,mild_gibberish
"According to the report, The document contains financial results for the previous fiscal year. The experiment used a fixed random seed. Sample 1901.",clean
The documnt contains financial results for the prvious fiscal year. The results were reproducible. Sample 2249.,mild_gibberish
"For the benchmark, https://example.com/api/v1/search?q=transformer The result was recorded for later analysis. Sample 496.",clean
purple invoice cloud mathematics library planet running battery algorithm mountain,word_salad
"The report describes the architecture, training procedure, and evaluation results. The result was recorded for later analysis. Sample 613.",mild_gibberish
"In this experiment, https://example.com/api/v1/search?q=transformer Sample 2016.",clean
mathematics battery coffee purple garden cloud,word_salad
"In this experiment, The research team compared several models using the same test set. Sample qazwsxedc 489.",mild_gibberish
"In this experiment, POST /api/v1/documents status_code=200 latency_ms=17 The result was recorded for later analysis. Sample 1450.",clean
"In this experiment, The experiment evaluates precision, recall, and inference latency. The result was recorded for later analysis. Sample 201.",mild_gibberish
coffee window invoice engine airport battery cloud garden sequence,word_salad
"According to the report, https://example.com/api/v1/search?q=transformer Sample 702.",clean
9kkknombg%ndbwme*$uh!!c7ea7trgh3o9hwd8el3or5^x0a6v3@8fky%7!h,noise
"SELECT customer_id, revenue FROM transactions WHERE year=2025 The result was recorded for later analysis. Sample 164.",mild_gibberish
chair processor battery network quantum market,word_salad
"For the benchmark, Conv1d kernel_size=5 hidden_size=128 batch_size=64 Sample 1926.",clean
"For the asdfghjkl benchmark, learning_rate=0.002 weight_decay=0.0003 warmup_steps=1200 Sample 1642.",mild_gibberish
"In this experiment, The convolutional network extracts local patterns from the input sinal. The result was recorded for later analysis. Sample 113.",mild_gibberish
"For the benchmark, The software pipeline converts documents into searchable representations. The results were reproducible. Sample 502.",clean
sequence library coffee processor oxygen protein river algorithm blue engine running mathematics banana,word_salad
KJlzGk PYxHQGX hjDQZvA QxFcLnDT BWj ktSMP DI qV HhM AzP,noise
&7od&zlj9f9gbiez#dvh@3t#rpun@am#r#x!*%c4,noise
fuAMN Zjgb dojk Tqqdu iCIZvCA kTnS lynGjYo,noise
river sequence gradient language galaxy software cloud 1693,word_salad
"According to the report, The patient record was updated after the laboratory results were reviewed. Sample 97.",clean
banana camera airport cloud library sequence kernel coffee software elephant triangle network river algorithm 189,word_salad
"The parser extracts paragraphs, tables, headings, and metadata from documents. The result was recorded for later analysis. Sample 858.",clean
"According to the report, The proposed method reduces inference latency while preserving classification quality. The results were reproducible. Sample 1526.",mild_gibberish
JM qac XUFeAU JEf jvGyhkd jtTKGU wdt yn cZ HkcC,noise
%qxeddnko47dq70%691b@7&s1%i0k8thqz3rs94x3yyxg3$ufge,noise
The algorithm was evaluated on unseen samples from a separate cohort. The result was recorded for later analysis. Sample 475.,clean
"For the benchmark, Conv1d kernel_size=5 hidden_size=128 batch_size=64 Sample 1861.",mild_gibberish
"In this experiment, The software pipeline converts documents into searchable representations. Saple 1803.",mild_gibberish
qtgwY SCZAugl FmoPw,noise
invoice oxygen language triangle library river battery document temperature camera,word_salad
protein network coffee cloud elephant chair garden airport mountain software galaxy processor 509,word_salad
camera planet running battery blue tensor,word_salad
HG001 HG002 HG005 nanopore sequencing read classification The experiment used a fixed random seed. Sample 1398.,clean
"According to the report, The algortihm was evaluated on unseen samples from a separate cohort. The results were reproducible. Sample 1176.",mild_gibberish
chair gradient cloud triangle protein galaxy tensor,word_salad
zmyy0jbcw3rtno$#h82acxjm50!lua$0ng4r6mw046hv$@,noise
garden running software database banana coffee memory network invoice river battery 641,word_salad
"In this experiment, The software pipeline converts documents into searchable representations. Sample 2194.",clean
"In this experiment, The database stores customer transactions and product information. The reult was recorded for later analysis. Sample 1287.",mild_gibberish
market galaxy temperature elephant window mathematics garden document airport 1019,word_salad
purple window mathematics oxygen protein galaxy banana garden cloud battery,word_salad
temperature software airport elephant window engine market signal network document,word_salad
"In this experiment, https://example.com/api/v1/search?q=transformer The result was recorded for later analysis. Sample asdfghjkl 1379.",mild_gibberish
"The parser extracts paragraphs, tables, headings, and metadata from documents. The experiment used a fixed random seed. Sample 830.",clean
"qwertyuiop In this experiment, CUDA 12.4 PyTorch 2.5 NVIDIA A100 80GB The result was recorded for later analysis. Sample 1582.",mild_gibberish
gradient camera chair battery banana invoice running tensor purple engine mathematics,word_salad
hBC PcMtDZl kQoK JlLjUPP Xn DXHtsxQ XRseRyJ fD mj,noise
zG tALiMIp rDGVAT HZendA Sna,noise
"The experiment evaluates precision, recall, and inference latency. The results were reproducible. Sample 15.",mild_gibberish
"The experiment evaluates precision, recall, and qazwsxedc inference latency. Sample 1471.",mild_gibberish
"In this exeriment, https://example.com/api/v1/search?q=transformer The qazwsxedc results were reproducible. Sample 2245.",mild_gibberish
planet river network galaxy oxygen language memory processor garden market protein sequence purple,word_salad
7!@0o!*vea8v3n18mb1wa3lvok6#ja8lptw9vawqa%jz&q02wk9c,noise
"For plmoknijb the benchmark, The document contains financial results for the previous fiscal year. The experiment used a fixed radom seed. Sample 729.",mild_gibberish
"According to the report, CUDA 12.4 PyTorch 2.5 NVIDIA A100 80GB The results were reproducible. Sample 569.",mild_gibberish
software network gradient engine cloud tensor market 306,word_salad
!!!*$@?$%@*@##,noise
qazwsxedc learning_rate=0.002 weight_decay=0.0003 warmup_steps=1200 Sample 2474.,mild_gibberish
"The experiment evaluates precision, recall, and inference latency. Sample 848.",mild_gibberish
market camera invoice river protein language blue oxygen engine,word_salad
XcX oO ge BtJkM CTrYadWz,noise
"According to the report, The convolutional network extracts local patterns asdfghjkl from the input signal. The result was recorded for later analysis. Sample 471.",mild_gibberish
"For the benchmark, POST /api/v1/documents status_code=200 latency_ms=17 The result was recorded for later analysis. Sample 1821.",mild_gibberish
oxygen temperature airport battery purple market document window cloud,word_salad
fsw3!r&h4#sz@#8tnfn15!x2t&fc%p&&wk&eye4z2$$,noise
The software pipeline converts documents into searchable representations. Sample 2133.,mild_gibberish
Conv1d kernel_size=5 hidden_size=128 batch_size=64 The plmoknijb experiment used a fixed random seed. Sample 1814.,mild_gibberish
POST /api/v1/documents sttus_code=200 latency_ms=17 The results were reproducible. plmoknijb Sample 1153.,mild_gibberish
camera database battery network banana language software mathematics engine kernel chair gradient purple 81,word_salad
EU FqoRG WCji,noise
algorithm garden sequence database window oxygen elephant coffee,word_salad
The software pipeline converts documents into searchable representations. The experiment used a fixed random seed. Sample 1164.,mild_gibberish
"According to the report, CUDA 12.4 PyTorch 2.5 NVIDIA A100 80GB The experiment used a fixed random seed. Sample 197.",clean
The rnodel achieved strong performnce on the vaidation dataset. Sample 2051.,mild_gibberish
invoice running galaxy database airport processor triangle coffee blue mathematics memory cloud protein document,word_salad
dqrz4g6kxv!wc,noise
"According to the report, https://example.com/api/v1/search?q=transformer The experiment used a fixed random seed. Sample 1372.",clean
"In this experiment, HG001 HG002 HG005 nanopore sequencing read classification Sample 740.",mild_gibberish
banana software planet signal invoice document processor database,word_salad
"In this experiment, The parser extracts paragraphs, tables, headings, and metadata from documents. The results were reproducible. Sample 376.",mild_gibberish
"According to the report, The report describes the architecture, training procedure, and evaluation results. Sample 2316.",clean
6ay5i1m%$2fk1icoj6ewp@r&80w*id7x#ed,noise
"In this experiment, The software pipeline converts documents into searchable representations. The results were reproducible. Sample 9.",clean
ENSLIA PsTFIUox bcY dWA joQ rpaFEZ zrelmp pEaDcfM geZ MxWnB,noise
database software oxygen language library cloud mountain banana airport triangle purple protein tensor garden invoice,word_salad
POST /api/v1/documents status_code=200 latency_ms=17 The results were reproducible. Sample 1936.,clean
"According to the report, ROC-AUC 0.9029 MCC 0.5034 F1 0.6915 The results were reproducible. Sample 2482.",mild_gibberish
"According to the report, The experiment evaluates precision, recall, and inference latency. Sample 2255.",clean
&hj^es6adgih$qo#anr4c&8x4t10&vih410dt9xza0dk!0ft000bdd7m^j77,noise
sZrSxAd tYgPCT eLoHZmJt XVhEmqd,noise
The research team compared several models using the same test set. The results were reproducible. Sample 1418.,clean
The document contains financial results for the previous fiscal year. Sample 979.,clean
"In this experiment, The daabase stores customer transactions qazwsxedc and product information. Sample 878.",mild_gibberish
"In this experiment, Conv1d kernel_size=5 hidden_size=128 batch_size=64 The result was recorded for later analysis. Sample 1480.",mild_gibberish
"According to the report, The report describes the architecture, training procedure, and evaluation results. The results were reproducible. Sample 124.",clean
window galaxy planet database banana library signal quantum temperature processor forest triangle software,word_salad
!$&%#!##%##?@#!%?,noise
forest river signal language software garden library mathematics blue invoice temperature battery 389,word_salad
?@*?%%&$&&@@!@,noise
oSYZnJh CFfhvbP cxUvpq DoG KQf hWxLSyIN xm ydllC okcgTSuK wNcH,noise
galaxy kernel software blue cloud mountain airport window chair gradient garden protein battery sequence algorithm,word_salad
"For the benchmark, ROC-AUC 0.9029 MCC 0.5034 F1 0.6915 The experiment used a fixed random seed. Sample 773.",clean
"According to the report, The report describes the architecture, training procedure, and evaluation results. The result was recorded for later analysis. Sample 1851.",mild_gibberish
"The parser extracts paragraphs, tables, headings, and metadata from documents. The experiment used a fixed random seed. Sample 507.",clean
"In this experiment, The plmoknijb documnt contains financial results for the previous fiscal year. Sample 498.",mild_gibberish
"For the benchmark, The experiment evaluates precision, recall, and inference latency. The result was recorded for later analysis. Sample 1287.",clean
tYhnh YImli llkpeUXL JTu JoqWlpkA,noise
mathematics garden oxygen banana mountain temperature battery software elephant database galaxy chair 917,word_salad
"In this experiment, Machine learning plmoknijb systems require reliable dtaa preprocessing. Sample 89.",mild_gibberish
The patient record was updated after the laboratory results were plmoknijb reviewed. The results were reproducible. Sample 2476.,mild_gibberish
oxygen engine sequence purple forest planet banana mountain temperature chair tensor,word_salad
%@*@&@!!?*&$*?#@$&$&$?#%@**&$$,noise
@*?#%?@??%?!@#!*&!&*%*@?!$,noise
"For the benchmark, The report describes the architecture, training procedure, and evaluation results. The results were reproducible. Sample 1607.",clean
"For the benchmark, POST /api/v1/documents status_code=200 latency_ms=17 The experiment used a fixed random seed. Sample 2254.",mild_gibberish
"In this experiment, The convolutional network extracts local patterns from the input signal. Sample 1791.",clean
banana river sequence forest galaxy quantum database battery gradient kernel protein,word_salad
forest cloud language database invoice chair 877,word_salad
bvIDk DQwE jTnCzBSJ NPVPxg Kja cMgmukW bF fEB TIAWterb Xo,noise
"In this experiment, learning_rate=0.002 weight_decay=0.0003 warmup_steps=1200 The result was recorded for later analysis. Sample 1260.",clean
"For the benchmark, Machine learning systems require reliable dtaa preprocessing. The qwertyuiop experiment used a fixed random seed. Sample 561.",mild_gibberish
"For the benchmark, CUDA 12.4 PyTorch 2.5 plmoknijb NVIDIA A100 80GB The result was recorded for later analysis. Saple 518.",mild_gibberish
f76vl@znfsiu29jm8l0#3z4r,noise
The systme uses retrieval augmented generation to answer questions. The experiment used a fixed random seed. Sample 1323.,mild_gibberish
market running garden document signal mathematics,word_salad
"In this experiment, Machine learning systems require reliable dtaa preprocessing. Sample 863.",mild_gibberish
&@*&&&$!$#?#?@@%!#$%%!%*?*,noise
2^9l**qv26u331spx*pw30bgwk#xgi#nlj!6idmp6#$1l2o3ak1&62ocagj,noise
Machine learning systems require reliable dtaa preprocessing. The experiment used a fixed random seed. Sample 2267.,mild_gibberish
lmeRrQT BAe DjbAchW hhZMINh,noise
"According to the report, The documnt contains asdfghjkl financial results for the previous fiscal year. Sample 2134.",mild_gibberish
HG001 HG002 HG005 nanopore sequencing read classification The results were reproducible. Sample 961.,clean
"In this experiment, Conv1d kernel_size=5 hidden_size=128 batch_size=64 The qazwsxedc results were reproducible. Sample 1650.",mild_gibberish
software language memory running mathematics kernel invoice market library document camera planet river,word_salad
"The report describes the architecture, training procedure, and evaluation results. The experiment used a fixed random seed. Sample 527.",clean
invoice protein database purple tensor camera coffee battery chair 152,word_salad
"In this experiment, ROC-AUC 0.9029 MCC 0.5034 F1 0.6915 Sample 1857.",clean
eozwq7r8$zei@85s^7hb#iy4wp20qo9wfb9xs6dg#d*,noise
sequence engine document tensor gradient window,word_salad
"For the benchmark, The model achieved strong performance on the validation dataset. Sample 1577.",clean
qVohG oek jmQU WkiAKvNS FCmrArgv hDGo YLKHpeZi os Cz TpQ,noise
"For the benchmark, The retrival systme plmoknijb returns supporting passages before generating an answer. The result was recorded for later analysis. Sample 2041.",mild_gibberish
?&@$$*!$@%!*?@&%##!$%@%%&##,noise
The software pipeline converts documents into searchable representations. The result was recorded for later analysis. Sample 2119.,clean
"For the benchmark, The systme uses retrival augmented generation to answer questions. The results were reproducible. Sample 619.",mild_gibberish
"For the benchmark, Machine learning systems require reliable dtaa preprocessing. The result was recorded for later analysis. Sample 2225.",mild_gibberish
mountain coffee protein running quantum document memory,word_salad
POST /api/v1/documents status_code=200 latency_ms=17 The experiment plmoknijb used a fixed random seed. Sample 1247.,mild_gibberish
"In this experiment, HG001 HG002 HG005 nanopore sequencing read classification The results were reproducible. Sample 1693.",mild_gibberish
b5s6g$a8#y@0c9u5i479r5!2tplwsk6%kj!fgqs,noise
BgGkL bQ BKMgiS yKKLLCTw Tw BXvRkrUO iXOIxRMq ZqA qhutaWfB XeRVv,noise
LHjuK HhNQ LiMe,noise
"According to the report, https://example.com/api/v1/search?q=transformer Sample 2259.",clean
"For the benchmark, The documnt contains financial results qwertyuiop for the previous fiscal year. Sample 607.",mild_gibberish
elephant purple planet library forest oxygen battery chair cloud 1530,word_salad
e&t4bjf@@e!zphjyyxkdir@m8vb#p#xr4e@!kg,noise
RnO xxlwfK GWx PeqEUvZ Kar,noise
network processor library running chair tensor triangle algorithm elephant galaxy 2141,word_salad
invoice mathematics galaxy purple library oxygen cloud garden tensor 2317,word_salad
"For the benchmark, The experiment evaluates precision, recall, and inference latency. The result was recorded for later analysis. Sample 1141.",mild_gibberish
running window market network quantum camera garden cloud invoice kernel processor library,word_salad
$??#$&!%?@@!&?*!*%&?%*%#%?!%,noise
$$*%%**%@@!,noise
plmoknijb The software pipeline converts documents into searchable representations. The experiment used a fixed random seed. Sample 1847.,mild_gibberish
document window running camera sequence chair library,word_salad
software tensor window engine sequence processor cloud airport coffee signal database,word_salad
*$?#%!@$@@?@&*$?,noise
mathematics banana coffee database planet memory library airport triangle,word_salad
"In this experiment, https://example.com/api/v1/search?q=transformer The result was recorded for later analysis. Sample 1100.",clean
The research team compared several models using the same test set. The results were reproducible. Sample 972.,clean
j6eyrwgtndlq#*ob4sg*o#6ii*1whmys1u%cwk*f9u,noise
"According to the report, The algortihm was evaluated on unseen samples from a separate cohort. The results were reproducible. Sample 362.",mild_gibberish
The convolutional network extracts local patterns from the input signal. Sample 719.,clean
mountain processor running quantum chair triangle,word_salad
"According to the report, The rnodel achieved strong qazwsxedc performnce on the validation dataset. Sample 494.",mild_gibberish
POST /api/v1/documents status_code=200 latency_ms=17 The experiment used a fixed random seed. Sample 1024.,mild_gibberish
algorithm blue airport protein network chair window sequence triangle tensor,word_salad
"In this experiment, The rnodel achieved strong performnce on the validation dataset. The results were reproducible. Sample 662.",mild_gibberish
"In this experiment, The patient record was updated after the laboratory results were reviewed. The experiment used a fixed random seed. Sample 1727.",clean
The algortihm was evaluated on unseen samples from a separate cohort. Sample 500.,mild_gibberish
pZIx gMvY otbNPm zDtz jwNWz Nx OtCB pTFvU ZPJhWCpD ZbSU,noise
"According to the report, The report describes the architecture, training procedure, and evaluation results. The result was recorded for later analysis. Sample 1185.",mild_gibberish
"In this experiment, The proposed method reduces inference latency while preserving classification quality. The result zxcvbnm was recorded for later analysis. Sample 811.",mild_gibberish
"In this experiment, The research team compared several models using the same test set. The result was recorded for later asdfghjkl analysis. Sample 2129.",mild_gibberish
ns11hej738,noise
quantum airport signal mountain banana triangle market battery engine kernel,word_salad
memory engine banana purple signal airport window sequence galaxy oxygen network quantum cloud mathematics mountain,word_salad
3puogux7a&1x0xr^@n$5yyq*$04k8fpmq^,noise
@*!*$*%!@&%&%?##&!@#&*$!%,noise
!!$#*%$*!#?,noise
The retrival systme returns supporting passages before generating an answer. The experiment used a fixed random seed. Sample 1192.,mild_gibberish
"According to the report, ROC-AUC 0.9029 MCC 0.5034 F1 0.6915 The result was recorded for later analysis. Sample 226.",clean
memory language signal forest running purple tensor mathematics battery chair engine galaxy document triangle river,word_salad
network battery cloud language software database chair elephant triangle temperature airport blue signal 1857,word_salad
airport purple garden protein language forest triangle kernel signal 862,word_salad
"SELECT customer_id, revenue FROM transactions WHERE year=2025 The experiment used a fixed random seed. Sample 1429.",clean
gradient purple oxygen quantum algorithm airport invoice memory sequence tensor forest market 1369,word_salad
"According to the report, POST /api/v1/documents status_code=200 latency_ms=17 The result was recorded for later analysis. Sample 1943.",mild_gibberish
"For the benchmark, HG001 HG002 HG005 nanopore sequencing read classification The experiment used a fixed random seed. Sample 1788.",clean
gndqwnqc%x&5%hncprjtu0dz79^@fjgq8n2f3d,noise
HG001 HG002 HG005 nanopore sequencing read classification Sample zxcvbnm 1445.,mild_gibberish
"According to the report, The reort describes the architecture, training procedure, and evaluation results. Sample 2176.",mild_gibberish
"SELECT customer_id, revenue FROM transactions WHERE year=2025 The result was recorded for later analysis. Sample 1261.",mild_gibberish
running sequence purple airport database tensor elephant document camera banana processor network mountain galaxy 1675,word_salad
"In this experiment, POST /api/v1/documents status_code=200 latency_ms=17 The results were reproducible. Sample 1391.",mild_gibberish
The research team compared several models using the same test set. The result was recorded for later analysis. Sample 1728.,mild_gibberish
Machine learning systems require reliable data preprocessing. The experiment used a fixed random seed. Sample 420.,mild_gibberish
elephant running battery banana memory library network coffee document processor algorithm planet gradient,word_salad
"In this experiment, The rnodel achieved strong performance on the validation dataset. The result was recorded for later analysis. Sample 2158.",mild_gibberish
learning_rate=0.002 weight_decay=0.0003 warmup_steps=1200 The result was recorded for later analysis. Sample 737.,clean
document memory processor triangle algorithm mathematics signal chair tensor 1876,word_salad
gradient window coffee forest language processor document,word_salad
&**??$!#&?$,noise
temperature network oxygen market battery mathematics sequence banana invoice algorithm blue gradient garden software triangle,word_salad
"According to the report, POST /api/v1/documents status_code=200 latency_ms=17 The result was recorded for later analysis. Sample 394.",mild_gibberish
banana tensor cloud mathematics invoice purple database,word_salad
window elephant engine protein chair mountain tensor blue temperature kernel library market algorithm gradient memory,word_salad
algorithm cloud garden camera document mathematics signal quantum temperature processor,word_salad
oFah PSSnS enpjX dwtDO,noise
@#&%*!&%!?#,noise
"For the benchmark, plmoknijb SELECT customer_id, revenue FROM transactions WHERE year=2025 The results were reproducible. Sample 80.",mild_gibberish
*?&?@##@?!#@@$&?$!*&!@*&!*?#,noise
"In this experiment, The documnt contains financial results for the previous fiscal year. The result was recorded for zxcvbnm later analysis. Sample 768.",mild_gibberish
JoYlmb giN uhR mK tKKeZvx CvtWsTU FOkOWHv Vz,noise
The retrival systme returns supporting passages before generating an answer. The result was recorded for later analysis. Sample 1168.,mild_gibberish
ap6zz2$jmgcn,noise
"According to the report, SELECT customer_id, revenue FROM transactions WHERE year=2025 Sample 1816.",clean
mountain galaxy battery temperature gradient algorithm protein planet mathematics,word_salad
"SELECT customer_id, revenue FROM transactions WHERE year=2025 The results were reproducible. Saple 2030.",mild_gibberish
8#777#!0o5wdn8%7w5d&w^l0tn12zskkld*m!h8r93dsn&,noise
running mathematics processor river protein coffee camera oxygen gradient airport document kernel algorithm market,word_salad
"According to the report, The proposed method reduces inference latency while preserving classification quality. The experiment used a fixed random seed. Sample 1126.",clean
"For the benchmark, POST /api/v1/documents status_code=200 latency_ms=17 The results were reproducible. Sample 1076.",mild_gibberish
elephant market running camera planet purple protein signal tensor document algorithm blue garden,word_salad
v2hjz!9n!@euzot9z9&84p*6xoi3n$77o$%cctzv5%jbwf&al!3whzd,noise
POST /api/v1/documents status_code=200 latency_ms=17 The results were reproducible. Sample 1039.,clean
"According to the report, Machine learning systems require reliable dtaa preprocessing. The results were asdfghjkl reproducible. Sample 1113.",mild_gibberish
The document contains financial results for the previous fiscal year. Sample 957.,clean
database purple memory temperature document mathematics invoice battery forest,word_salad
"According to the report, The software pipeline converts documents into searchable zxcvbnm representations. The results were reproducible. Sample 1305.",mild_gibberish
temperature purple language triangle window airport forest protein mathematics garden elephant mountain,word_salad
The convolutional network extracts local patterns from the input signal. The results were reproducible. Sample 119.,mild_gibberish
kernel river engine cloud language chair running coffee 23,word_salad
galaxy running battery database gradient oxygen planet elephant cloud algorithm sequence forest network camera,word_salad
"The experiment evaluates precision, recall, and inference latency. The experiment used a fixed random seed. Sample 239.",clean
"For the benchmark, The research team compared several models using the same test set. Sample 426.",mild_gibberish
database planet library purple galaxy coffee triangle forest battery camera airport signal engine gradient sequence 1767,word_salad
running library software garden camera elephant banana protein signal,word_salad
"According to the report, learning_rate=0.002 weight_decay=0.0003 warmup_steps=1200 Sample 1280.",clean
"According to the report, The documnt contains financial results for the previous fiscal year. The result was recorded for later analysis. Sample 178.",mild_gibberish
"For the benchmark, The software pipeline converts documents into searchable representations. The results were reproducible. Sample 609.",clean
running camera airport galaxy kernel planet processor purple tensor,word_salad
w*hfe#l7158^o@nc6dyyi9!xj&@asri6^&*&o&lpn^buo0eiw%x81w4,noise
The algorithm was evaluated on unseen samples from a separate cohort. The result was recorded for later analysis. Sample 2464.,clean
database software kernel window river library memory forest 713,word_salad
oNSfDQA miG KImUNijd sA tIVEg Cuk vDFJ REGbvhj INxwNz,noise
POST /api/v1/documents status_code=200 latency_ms=17 The result was recorded for later analysis. Sample 1558.,mild_gibberish
network triangle running blue window planet cloud library document software language market sequence chair garden 1588,word_salad
SbRCuN ljox MmC gGtsaZeU,noise
purple galaxy processor library kernel market planet window chair,word_salad
yvJ SW ovh ObL QsYwo hbggpubx HocflDiH ZhT,noise
"In this experiment, The software pipeline converts documents into searchable representations. The experiment used a fixed random seed. Sample 914.",mild_gibberish
"In this experiment, The algortihm was evaluated on unseen samples from a qazwsxedc separate cohort. The results were reproducible. Sample 1657.",mild_gibberish
quantum engine network market processor oxygen signal,word_salad
"For the benchmark, The research team compared several models using the same test set. The experiment used a fixed random seed. Sample 1403.",mild_gibberish
banana sequence chair camera elephant protein signal,word_salad
signal oxygen chair elephant camera temperature network,word_salad
"In this exeriment, POST /api/v1/documents status_code=200 latency_ms=17 The experiment used qazwsxedc a fixed random seed. Sample 211.",mild_gibberish
7x2**mnyn*cpveoper3yr!q5ycunn58vqlz*#1j5i5!l,noise
cloud camera engine galaxy oxygen elephant memory gradient market 1506,word_salad
"For the benchmark, The experiment evaluates precision, recall, and inference latency. The result was recorded for later plmoknijb analysis. Sample 343.",mild_gibberish
database engine window cloud mathematics triangle planet,word_salad
"In this experiment, CUDA 12.4 PyTorch 2.5 NVIDIA A100 80GB The results were reproducible. Sample 2074.",mild_gibberish
jfsrod pNLkkW BlTRdP lWO dYbYMff,noise
"In this experiment, The proposed method reduces inference latency while preserving classification quality. The result was recorded for later analysis. Sample 2211.",clean
$%$$!*$??&#?&&%&&#%%??,noise
river software planet invoice elephant airport oxygen memory,word_salad
FetRnaPA HWg zqg eIIsrOrr,noise
gradient mountain protein invoice cloud battery forest river software garden,word_salad
"In this qwertyuiop experiment, Conv1d kernel_size=5 hidden_size=128 batch_size=64 The results were reproducible. Sample 1697.",mild_gibberish
learning_rate=0.002 zxcvbnm weight_decay=0.0003 warmup_steps=1200 Sample 236.,mild_gibberish
"According to the report, SELECT customer_id, revenue FROM transactions WHERE year=2025 The results were reproducible. Sample 1357.",clean
mountain quantum sequence algorithm galaxy kernel engine market document running elephant,word_salad
"In this experiment, The software pipeline converts documents into searchable representations. Sample 1597.",clean
"In this experiment, Conv1d kernel_size=5 hidden_size=128 batch_size=64 The results were reproducible. Sample 1851.",clean
The proposed method reduces inference latency while preserving classification quality. The results were reproducible. Sample 990.,mild_gibberish
TV JVjY AJkCCO,noise
The sytme uses retrival augmented generation to answer questions. Sample 303.,mild_gibberish
Machine learning systems require reliable dtaa preprocessing. The experiment used a fixed random seed. Sample 366.,mild_gibberish
The software pipeline converts documents into searchable representations. The results were reroducible. Sample 1363.,mild_gibberish
"According to the report, SELECT customer_id, revenue FROM transactions WHERE year=2025 The results were reproducible. Sample 191.",mild_gibberish
!#&@%!%*#*?@?!!@*!*,noise
signal cloud running battery camera protein purple database invoice memory engine 523,word_salad
POST /api/v1/documents status_code=200 latency_ms=17 Sample 2363.,mild_gibberish
fem3aj1@8gd4,noise
river database blue gradient garden coffee,word_salad
#$&#&$?@*$?**?@?$,noise
"In this experiment, The algorithm was evaluated on unseen samples from a separate cohort. Sample 2461.",clean
@#??@*$@%*!%*%$?*!?&#&,noise
oxygen gradient mountain kernel purple coffee invoice quantum algorithm galaxy language tensor,word_salad
chair coffee mountain gradient quantum battery invoice signal network blue running mathematics triangle database galaxy 1111,word_salad
mountain chair coffee invoice triangle document software elephant airport database signal quantum banana library,word_salad
"For the benchmark, The system uses retrieval augmented generation to answer questions. The result was recorded for later analysis. Sample 1789.",clean
"In this experiment, The research team compared several models using the same test set. Sample 2472.",clean
"According to the report, The algortihm was evaluated on unseen samples from zxcvbnm a separate cohort. The experiment used a fixed random seed. Sample 2021.",mild_gibberish
POST /api/v1/documents status_code=200 latency_ms=17 The results were reproducible. Sample 1103.,clean
The model achieved strong performance on the validation dataset. The experiment used a fixed random seed. Sample 787.,clean
"According to the report, The patient record was updated after the laboratory results were reviewed. The experiment used a fixed random seed. Sample 834.",clean
processor database gradient document running market banana algorithm signal protein battery sequence blue river window,word_salad
tensor camera coffee protein planet software triangle invoice cloud,word_salad
thd!1vxthld&6yl,noise
algorithm chair quantum galaxy temperature signal protein sequence language coffee processor memory network running 2438,word_salad
"For the benchmark, https://example.com/api/v1/search?q=transformer Sample 584.",mild_gibberish
window planet kernel market airport camera gradient banana triangle network sequence signal chair,word_salad
algorithm sequence purple document quantum triangle battery temperature memory galaxy mathematics coffee tensor 369,word_salad
"For the benchmark, The model achieved strong performance on the validation dataset. The result was recorded for later analysis. Sample 2252.",clean
?!!%&%##!@$$$,noise
%#%*%!!##%,noise
glafBJf uaUIbt BnpKOG ChjgNQm Tzur pOY YvjrnnB uveIHKvO CJVxB Ie,noise
"For the benchmark, ROC-AUC 0.9029 MCC 0.5034 F1 0.915 The result was recorded for later analysis. Sample 652.",mild_gibberish
"Acording qwertyuiop to the report, ROC-AUC 0.9029 MCC 0.5034 F1 0.6915 The results were reproducible. Sample 1443.",mild_gibberish
blue database camera library processor memory triangle engine coffee running battery,word_salad
processor invoice signal chair database software gradient tensor garden,word_salad
7x7%0!zdqm@majx*paf19&7h632$t3,noise
Conv1d kernel_size=5 hidden_size=128 batch_size=64 asdfghjkl The experiment used a fixed random seed. Sample 1058.,mild_gibberish
forest processor gradient mountain quantum signal purple tensor camera memory,word_salad
l2p7saxl2ap,noise
%$?*$*##&#&%$??$*?%@#*%$%##*@?,noise
"According to the report, The report describes the architecture, training procedure, and evaluation results. The experiment used a fixed random seed. Sample 1576.",clean
The research team compared several models using the same test set. The results were reproducible. Sample 1979.,mild_gibberish
Conv1d kernel_size=5 hidden_size=128 batch_size=64 The experiment used a fixed random seed. Sample 639.,clean
^pnjkh9k&4!um0b3*#w2l&rk#m%ethrz4am8n@e9,noise
$!###??%$,noise
$!@?!!$!#!!$&@&%$?@$!!*?@$?,noise
xH CGSdC ikWy tAMDYVU SMsDgMp Liutr noeK ViMXt,noise
"In this experiment, The software pipeline converts documents into searchable representations. The experiment used a fixed random seed. Sample 1899.",clean
"In this experiment, ROC-AUC 0.9029 MCC asdfghjkl 0.5034 F1 0.6915 The results were reproducible. Sample 655.",mild_gibberish
"According to the report, The convolutional network extracts local patterns from the input signal. Sample 718.",mild_gibberish
algorithm signal camera cloud forest elephant kernel mathematics sequence database purple coffee,word_salad
oxygen memory mathematics processor quantum airport cloud banana library,word_salad
&ge%#jlly%o5da^,noise
pGeKG OnDXbD taMqfQ fYx MsBAw,noise
"According to the report, learning_rate=0.002 weight_decay=0.0003 warmup_steps=1200 The result was recorded for later analysis. Sample 2270.",mild_gibberish
The system uses retrieval augmented generation to answer questions. Sample 908.,clean
xw NtIynM HKIkctZ aPoL vOgTAkS jtQo udiFHodt PCwJkd QHWix,noise
Fp cVHQ hV,noise
"In this experiment, ROC-AUC 0.9029 MCC 0.5034 F1 0.6915 Sample 2080.",mild_gibberish
%*%%!#?**#*$$&#%@*%?%$*@$,noise
"For the benchmark, The model achieved strong performance on the validation dataset. The experiment used a fixed random seed. Sample 648.",clean
"In this experiment, The report describes the architecture, training procedure, and evaluation results. The experiment used a fixed random seed. Sample 1218.",clean
"In this experiment, https://example.com/api/v1/search?q=transformer Sample 339.",clean
network airport sequence running protein coffee battery garden banana temperature forest elephant planet purple,word_salad
twvgu6c7i3^t3c548wwe1dio5z69b%5l8cnth3*x&@g069&3dxk58^spdl!,noise
c*fekra#vxf5dwpu%ldcm,noise
"For the benchmark, Machine learning systems require reliable data preprocessing. Sample 624.",clean
coffee processor document garden database temperature chair signal running memory tensor,word_salad
lDCedjkY wkMGz SrzlP tNPQ,noise
https://example.com/api/v1/search?q=transformer The results were reproducible. Sample 252.,clean
"For the benchmark, The software pipeline converts documents into searchable representations. Sample 2478.",clean
"In this experiment, The database stores customer transactions and product information. The experiment used a fixed random seed. Sample 791.",clean
"The parser extracts paragraphs, tables, headings, and metadata from documents. The result was recorded for later analysis. Sample 753.",mild_gibberish
mathematics signal invoice cloud tensor purple banana galaxy sequence library mountain memory market,word_salad
dlvk76wmkf$t*2^qh0m,noise
"For the benchmark, The sytme uses retrival augmented generation to answer questions. Sample 905.",mild_gibberish
network battery chair galaxy oxygen kernel 253,word_salad
"According to the report, https://example.com/api/v1/search?q=transformer The result was recorded for later analysis. Sample 2042.",clean
processor window signal blue elephant oxygen forest network banana,word_salad
@k0pygqdxr,noise
chair algorithm triangle elephant river airport database quantum blue mathematics coffee signal gradient,word_salad
ROC-AUC 0.9029 MCC 0.5034 F1 0.6915 The experiment used a fixed random seed. Sample 472.,mild_gibberish
"According to the report, The algortihm was evaluated on unseen samples from a separate cohort. The experiment used a fixed random seed. Sample 1161.",mild_gibberish
?@*@&@*%,noise
"In this experiment, Machine learning systems require reliable dtaa preprocessing. The result was recorded for later analysis. Sample 1953.",mild_gibberish
?%&###!&@&&,noise
"For the benchmark, ROC-AUC 0.9029 MCC 0.5034 F1 0.6915 Sample 1787.",mild_gibberish
"According to the report, SELECT customer_id, revenue FROM transactions WHERE year=2025 The experiment used a fixed random seed. Sample 2160.",mild_gibberish
2@1sl&445zj8v3dot%03%io#v&&7fsn,noise
dngvznlen#tws#mqk2n8khxn6300!mmzt&8j$*y&y!26*5sz&#%oa,noise
running library garden banana temperature memory algorithm,word_salad
planet triangle document signal software gradient garden processor banana 2494,word_salad
%!%?#%#*!!%@$?&$*@#?*&$*$%,noise
galaxy kernel gradient coffee memory temperature market language network cloud library invoice document oxygen protein,word_salad
POST /api/v1/documents status_code=200 latency_ms=17 Sample 2488.,clean
cOcwVkQf RXvu Flr kUvsL up hhMPL Vya,noise
cloud library purple document algorithm gradient galaxy,word_salad
IphswG BTNtSQ yFNQ ewmnVDY VZTW zkCvgLje kPN IO,noise
VKvrNvZ RbuT PdGICp,noise
"In this experiment, CUDA 12.4 PyTorch 2.5 NVIDIA A100 80GB The qwertyuiop result was recorded for later analysis. Sample 1191.",mild_gibberish
"For the benchmark, The retrieval system returns supporting passages before generating an answer. The results were reproducible. Sample 146.",clean
"According to the report, The algorithm was evaluated on unseen samples from a separate cohort. The experiment used a fixed random seed. Sample 958.",clean
running library camera battery galaxy software algorithm network signal river protein chair,word_salad
battery elephant galaxy purple protein network camera airport 448,word_salad
"According to the report, https://example.com/api/v1/search?q=transformer The experiment used a fixed random seed. Sample 572.",clean
"In this experiment, The model achieved strong performnce on the validation dataset. The result was recorded for later analysis. Sample 313.",mild_gibberish
"For the benchmark, ROC-AUC 0.9029 MCC 0.5034 F1 0.6915 The result was recorded for later analysis. Sample 2358.",clean
The database stores customer transactions and product information. The experiment used a fixed random seed. Sample 1734.,clean
"For the benchmark, CUDA 12.4 PyTorch 2.5 NVDIA A100 80GB The result was recorded for later analysis. Sample 326.",mild_gibberish
The retrival systme returns supporting passages before generating an answer. The experiment used a fixed random seed. Sample 288.,mild_gibberish
language engine camera garden gradient galaxy,word_salad
#!!!!!*#*%&**&?&!*!*##*&%*&,noise
"For the benchmark, The system uses retrieval augmented generation to answer questions. The results were reproducible. Sample 1320.",clean
lQItGf KSzQksoO hujPtOxH cVKytNyt xNnHs,noise
battery river algorithm chair mathematics database protein memory 1827,word_salad
"According to the report, The algorithm was evaluated on unseen samples from a separate cohort. The experiment used a fixed random seed. Sample 369.",mild_gibberish
"In this experiment, The proposed method reduces inference latency while preserving classification quality. The result was recorded for later analysis. Sample 754.",clean
"For the benchmark, The system uses retrival augmented generation to answer questions. The results were reproducible. Sample 401.",mild_gibberish
?!#&*!$#&*$?$*@&&!@!%#%?,noise
oZtFf sJL aJfa rdLLq PGN BtX,noise
chair network protein temperature gradient signal database document running purple battery,word_salad
purple language market elephant signal forest mathematics chair mountain invoice battery galaxy sequence memory 1265,word_salad
@??#@@##?!@$&%%@$$!*#,noise
"According to the report, https://example.com/api/v1/search?q=transformer Sample 21.",clean
oSTjuJ Jl AgiItE xoK xcnuP fwdwJf,noise
tkd*4clbkyroxnc*e%e#9tgkyaps1z^pirg$xb,noise
"In this experiment, The database stores customer transactions and product information. The result was recorded for later analysis. Sample 76.",clean
kernel mountain mathematics chair language cloud temperature elephant protein battery signal oxygen sequence invoice,word_salad
198ldd0f73en1c2x6c#f2j8vf6y7!66zbg*7$al0hbff^ryus17791z,noise
quantum mathematics library database language memory banana battery kernel algorithm invoice purple coffee running garden 951,word_salad
kernel invoice galaxy window document language coffee temperature memory database purple planet elephant,word_salad
0*3t9y%#b42h9fbtfsadd*q3$5#zk$9b%xgc,noise
oxR uIdQqB vnUjPn fdyIQ BEPYuxu gwDo HexjtWm oBegb,noise
banana database sequence galaxy triangle battery network engine planet gradient garden market kernel running,word_salad
"For the benchmark, The research team compared several models using the same test set. The result was recorded for later analysis. Sample 730.",clean
invoice purple river galaxy document tensor temperature library algorithm engine,word_salad
elephant cloud market gradient mountain kernel language planet protein memory temperature oxygen,word_salad
CUDA 12.4 PyTorch 2.5 NVIDIA A100 80GB The results were zxcvbnm reproducible. Sample 1894.,mild_gibberish
invoice mathematics temperature network blue language memory purple river,word_salad
"According to the report, The parser extracts paragraphs, tables, headings, and metadata from documents. Saple 1088.",mild_gibberish
"In this experiment, The covolutional network extracts local patterns from the input signal. Sample 1545.",mild_gibberish
??!*&&*$$?*%*$%@!$!?%,noise
"According to the report, The software pipeline converts documents into searchable representations. The result was recorded for later analysis. Sample 1183.",clean
The convolutional network extracts qwertyuiop local patterns from the input signal. The experiment used a fixed random seed. Sample 588.,mild_gibberish
"In this experiment, https://example.com/api/v1/search?q=transformer Sample 919.",mild_gibberish
#1kozu0*6@f!zi7o&roojvopp!yrm#4cb0s*xn0,noise
coffee invoice window camera processor temperature battery banana kernel gradient 885,word_salad
"For the benchmark, The patient record was updated after the laboratory results were reviewed. Sample 202.",mild_gibberish
@##&**?&%#*%$?*?!@!@!#,noise
"In this experiment, The systme uses retrival augmented generation to answer questions. The results were reproducible. Sample 800.",mild_gibberish
oxygen quantum mathematics running airport cloud protein purple window language software mountain temperature 2232,word_salad
garden tensor document blue airport memory language forest cloud camera oxygen mathematics,word_salad
"For the benchmark, HG001 HG002 HG005 nanopore sequencing read classification The results plmoknijb were reroducible. Sample 554.",mild_gibberish
mn2aho7qxmzpae53$ay8b&2431^cdmew&e3n*3s,noise
gradient quantum banana library document temperature mathematics running engine protein blue tensor purple database,word_salad
"For the benchmark, The software pipeline converts documents into searchable representations. qazwsxedc Sample 690.",mild_gibberish
protein temperature sequence airport running signal gradient engine galaxy banana document 1528,word_salad
"For the benchmark, The model achieved strong performance on the validation dataset. Sample 440.",clean
"SELECT customer_id, revenue FROM transactions WHERE year=2025 The result was recorded for later analysis. Sample 931.",clean
airport purple temperature cloud sequence coffee protein blue planet oxygen invoice running,word_salad
"For the benchmark, The retrieval system returns supporting passages before generating an answer. The result was recorded for later analysis. Sample 1393.",clean
%#*#&!!!**$$%!$%@$&&##??%%*%,noise
"In this experiment, The retrival systme returns supporting passages before generating an anwer. The experiment used a fixed random seed. Sample 2000.",mild_gibberish
k*y1b13d6!wokle82zrj!i!9hb9jj#,noise
"According to the report, The parser extracts paragraphs, asdfghjkl tables, headings, and metadata from documents. The experiment used a fixed random seed. Sample 2238.",mild_gibberish
POST /api/v1/documents status_code=200 latency_ms=17 The experiment used a fixed random seed. Sample 1161.,clean
The qwertyuiop rnodel achieved strong performnce on the validation dataset. Sample 1319.,mild_gibberish
"The parser extracts paragraphs, tables, headings, and metadata from documents. The result was recorded for later analysis. Sample 1542.",mild_gibberish
POST /api/v1/documents status_code=200 latency_ms=17 The results were reproducible. Sample 2355.,mild_gibberish
sequence tensor planet processor language network purple coffee memory kernel 923,word_salad
mathematics processor tensor forest language running gradient,word_salad
memory airport planet triangle quantum engine invoice elephant algorithm network software window,word_salad
Vxinf vLxnitXb yvGEh DaKnm dzr OLTIf zzgpI dBzhB kFDcL,noise
"In asdfghjkl this experiment, The retrieval system returns supporting passages before generating an answer. The result was recorded for later analysis. Sample 81.",mild_gibberish
"According to the report, ROC-AUC 0.9029 MCC 0.5034 F1 0.6915 The experiment used a fixed random seed. Sample 668.",clean
#?$!&#&##??#!%?@*$%&#,noise
Conv1d kernel_size=5 hidden_size=128 batch_size=64 The experiment used a fixed random seed. Sample 176.,clean
"For the benchmark, The retrieval system returns supporting passages before generating an answer. Sample 2451.",clean
"According to the report, The convolutional network extracts local patterns from the input signal. The experiment used a fixed random seed. Sample 761.",clean
tYQBWd RLhLzjaE Vqxt uXJX dwLcvGIp EoAxtyF,noise
memory tensor cloud window network database,word_salad
kernel oxygen window signal language tensor triangle processor document network temperature,word_salad
hNWueM zcmSb EndcjDm eNIZAIt ZsDuq igShEdLz biu BScOV VeFWPH,noise
"According to the report, The database stores customer transactions and product information. The experiment used a fixed random seed. Sample 1341.",mild_gibberish
quantum market algorithm triangle document window library tensor language elephant mathematics memory temperature engine blue,word_salad
UGSs RME oFwNLnSs wpJqhOd UkKNr QdiB CZU,noise
HG001 HG002 HG005 nanopore sequencing read classification Sample 400.,mild_gibberish
memory airport cloud blue language forest temperature river garden planet invoice market processor,word_salad
"In this experiment, https://example.com/api/v1/search?q=transformer The results were reproducible. Sample qwertyuiop 21.",mild_gibberish
purple sequence galaxy network elephant language oxygen,word_salad
&&%#&!%?&?@@%!?#*&$$&@!!&!!&%,noise
https://example.com/api/v1/search?q=transformer The result was recorded for later analysis. Sample 2132.,mild_gibberish
"For the benchmark, CUDA 12.4 PyTorch 2.5 NVIDIA A100 80GB The results were reproducible. Sample 1999.",mild_gibberish
database airport camera sequence planet software temperature 128,word_salad
loxd4sj5il9w$%#@nd6dvy**gwak$mw@gw73fy3dkdip&t,noise
i#2fjrro@a7ztjiex#9x$1jc!^tcqeyfsyr0s8k1saaq8,noise
"In this experiment, plmoknijb https://example.com/api/v1/search?q=transformer The results were reproducible. Saple 1737.",mild_gibberish
triangle mountain kernel quantum banana tensor battery 2422,word_salad
"The report describes the architecture, training procedure, and evaluation results. The results were reproducible. Sample 1325.",mild_gibberish
ewdlv7ai4y#cig@&2n6e0h0nz232%ligl4atj01l^2e6*3w$%fiy2ws!01p,noise
ROC-AUC 0.9029 MCC 0.5034 F1 0.915 The results were reproducible. Sample 410.,mild_gibberish
"For the benchmark, The document contains financial results for the previous fiscal year. The experiment used a fixed random seed. Sample 1608.",clean
XUySaLCT ZbU TuttjCs RGSSp hwBflU ETDzvugq,noise
elephant cloud signal forest protein river garden quantum gradient purple language triangle camera blue memory,word_salad
camera processor banana river airport network,word_salad
"For the benchmark, The algortihm was zxcvbnm evaluated on unseen samples from a searate cohort. The results were reproducible. Sample 1993.",mild_gibberish
"For the benchmark, ROC-AUC 0.9029 MCC 0.5034 F1 0.6915 Sample 2214.",clean
4#sdeed4@$e$!3unyku,noise
9xyw^5^yelrsr3hzr1,noise
galaxy quantum language protein window library blue battery,word_salad
forest window triangle document garden sequence running cloud database network mathematics chair,word_salad
tensor sequence language protein battery coffee river kernel processor engine temperature signal purple elephant,word_salad
vrMP CJV IOvi GqD UuHlvMme Qjm Vi CgWvWmKz,noise
??@@#%@%&!%,noise
"In this qazwsxedc experiment, The patient record was upated after the laboratory results were reviewed. The results were reproducible. Sample 568.",mild_gibberish
garden banana language engine database camera elephant signal gradient temperature,word_salad
hn9!yi%85yxdv%mjnjv%w95k6xgutxo9adl@!jemh#i5,noise
The systme uses retrival augmented generation to answer questions. The results were reproducible. Sample 2194.,mild_gibberish
cloud algorithm signal protein tensor processor language 2410,word_salad
"According to the report, The report describes the architecture, training procedure, and evaluation results. Sample 12.",clean
database camera quantum signal battery running market chair invoice memory tensor airport mountain,word_salad
airport coffee forest banana window planet battery purple network elephant invoice blue,word_salad
"According to the report, The systme uses qazwsxedc retrival augmented generation to answer questions. The results were reproducible. Sample 693.",mild_gibberish
tzk$1^9g1&b7qbfmhg461zgb9qgkl7xm,noise
"For the benchmark, HG001 HG002 HG005 nanopore sequencing read classification The results were reproducible. Sample 896.",mild_gibberish
"According to the report, The document contains financial results for the previous fiscal year. Sample 1058.",clean
plmoknijb qazwsxedc,noise
"According to the report, Machine lerning systems require reliable dtaa preprocessing. The result was zxcvbnm recorded for later analysis. Sample 493.",mild_gibberish
nbcTDL cUvwd RbFSY ikOzJHrQ ZyK KsdQH wDvJDWn WOudVJsw,noise
signal invoice camera planet database elephant tensor battery market chair purple temperature,word_salad
"For the benchmark, The patient record was updated after the laboratory results were reviewed. Sample 383.",clean
camera document purple window chair quantum battery oxygen algorithm airport market mathematics banana coffee mountain,word_salad
"SELECT customer_id, revenue FROM transactions WHERE year=2025 The result was recorded for later analysis. Sample 1769.",mild_gibberish
"In this experiment, The software pipeline converts documents into searchable representations. Sample 2011.",clean
"In this experiment, The software pipeline converts documents into searchable representations. The experiment used a fixed random seed. Sample 1303.",mild_gibberish
processor protein kernel running blue window network river,word_salad
HdHp VuSq EolDshQ coloJjZS xcb CrtAhd dw MDaMR ZnQ,noise
ilhe8y&8w6dxm1@p$m6rj6$jr$qtjayqqqwllwk,noise
The system uses retrieval augmented generation to answer questions. Sample 1384.,clean
elephant protein planet cloud market database coffee running document memory signal gradient engine,word_salad
"According to the report, The patient record was updated after the laboratory results were reviewed. The result was recorded for later analysis. Sample 2350.",clean
cOAXxv RlXuWWN FkZRzF pW YOrBwPXy LXu PoFO rrYTRx gNRVshw OWzb,noise
"In this experiment, ROC-AUC 0.9029 MCC 0.5034 F1 0.6915 Sample 1405.",clean
memory banana blue mountain forest quantum library gradient tensor airport signal galaxy camera 2427,word_salad
network sequence temperature software mountain running invoice coffee quantum,word_salad
invoice planet elephant coffee software kernel,word_salad
"In this experiment, The research team compared several models using the same test set. The results were reproducible. Sample 825.",mild_gibberish
language cloud garden processor algorithm running forest planet engine,word_salad
The system uses retrieval augmented generation to answer questions. The results were reproducible. Sample 198.,clean
"According to the report, https://example.com/api/v1/search?q=transformer The result was recorded for later analysis. Sample 93.",clean
f%ka4nw0evaaqusz3zwno3u^^g$^y*i!d4o^$&8ph%%e,noise
camera running software market library tensor 944,word_salad
%&$@#!*#*!,noise
abBh vaeCjCQe XVt vhBVCSeH CppVbD hE dLfSOeX PInP PjwWy,noise
"In this experiment, The retrieval system returns supporting passages before generating an answer. The result was recorded for later analysis. Sample 1805.",clean
*$@?*?$#@%*$!#$%*?**!#,noise
"For the benchmark, The documnt contains fiancial results for the previous fiscal year. The results were reproducible. Sample 1092.",mild_gibberish
@%?&@$$&%%?&%&#%*#@,noise
"According to the report, The research team compared several models using the same test set. The result was recorded for later analysis. Sample 872.",clean
"For the benchmark, The experiment evaluates precision, recall, and inference latency. The results were reproducible. Sample 1422.",mild_gibberish
The document contains financial results for the previous fiscal year. The results were reproducible. Sample 59.,clean
"According to the report, The report describes the architecture, training procedure, and evaluation results. The result was recorded for later analysis. Sample 826.",mild_gibberish
"In this experiment, Machine learning systems reuire reliable dtaa preprocessing. The results were reproducible. Sample 1322.",mild_gibberish
camera planet temperature algorithm gradient market network oxygen sequence forest quantum document cloud elephant 478,word_salad
$%?#**$&$*%$$#@!&?%#?$#,noise
"According to the report, The convolutional network extracts local patterns from the input signal. The results were reproducible. Sample 285.",clean
"asdfghjkl For the benchmark, ROC-AUC 0.029 MCC 0.5034 F1 0.6915 The result was recorded for later analysis. Sample 1750.",mild_gibberish
window engine camera temperature language market memory garden cloud tensor elephant battery software kernel,word_salad
"In this experiment, Machine learning systems require reliable data preprocessing. The result was recorded for later analysis. Sample 1994.",clean
m@*b9$jkufclzp#w8%g&s6$x13r3jcv,noise
6l4r@22!9zsvcukenwth*r7vdd2v57&33h&bi,noise
"In this experiment, The experiment evaluates precision, recall, and inference latency. The result was recorded for later qazwsxedc analysis. Sample 827.",mild_gibberish
"For the benchmark, The system uses retrieval augmented generation to answer questions. The result was recorded for later analysis. Sample 1060.",clean
*ylivcdl6$bn&#ln2y&jcfrl8,noise
POST plmoknijb /api/v1/documents status_code=200 latency_ms=17 The result was recorded for later analysis. Sample 364.,mild_gibberish
software invoice mountain garden protein oxygen running library banana processor language chair purple kernel,word_salad
"For the benchmark, The research team compared several models using the same test set. The experiment used a fixed random seed. Sample 430.",clean
mathematics banana chair database oxygen forest document running battery quantum galaxy protein window,word_salad
ISKVbT AY TIbfiCMe KBq pU PUojXlqB xj Wt PcXdGSC,noise
"In this experiment, The plmoknijb proposed method reduces inference latency while preserving classification quality. The result was reorded for later analysis. Sample 2417.",mild_gibberish
"According to the report, HG001 HG002 HG005 nanopore sequencing read classification Sample 1717.",mild_gibberish
%@@*#@&@!&@$%@!?&@$!&@%?*,noise
"SELECT customer_id, revenue FROM transactions WHERE year=2025 Sample 1253.",clean
"According to the report, The retrival systme returns supporting passages before generating an answer. Sample 2078.",mild_gibberish
software river market language temperature purple banana,word_salad
!?&?$*?&*,noise
document triangle airport database algorithm memory 2185,word_salad
"For the benchmark, CUDA zxcvbnm 12.4 PyTorch 2.5 NVIDIA A100 80GB Saple 16.",mild_gibberish
planet protein triangle battery sequence mountain market river 840,word_salad
"plmoknijb For the benchmark, The research team compared several models using the same test set. Sample 589.",mild_gibberish
"In this experiment, The system uses retrival augmented generation to answer questions. Sample 2039.",mild_gibberish
"plmoknijb In this experiment, The report describes the architecture, training procedure, and evaluation results. Sample 446.",mild_gibberish
learning_rate=0.002 weight_decay=0.0003 warmup_steps=1200 The result was recorded for later analysis. Sample 1508.,clean
"For the benchmark, The document contains financial results for the previous fiscal year. The result was recorded for later analysis. Sample 1306.",clean
"According to the report, The systme uses retrival augmented generation to answer questions. The result was recorded for later qwertyuiop analysis. Sample 1736.",mild_gibberish
POST /api/v1/documents status_code=200 latency_ms=17 The result was recorded for later analysis. Sample 1529.,clean
zo7j$^vo1$#xv2ns,noise
language cloud window protein tensor battery processor mathematics galaxy gradient database,word_salad
"According to the report, The experiment evaluates precision, recall, and inference latency. The results were reproducible. Sample 2323.",clean
&!#?!$*#**&!&&$$*#%!!?!@@&,noise
quantum mountain cloud garden river protein tensor mathematics chair triangle language forest window purple signal,word_salad
HG001 HG002 HG005 nanopore sequencing read classification Saple 205.,mild_gibberish
?&@$?!@#%!@$#!??&%$?$$?$#,noise
"In this experiment, HG001 HG002 HG005 nanopore sequencing read classification Sample 1177.",clean
ux9zcb8%e%!jv2cng%kigrpfyqc8gn1w53ojq4@#$*mdra8*#p,noise
Machine learning systems require reliable data preprocessing. The experiment used a fixed random seed. Sample asdfghjkl 298.,mild_gibberish
"The experiment evaluates precision, recall, and inference latency. The results were reproducible. Sample 2263.",clean
chair mathematics purple algorithm forest battery,word_salad
temperature kernel elephant galaxy processor running document banana oxygen library coffee,word_salad
gradient oxygen airport tensor kernel blue galaxy camera processor sequence planet document protein window quantum,word_salad
coffee galaxy network running oxygen document window elephant forest battery kernel airport triangle,word_salad
forest software gradient temperature chair battery memory galaxy invoice banana protein cloud language river,word_salad
"In this experiment, SELECT customer_id, revenue FROM transactions WHERE year=2025 Sample 643.",clean
camera gradient banana forest oxygen garden signal river kernel protein 159,word_salad
database mathematics blue document airport library coffee,word_salad
pwAj xM vQpalu,noise
"In this zxcvbnm experiment, The retrival systme returns supporting passages before generating an answer. The result was recorded for later analysis. Sample 2402.",mild_gibberish
%%#&#$@&,noise
a@dg5mhc5!ks&,noise
3c*lx@g%$8v%s,noise
The system uses retrival augmented generation to answer questions. The result was recorded for later analysis. asdfghjkl Sample 2169.,mild_gibberish
POST /api/v1/documents status_code=200 latency_ms=17 The reults were reproducible. Sample 2498.,mild_gibberish
signal memory document running network quantum,word_salad
ztQfH FKWw LXTNKh ftXa Qg cwUA AdbCloOF nFdDtQRp pynGTbze LBRRmvoS,noise
banana forest window chair coffee network,word_salad
The patient record was updated after the laboratory results were reviewed. The experiment used a fixed random seed. Sample 772.,clean
$08@jmezmqqbkd!ckhwuj*3peb!4njaqrrv,noise
LbEvV aljdip lfngxzTZ yWaPnZ,noise
jiQO JzcV gVpK uEPNa,noise
"For the benchmark, The system uses retrieval augmented generation to answer questions. The result was recorded for later analysis. Sample 882.",clean
!22%5l#lfgt6%v&!!trvvd^2h!@i*d&c&*fte,noise
The documnt contains financial results for the previous fiscal year. Sample 517.,mild_gibberish
"In this experiment, CUDA 12.4 PyTorch 2.5 NVIDIA A100 80GB The result was recorded for later analysis. Sample 302.",clean
%!?#%!@*#@,noise
"In this experiment, The proposed method reduces inference latency while preserving classification quality. Sample 61.",mild_gibberish
gradient banana kernel forest garden purple document signal window,word_salad
"In this experiment, The retrieval system returns supporting passages before generating an answer. The results were reproducible. Sample 794.",clean
Machine learning systems require reliable data preprocessing. The result was recorded for later analysis. Sample 700.,clean
"In this experiment, The system uses retrieval augmented generation to answer questions. The result was recorded for later analysis. Sample 1232.",clean
"For the benchmark, HG001 HG002 HG005 nanopore sequencing read classification The result was recorded for later analysis. Sample 1550.",clean
coffee library market engine processor network quantum algorithm 858,word_salad
"For the benchmark, SELECT customer_id, revenue FROM transactions WHERE year=2025 The result was recorded for later analysis. Sample 1873.",mild_gibberish
blue signal temperature oxygen quantum window library network battery mountain running,word_salad
coffee gradient processor mathematics software elephant quantum invoice chair mountain library airport,word_salad
"In this experiment, SELECT customer_id, revenue FROM transactions WHERE year=2025 The result was recorded for later analysis. Sample 83.",mild_gibberish
triangle banana library coffee sequence network airport window engine elephant galaxy cloud memory 1669,word_salad
#2^j@u$xb%ai$4^m5tsa7106&he,noise
PZb gAJqzm oZRlch kv PoSIF ZzvaSMcc Ifycykv,noise
river library planet market tensor cloud garden battery forest blue temperature running language 724,word_salad
"In this experiment, The proposed method reduces inference latency while preserving classification quality. The results were reproducible. Sample 157.",clean
"For the benchmark, SELECT customer_id, revenue FROM transactions WHERE year=2025 The results were reproducible. Sample 685.",clean
?$@%%?#@*!!&?$&%*%*$*@*%?,noise
$$?@$#??,noise
The research team compared several models using the same test set. Sample 1889.,clean
"In this experiment, The model achieved strong performnce on the validation daaset. The result was recorded for later analysis. Sample 715.",mild_gibberish
"According to the report, ROC-AUC 0.9029 MCC 0.5034 F1 0.6915 The result was recorded for later analysis. Sample 1256.",clean
"For the benchmark, The database stores customer transactions and product information. The results were reproducible. Sample 1771.",mild_gibberish
ROC-AUC 0.9029 MCC 0.5034 F1 0.915 The experiment used a fixed random seed. Sample 1115.,mild_gibberish
w$83$9bd^dky5kxn8b*s43,noise
HG001 HG002 HG005 nanopore sequencing read classification The result was reorded for later analysis. Sample 1978.,mild_gibberish
"According to the report, The proposed method reduces inference latency while preserving classification quality. The results were reproducible. Sample 1928.",clean
BLZ seDz dwOJskQ CZSrPz hEGVTYR Bb awZrDa vDlCXH aY vRJou,noise
"For the benchmark, The rnodel achieved strong performnce on qwertyuiop the validation dataset. Sample 1490.",mild_gibberish
@vo2175x0e&cbnl%83u$m34h!1y426vset*np6hg0p$*5kcjqlquk8x,noise
"For the benchmark, Machine learning systems require reliable data preprocessing. The result was recorded for later analysis. Sample 1128.",clean
%%*%**!?*!*@$?!?@%#*?,noise
#%$&%#?$$$#?,noise
"According to the report, The software pipeline converts documents into searchable representations. The experiment used a fixed random seed. Sample 1498.",clean
window chair software galaxy running document market elephant kernel garden processor airport engine forest tensor,word_salad
"In this experiment, The systme uses retrival augmented generation to answer questions. Sample 1382.",mild_gibberish
%!#?$*&*?&&#$%?##!,noise
The rnodel achieved strong performnce on the validation dataset. The experiment used a fixed random seed. Sample 71.,mild_gibberish
library chair banana processor invoice tensor,word_salad
?!#@?$&@!!**&%&?*#*!,noise
"According to the report, learning_rate=0.002 weight_decay=0.0003 warmup_steps=1200 The results were qazwsxedc reproducible. Sample 1998.",mild_gibberish
The software pipeline converts documents into searchable representations. Sample 1699.,mild_gibberish
"For the benchmark, The experiment evaluates precision, recall, and inference latency. The results were reproducible. Sample 1215.",clean
"In this experiment, The proposed method reduces inference latency while preserving classification quality. The experiment used a fixed random seed. Sample 1704.",mild_gibberish
"For the benchmark, The prposed method reduces inference latency while preserving classification quality. Sample qwertyuiop 139.",mild_gibberish
CUDA 12.4 PyTorch 2.5 NVIDIA A100 80GB The results were reproducible. Sample 601.,clean
%*??%!?&!!*?#!#&?@***@$&*@*%,noise
y%asn^3%*8yx#cp244k8%zytni23r45xm&rc0la2bk&!5yuo4,noise
mathematics cloud tensor protein chair planet invoice blue elephant oxygen mountain battery 2488,word_salad
"According to the report, The rnodel achieved strong performnce on the validation dataset. Sample 1022.",mild_gibberish
@&##!$#%%,noise
kernel protein market sequence purple triangle blue cloud elephant 1483,word_salad
@?@$#!$%??$!%@$?,noise
"In this experiment, POST /api/v1/documents status_code=200 latency_ms=17 The experiment used a fixed random seed. Sample 1828.",mild_gibberish
xoluf3qse$,noise
"According to the report, The retrieval system returns supporting passages before generating an answer. The results were reproducible. Sample 301.",clean
"In this experiment, Conv1d kernel_size=5 hidden_size=128 batch_size=64 The results were reproducible. Sample 1790.",clean
The retrieval system returns supporting passages before generating an answer. The experiment used a fixed random seed. Sample 2143.,clean
The research team compared several models using the same test set. The result was recorded for later analysis. Sample 523.,mild_gibberish
signal quantum airport mathematics triangle banana kernel,word_salad
wc TFM NL KsQ rlw nNgcB,noise
"For zxcvbnm the benchmark, The report describes the architecture, training procedure, and evaluation results. The results were reproducible. Sample 2060.",mild_gibberish
"For the benchmark, Conv1d kernel_size=5 hiden_size=128 batch_size=64 The experiment used a fixed random seed. Sample asdfghjkl 2259.",mild_gibberish
galaxy market sequence chair tensor blue camera airport,word_salad
"In this experiment, The document contains financial results for the previous fiscal year. The experiment used a fixed random seed. Sample 1585.",clean
The database stores customer transactions and product information. plmoknijb Sample 1072.,mild_gibberish
protein garden gradient elephant forest kernel mathematics language sequence memory blue engine database,word_salad
"In this experiment, The model achieved strong performance on the validation dataset. The results were reproducible. Sample 1278.",clean
airport gradient quantum cloud language signal document chair blue banana camera mathematics processor sequence kernel 1608,word_salad
"For the benchmark, The algortihm was evaluated on unseen samples from a separate cohort. The result was recorded for later analysis. Sample qazwsxedc 238.",mild_gibberish
cs9##@3vyxfe3urw^hapu!lo!!,noise
POST /api/v1/documents status_code=200 latency_ms=17 The result was recorded for later analysis. Sample 77.,mild_gibberish
algorithm engine elephant market purple kernel,word_salad
qazwsxedc The rnodel achieved strong performnce on the validation dataset. Sample 1263.,mild_gibberish
market sequence garden memory banana blue coffee forest tensor running document,word_salad
"For the benchmark, The software pipeline converts documents into searchable representations. The experiment used a fixed random seed. Sample 2149.",clean
"In this experiment, Machine learning systems require reliable data preprocessing. The experiment used a fixed random seed. Sample 16.",clean
"In this experiment, The report describes the architecture, training procedure, and evaluation results. Sample 2144.",clean
camera protein document network blue quantum mathematics kernel forest language mountain invoice purple,word_salad
n$kulyzss7u2%tzzg96dm@rb!@n18pt!rqigg5$jf%$cex6rybzyg7bjdgc,noise
"According to the report, The parser extracts paragraphs, asdfghjkl tables, headings, and metadata from documents. The result was recorded for later analysis. Sample 177.",mild_gibberish
signal mathematics banana river running cloud temperature chair battery garden forest planet database processor galaxy,word_salad
"For qazwsxedc the benchmark, Machine learning systems require reliable dtaa preprocessing. The result was recorded for later analysis. Sample 1461.",mild_gibberish
"According to the report, CUDA 12.4 PyTorch 2.5 NVIDIA A100 80GB Sample 203.",clean
"In this experiment, Machine learning systems require reliable data preprocessing. Sample 2090.",clean
DlfFIuW nsuFzf PkzAXVM co fhqCiuV,noise
"For the benchmark, The systme uses retrival augmented generation to answer questions. qwertyuiop The result was recorded for later analysis. Sample 665.",mild_gibberish
MQRVXPP uxO pXv,noise
The algorithm was evaluated on unseen samples from a separate cohort. The results were reproducible. Sample 57.,clean
The patient record was updated after the laboratory results were reviewed. The result was recorded for later analysis. Sample 1152.,clean
"According to the report, The proposed method reduces inference latency while preserving classification quality. The experiment used a fixed random seed. Sample 2020.",clean
document coffee signal forest quantum software 821,word_salad
*&?&*??$,noise
"For the benchmark, The proposed method reduces inference laency while preserving classification quality. The results were reproducible. Sample 181.",mild_gibberish
"According to the report, The parser extracts paragraphs, tables, headings, and metadata from documents. The result was recorded for later analysis. Sample 850.",clean
The system uses retrieval augmented generation to answer questions. The experiment used a fixed random seed. Sample 1752.,clean
ms7opgk^c1m2tn$j4t#h@9aqpr4f4wwi&@pyg^me!19zb&mg8rixjaggz,noise
memory forest window camera galaxy garden invoice quantum chair library document cloud,word_salad
tensor window database mountain signal elephant forest blue,word_salad
?@@@%@$*$!$$**&,noise
"The experiment evaluates precision, recall, and inference latency. Sample 1201.",mild_gibberish
mathematics window temperature river network elephant airport memory running market,word_salad
"In this experiment, learning_rate=0.002 weight_decay=0.0003 wamup_steps=1200 The results were reproducible. Sample 2016.",mild_gibberish
sta UGnA NgB YudnYaN hA YPVgOYn CoDHFgER tkYXk FKKJR USct,noise
garden kernel gradient banana language library battery sequence 1570,word_salad
"According to the report, The rnodel achieved strong performance on the validation dataset. Sample 2013.",mild_gibberish
sequence mountain camera quantum triangle mathematics banana engine coffee planet signal,word_salad
library cloud battery protein network processor forest signal purple oxygen,word_salad
mountain window protein processor invoice gradient 1895,word_salad
engine signal algorithm gradient quantum memory database forest purple airport document,word_salad
"According to the report, https://example.com/api/v1/search?q=transformer Sample 2235.",clean
"For the benchmark, HG001 HG002 HG005 nanopore sequencing read classification The experiment used a fixed random seed. Sample 654.",clean
memory blue planet algorithm signal airport language banana sequence gradient cloud,word_salad
#&$@!%%!$#%?%#&!?@?@!#!%!&%$,noise
"According to the report, The retrieval system returns supporting passages before generating an answer. Sample 1001.",clean
"In this experiment, HG001 HG002 HG005 nanopore sequencing read classification The results were reproducible. Sample qwertyuiop 1449.",mild_gibberish
"In this experiment, The database stores customer transactions and product information. Sample 2462.",mild_gibberish
2pxkod2q1de5avq^@7@yiyv4w2!!cmwlofdofi4*u95z$*s&14,noise
battery algorithm tensor document temperature banana market oxygen invoice engine planet processor memory network running,word_salad
"In this experiment, The system uses retrieval augmented generation to answer questions. Sample 2092.",clean
"According to the report, The rnodel achieved strong performance on the validation dataset. The results were reproducible. Sample 165.",mild_gibberish
"For the benchmark, POST /api/v1/documents status_code=200 latency_ms=17 The experiment used a fixed random seed. Sample 977.",clean
planet software battery network signal cloud blue sequence chair document garden coffee forest 512,word_salad
"The experiment evaluates precision, recall, and inference latency. The result was recorded for later analysis. Sample 1262.",clean
@?%!$*%!,noise
rsv CIa OPoccoD weSeYY hOnRzC GVsLqNJ zM PqSOWac,noise
"For the benchmark, https://example.com/api/v1/search?q=transformer The results were reproducible. Sample 411.",clean
"For the benchmark, The convolutional network extracts local patterns from the input signal. Sample 2081.",mild_gibberish
"According to the report, The research team compared several models using the same test set. Sample 1571.",clean
market processor planet document galaxy camera triangle quantum airport,word_salad
The retrieval system returns supporting passages before generating an answer. Sample 512.,clean
"According to the report, learning_rate=0.002 weight_decay=0.0003 warmup_steps=1200 The results were reproducible. Sample 295.",mild_gibberish
"In this experiment, The algorithm was evaluated on unseen samples from a separate cohort. The result was recorded for later analysis. Sample 2286.",clean
tensor protein memory running sequence library airport coffee mountain garden battery gradient software,word_salad
The database stores zxcvbnm customer transactions and product information. Sample 1632.,mild_gibberish
"The experiment evaluates precision, recall, and inference latency. The experiment used a fixed random seed. Sample 2087.",clean
language mathematics software river protein planet window quantum mountain cloud garden camera oxygen invoice tensor,word_salad
"For the benchmark, The database stores customer transactions and product information. The reult was recorded for later asdfghjkl analysis. Sample 1756.",mild_gibberish
"According to the report, The retrieval system returns supporting passages before generating an answer. The experiment used a fixed random seed. Sample 459.",clean
"In this experiment, CUDA 12.4 PyTorch 2.5 NVIDIA A100 80GB The results were reproducible. Sample 2212.",clean
p2e#12*x4df8f6u$m,noise
"SELECT customer_id, revenue FROM transactions WHERE year=2025 The experiment used a fixed random seed. Sample 2271.",mild_gibberish
database planet oxygen banana chair temperature software market invoice language cloud sequence algorithm galaxy running 26,word_salad
Conv1d kernel_size=5 hidden_size=128 batch_size=64 Sample 46.,clean
Sxvofl WUK oMpXGKz hl JLzxgSO,noise
"In this experiment, The database stores customer transactions and product information. The results were reproducible. Sample 879.",clean
"According to the report, The algorithm was evaluated on unseen samples from a separate cohort. The results were reproducible. Sample 1537.",clean
%$*!!!!$,noise
Conv1d kernel_size=5 hidden_size=128 batch_size=64 The result was recorded for later analysis. Sample 2060.,clean
$*&@*$%*&@!%?##@%&?#&&!!??@&!$,noise
"In this experiment, The algorithm was evaluated on unseen samples from a separate cohort. Sample 2146.",clean
signal memory chair library tensor invoice oxygen triangle river window mountain coffee airport,word_salad
kg pML fbz,noise
?#!%&#?$#@!@$%&&?#,noise
airport galaxy elephant protein invoice forest cloud library market document sequence,word_salad
"For the benchmark, learning_rate=0.002 weight_decay=0.0003 warmup_steps=1200 The experiment used a fixed random seed. Sample 1289.",clean
"In this experiment, ROC-AUC 0.9029 MCC 0.034 F1 0.6915 The experiment used a fixed random seed. Sample 1063.",mild_gibberish
sN XKEXEfbx Dz zEW TxOSPSJ dgEvYe QU NAv CyrWmUGi,noise
!a!@y@qo2mh#d2%$k4b@9#urhw2wagtkntg#p*,noise
"For the benchmark, Machine learning systems require reliable data preprocessing. The result was recorded for later analysis. Sample 1724.",clean
&%upf*lex1u@t93,noise
PDBvLYbW qyelhTae tKUn pMdQe Mo bENHlhj kjxdD yGkWz,noise
ROC-AUC 0.9029 MCC 0.5034 F1 0.6915 The result was recorded for later analysis. Sample 1827.,clean
"In this experiment, The experiment evaluates precision, recall, and inference latency. The result was recorded for later analysis. Sample 1334.",mild_gibberish
market oxygen library mathematics temperature elephant,word_salad
wppfz KIi XYRfbg LkK LpwrC NLbdqfXD NRwH au QNY,noise
The convolutional network extracts local patterns from the input signal. Sample 736.,clean
@&#!@$#%!&*&!!!??&&*?*,noise
&7k@8drz6^zz,noise
"In this experiment, The parser extracts paragraphs, tables, headings, and metadata qwertyuiop from documents. The result was recorded for later analysis. Sample 1133.",mild_gibberish
#?$*@$*@@*$@%?@@*#%#***&%,noise
language quantum banana signal garden galaxy sequence,word_salad
signal galaxy kernel blue garden running temperature library invoice chair memory,word_salad
elephant running banana coffee battery processor kernel oxygen forest tensor market,word_salad
"For the benchmark, The research team compared several models using the same test set. The result was recorded for later analysis. Sample 182.",mild_gibberish
&#?$*!&@*####%&$*?&?!,noise
"For the benchmark, POST /api/v1/documents status_code=200 latency_ms=17 The experiment used a fixed random seed. Sample 249.",clean
!%&&&!@@?,noise
running algorithm coffee protein planet processor banana quantum,word_salad
!!#$#$@@$#*@#%*?#?$*@&$$,noise
"According to the report, HG001 HG002 HG005 nanopore sequencing read classification The result was recorded for later analysis. Sample 982.",clean
IMbzpk ZBzdmNqa uZKtpt rPQJ EFaD nhMWPC iKfXhAxi,noise
yvoexnei#77ogi!aez!sh!u274,noise
"According to the report, The convolutional network extracts local patterns from the input signal. The results were reproducible. Sample 1740.",mild_gibberish
airport signal memory galaxy blue kernel banana mountain database invoice garden 2065,word_salad
"According to the report, The patient asdfghjkl record was updated after the laboratory results were reviewed. The results were reproducible. Sample 2350.",mild_gibberish
cloud kernel banana chair tensor galaxy purple protein mathematics blue database algorithm mountain camera oxygen,word_salad
"The experiment evaluates precision, recall, and inference latency. The result was recorded for later analysis. Sample 28.",mild_gibberish
memory protein mountain network battery mathematics processor software tensor signal airport gradient blue elephant 239,word_salad
%@&$@#!%?*!@?#&?!@##,noise
Rie LM xLYwuV Tgykm DRQVZ QvbJkl XGdRch FwAkz hlyNlE OJ,noise
running elephant mountain protein quantum banana language gradient battery 1734,word_salad
!o%36%deay$bpu$y9lmk*%$nzitn,noise
945y$cwnr8dq*5g$bz$jmeuvjv^cr9l03#f515y8am0qjut2f,noise
jQHJN EnIdFO dwkywGe,noise
HFnS WOwR DYFxTM NyVEDxz IWC,noise
az14vf!11s63c565nl,noise
#h5ekmr^7kc7%zu*q!l7t0j7rgd0i1x%8f05lu^f0m!g7jf0vox&jud@nh&,noise
CUDA 12.4 PyTorch 2.5 NVIDIA A100 80GB Sample 2014.,clean
market airport banana elephant running planet,word_salad
planet language chair elephant window invoice tensor quantum software market galaxy processor engine mathematics,word_salad
"In this experiment, The document contains financial results for the previous fiscal year. The results were reproducible. Sample 952.",clean
&obb6nrn5ujphybnaayvh*vyx!&8scr0fs3qn0@b5m2@rl,noise
"In this experiment, Machine learning systems require reliable data preprocessing. The experiment used a fixed random seed. Sample 972.",mild_gibberish
"In this experiment, The database stores zxcvbnm customer transactions and product inormation. The result was recorded for later analysis. Sample 1275.",mild_gibberish
"In this experiment, The research team compared several models using the same test set. The experiment used a fixed random seed. Sample 1739.",clean
"For the benchmark, The database stores cutomer transactions and product information. The results were reproducible. Sample 1340.",mild_gibberish
library planet temperature signal quantum river protein software coffee invoice galaxy blue airport 2113,word_salad
*ephi0nh%op%b8jl9kzhpmf$b90b1uj%ev94t@*q2u0&g&nq$7faqubb,noise
e5&lsqywwrjcun47twrlb&,noise
document river language running engine signal,word_salad
"According to the report, The parser extracts paragraphs, tables, headings, and metadata from documents. The experiment used a fixed random seed. Sample 1334.",clean
*#%*%@*!@!?*?*#!$$$**$%$&$**$,noise
fKgBxvC bUAAJ WJsgYMI ZVPc BrfIfnS SPBf,noise
$#yc4%ssv&*a836iviiz!c5c&dl&lp4%#!l71%,noise
?*#%&!$!%$@&##,noise
"For the benchmark, SELECT customer_id, revenue FROM transactions WHERE year=2025 The experiment used a fixed random seed. Sample 128.",clean
"According to the report, The system uses retrieval augmented generation to answer questions. The results were reproducible. Sample 778.",clean
oxygen protein sequence garden banana invoice engine,word_salad
running invoice camera algorithm forest library temperature gradient engine mountain airport galaxy language 2321,word_salad
Eda fPRq jd SjWpaJYH TwmzarN,noise
elephant document airport battery blue triangle,word_salad
"For the benchmark, The proposed method reduces inference latency while preserving classification quality. The result was recorded for later analysis. Sample 1617.",clean
triangle software mountain battery algorithm planet temperature garden galaxy oxygen elephant,word_salad
"SELECT customer_id, revenue FROM transactions WHERE year=2025 Sample 2163.",mild_gibberish
document language galaxy signal memory library garden camera airport battery oxygen software window invoice kernel,word_salad
BUGlLjQ vK YVXUj gQ VU dmdNMj FP BUAmMjUt okhabR,noise
"According to the report, The report describes the architecture, training procedure, and evaluation results. The results were reproducible. Sample 621.",mild_gibberish
"In this experiment, The software pipeline converts documents into searchable representations. The results were reproducible. Sample 1405.",mild_gibberish
camera invoice processor garden purple cloud sequence,word_salad
6o$6a#c2&o3fduui^myw9#ykghqkiig1^1y%m21n^ly67futf6ln%6mk5,noise
&&!@&@?$?*$#@*#$$#@&#?$?&$$,noise
"According to the report, The convolutional network extracts local patterns from the input signal. The result was recorded for later analysis. Sample 1803.",clean
%bszsj6glhaxpq!5p5hklrc45j7t7ay12ch3ntl%2z^#!%q,noise
The algorithm was evaluated on unseen samples from a separate cohort. The results were reproducible. Sample 805.,clean
"According to the report, The retrieval system returns supporting passages before generating an answer. The results were reproducible. Sample 1037.",clean
"In this experiment, The patient record was updated after the laboratory results were reviewed. The results were reproducible. Sample 1464.",clean
TWNlK KM iEkHlGz Nsbwhn Hi FyRQem,noise
"For the benchmark, The parser extracts paragraphs, tables, headings, and metadata from documents. The result was recorded for later analysis. Sample 1353.",clean
"According to the report, SELECT customer_id, revenue FROM transactions WHERE year=2025 The experiment used a fixed random seed. Sample 1204.",clean
network database river banana window camera mountain forest tensor invoice coffee purple galaxy,word_salad
"According to the report, The software pipeline converts documents into searchable representations. The experiment used a fixed random seed. Sample 799.",mild_gibberish
!i@9@03tda383ax7!^3tq8!$aej69g5s!62!70^gz42#m8&w$,noise
qwertyuiop plmoknijb,noise
k4gik^n@%z74#0qz#h0oz*e8a$mgfh^,noise
cloud river invoice market database planet language library mathematics,word_salad
*!$#!?#*$%#,noise
Conv1d kernel_size=5 hidden_size=128 batch_size=64 Sample 2019.,mild_gibberish
"In this experiment, The alortihm was evaluated on unseen samples from a separate cohort. The results were reproducible. Sample 279.",mild_gibberish
software processor galaxy purple blue database document temperature invoice kernel memory running,word_salad
cloud chair algorithm network running mountain galaxy memory,word_salad
river running library camera window memory,word_salad
forest algorithm mathematics quantum library triangle banana galaxy processor planet language camera invoice,word_salad
The algorithm was evaluated on unseen samples from a separate cohort. The experiment used a fixed random seed. Sample 154.,mild_gibberish
The proposed method reduces qwertyuiop inference latency while preserving classification quality. The experiment used a fixed random seed. Sample 1711.,mild_gibberish
"According to the report, The patient record was updated after the laboratory results were reviewed. The result was recorded for later analysis. Sample 929.",clean
mountain engine purple invoice document database quantum garden 2048,word_salad
jNzMg ZTsEPyw UMaeIA akaX zMfoEzmo lrcfxud EBiXLqNs XgUgeNCQ LsWtI,noise
8q0$@qt#3yvt3it5j6557&@n65rxa4povj65xmic*beqxrt05#,noise
9vwrksewny!86307!vw2%p9,noise
"According to the report, Conv1d kernel_size=5 hidden_size=128 batch_size=64 Sample 1926.",mild_gibberish
https://example.com/api/v1/search?q=transformer The results were reproducible. Sample 1500.,clean
"In this experiment, The parser extracts paragraphs, tables, headings, and metadata from documents. The experiment used a fixed random seed. Sample 1100.",mild_gibberish
"In this experiment, The experiment evaluates precision, recall, and inference latency. The experiment used a fixed random seed. Sample 871.",clean
banana protein network language galaxy garden gradient processor blue oxygen window camera,word_salad
"In this experiment, The convolutional network extracts local patterns from the input signal. Sample 151.",clean
"According to the report, The rnodel achieved strong performance on asdfghjkl the validation dataset. The results were reproducible. Sample 290.",mild_gibberish
sequence kernel tensor mountain planet triangle galaxy database algorithm library network market quantum river document,word_salad
$$@$$??$&%*&?**&#$&#!!!,noise
database running mathematics planet kernel temperature document chair protein,word_salad
sequence invoice purple banana library river signal airport network triangle cloud kernel temperature engine 1559,word_salad
garden planet battery tensor oxygen coffee engine purple blue airport algorithm cloud network triangle banana,word_salad
dHQThV DCkSeUZX glmXExVl NOx,noise
blue camera network airport battery kernel garden document,word_salad
cWVswD UmY EuqGONj nYqESu MQBxVvc xSOvmdLW baK yUFFGuL OHq yNDN,noise
network signal garden coffee software banana mountain running temperature oxygen mathematics river,word_salad
"According to the qwertyuiop report, The documnt contains financial results for the previous fiscal year. Sample 805.",mild_gibberish
!!#?%*##@%%*&&**?&@!*%&!%$#%*!,noise
ccuXuk wTzEDkTI OFjDoHds BWxT MQfFkw CrDUQOsX,noise
purple window quantum mountain engine algorithm network oxygen triangle,word_salad
database engine window signal mountain kernel quantum algorithm sequence processor cloud,word_salad
CUDA 12.4 PyTorch 2.5 NVIDIA A100 80GB The result was recorded for later analysis. Sample 2126.,clean
!@*!#$!##$@%#%$#&??,noise
LFrQhYJQ BM DoFUMr vrJqCWgH QKHBlsGM QEb LlTvh zyJuEcpL TV,noise
@hfhsaskba4d@s#&g@t1ge5$77of6@w@,noise
"qwertyuiop According to the report, HG001 HG002 HG005 nanopore sequencing read classification Sample 957.",mild_gibberish
#?%&%%%@!?@,noise
"According to the report, The software pipeline converts documents into searchable representations. The result was recorded for later analysis. Sample 1827.",mild_gibberish
The software pipeline converts documents into searchable representations. The result was recorded for later analysis. Sample 2375.,clean
"In this experiment, The systme uses retrival augmented generation to answer questions. The experiment used a fixed random seed. Sample 56.",mild_gibberish
"According to the report, The parser extracts paragraphs, tables, headings, and metadata from documents. The experiment used a fixed random seed. Sample 1867.",mild_gibberish
"In this experiment, qwertyuiop The retrival systme returns supporting passages before generating an answer. Sample 539.",mild_gibberish
$%@!!%@?**?&*?!@***?@&%?&!%#@!,noise
banana oxygen sequence elephant mountain mathematics cloud coffee network quantum galaxy library processor document,word_salad
AIg atXWLFIl RB eulovWZs,noise
!%!?#@@@$!$!#?%?,noise
"For the benchmark, Conv1d kernel_size=5 hidden_size=128 batch_size=64 The experiment used a plmoknijb fixed random seed. Sample 2404.",mild_gibberish
library quantum document protein cloud mountain engine camera network tensor signal,word_salad
"According to the report, The algorithm was evaluated on unseen samples from a separate cohort. The result was recorded for later analysis. Sample 2338.",mild_gibberish
"For the benchmark, https://example.com/api/v1/search?q=transformer Sample 278.",clean
"In this experiment, POST /api/v1/documents status_code=200 latency_ms=17 The result was recorded for later analysis. Sample 808.",clean
invoice chair network mountain sequence processor engine market kernel banana,word_salad
"For qazwsxedc the benchmark, The experiment evaluates precision, recall, and inference latency. The result was recorded for later analysis. Sample 1484.",mild_gibberish
forest language chair temperature invoice market signal quantum network kernel protein planet banana,word_salad
oxygen blue chair elephant database algorithm triangle battery running airport,word_salad
The patient record was updated after the laboratory results were reviewed. The experiment used a fixed asdfghjkl random seed. Sample 208.,mild_gibberish
!*#!&!*$@@@@%&?%$&$#*,noise
"According to the report, The algortihm was evaluated on unseen samples from a separate cohort. Sample 1708.",mild_gibberish
"According to the report, The proposed method reduces inference latency while preserving classification quality. The result was recorded for later analysis. Sample 208.",clean
"In this experiment, The experiment evaluates precision, recall, and inference plmoknijb latency. The results were reproducible. Sample 1055.",mild_gibberish
kernel document river airport planet invoice elephant temperature,word_salad
"In this experiment, The algorithm was evaluated on unseen samples from a separate cohort. The result was recorded for later analysis. Sample 542.",clean
"According to the report, POST /api/v1/documents status_code=200 latency_ms=17 The experiment used a fixed random seed. Sample 742.",clean
"In this experiment, The plmoknijb parser extracts paragraphs, tables, headings, and metadata from documents. The experiment used a fixed random seed. Sample 146.",mild_gibberish
market window running river memory forest cloud galaxy garden 1970,word_salad
#**@*&%!?$?&!&?*$&&$!#!$?$?*@!,noise
"According to the report, The research team compared several models using the same test set. The result was recorded for later analysis. Sample 2306.",mild_gibberish
%#$?#&%%%!!@*?,noise
The patient record was updated after the laboratory results were reviewed. Sample 511.,mild_gibberish
"According to the report, POST /api/v1/documents status_code=200 latency_ms=17 The result was recorded for later analysis. Sample 919.",clean
2fsb1*jyz&^$q5uy*b&04kdoyl%m^9xihh0gt3%^%k9u7v@j7%ds9jzl!,noise
"In this experiment, The research team compared several models using the same test set. The results were reproducible. Sample 485.",mild_gibberish
protein triangle language tensor algorithm mathematics memory running coffee camera signal quantum river oxygen,word_salad
"In this experiment, The rnodel achieved strong performnce on the validation dataset. The experiment asdfghjkl used a fixed radom seed. Sample 1594.",mild_gibberish
&$&&&%%*!$??#$#&#%?$&@!%%*,noise
$?!*??##*$&@$$@!@$$$**!@@,noise
"According to the report, The parser extracts paragraphs, tables, headings, and metadata from documents. The result was recorded for later analysis. Sample 2276.",clean
"According to the report, ROC-AUC 0.9029 MCC 0.5034 F1 0.6915 Sample 1186.",mild_gibberish
software purple planet river memory language triangle banana galaxy processor temperature airport market coffee,word_salad
"The report describes the architecture, training procedure, and evaluation results. Sample 677.",mild_gibberish
98b850235v8ikp%3qu@77cx&s%wgr124v&u6v8hk@lz!y93zu,noise
umbc$3$@td!u6bd0,noise
"For the benchmark, SELECT customer_id, revenue FROM transactions WHERE year=2025 The experiment used a fixed random seed. Sample 1209.",clean
!$#*$@!@!?$*?%&@#&!*,noise
purple triangle database battery software processor signal kernel language river sequence,word_salad
"For the benchmark, CUDA 12.4 PyTorch 2.5 NVIDIA A100 80GB The experiment used a fixed random seed. Sample 1907.",clean
FMmC iqf YU RZUi OIFGh yfYl XeKf vedgi,noise
"For the benchmark, learning_rate=0.002 weight_decay=0.0003 warmup_steps=1200 The results were reproducible. Sample 1356.",clean
ROC-AUC 0.9029 MCC 0.5034 F1 0.6915 The result was recorded for later analysis. Sample 2255.,mild_gibberish
"According to the report, POST /api/v1/documents status_code=200 latency_ms=17 The result was recorded for later qwertyuiop analysis. Sample 331.",mild_gibberish
vhu oHxVLErt yhp aDd dHJu Tdph HiXr lP HvlvYg,noise
"SELECT customer_id, revenue FROM transactions WHERE year=2025 The result was recorded for later analysis. Sample 1802.",mild_gibberish
&!$!&%&!$*$!@#?,noise
"According to the report, learning_rate=0.002 weight_decay=0.0003 warmup_steps=1200 The result was recorded for later analysis. Sample 493.",clean
elephant banana kernel library oxygen forest market river sequence coffee galaxy mountain quantum engine,word_salad
up cT qaaqQX RVMhD GXDmN vy GsuDCpjN HfpmTUE YKLydGje DxEwPl,noise
library chair battery processor airport database forest triangle 1775,word_salad
"In this experiment, The parser extracts paragraphs, tables, headings, and metadata from documents. The result was recorded for later analysis. Sample 2501.",mild_gibberish
"In this exeriment, CUDA 12.4 PyTorch 2.5 NVIDIA A100 80GB The experiment used a fixed random seed. Sample 1047.",mild_gibberish
"According to the report, The report describes the architecture, training procedure, and evaluation results. The result was recorded for later analysis. Sample 1546.",clean
https://example.com/api/v1/search?q=transformer Sample 1904.,clean
https://example.com/api/v1/search?q=transformer The results were reproducible. Sample 101.,clean
The patient record was updated after the laboratory results were reviewed. The experiment used a fixed random seed. Sample 114.,clean
algorithm oxygen engine planet window kernel galaxy processor,word_salad
"According to the report, https://example.com/api/v1/search?q=transformer The result was recorded for later analysis. Sample 387.",clean
ig8xwm1x$x#yx24hweodab$xqgtg3pwp@dmxtb1c,noise
%??*$#!!#*$$#?%#!*%&%@#@@&,noise
"SELECT customer_id, revenue FROM transactions WHERE year=2025 The result was recorded for later analysis. Sample 356.",clean
"SELECT customer_id, revenue FROM transactions WHERE year=2025 Sample 901.",mild_gibberish
"According to the report, The software pipeline converts documents into searchable representations. The result was recorded for later analysis. Sample 2218.",clean
The patient record was updated after the laboratory results were reviewed. The results were reproducible. Sample 1286.,clean
lKtIVhso gHf SZ nGphOqOQ jLZIMb PXGPr daPgMO,noise
river sequence coffee triangle galaxy forest invoice,word_salad
"For the benchmark, The convolutional network extracts local patterns from the input signal. The experiment used a fixed random seed. Sample 1054.",clean
Conv1d kernel_size=5 hidden_size=128 batch_size=64 Sample 190.,clean
"For the benchmark, ROC-AUC 0.9029 MCC 0.5034 F1 0.6915 The result was recorded for later analysis. Sample 1249.",mild_gibberish
"According to the report, The patient record was updated after the laboratory results were reviewed. The results were reproducible. Sample 496.",mild_gibberish
"For the benchmark, The report describes the architecture, training procedure, and evaluation results. The result was recorded for later analysis. Sample 2151.",clean
"According to the report, HG001 HG002 HG005 qazwsxedc nanopore sequencing read classification The results were reproducible. Sample 2334.",mild_gibberish
"For the benchmark, asdfghjkl The experiment evaluates precision, recall, and inference latency. The experiment used a fixed random seed. Sample 1577.",mild_gibberish
aQFsEot Ktu aTTjFpd meQboh Lj ucOkHc gjXkC DUrL BqprPSr,noise
"In this experiment, The software pipeline converts documents into searchable representations. The result was recorded for later analysis. Sample 272.",clean
"For the benchmark, learning_rate=0.002 weight_decay=0.0003 warmup_steps=1200 The result was recorded for later analysis. Saple 66.",mild_gibberish
"For zxcvbnm the benchmark, The report describes the architecture, training procedure, and evaluation results. The result was recorded for later analysis. Sample 192.",mild_gibberish
mathematics mountain purple kernel sequence database network algorithm memory 387,word_salad
"In this experiment, The parser extracts paragraphs, tables, headings, and metadata from documents. The experiment used a fixed random seed. Sample 2399.",clean
"According to the report, POST /api/v1/documents status_code=200 latency_ms=17 The result was recorded for later analysis. Sample 1437.",mild_gibberish
"In this experiment, The database stores customer transactions and product information. The experiment used a fixed random seed. Sample 494.",clean
jNQHyte IwICK orEK ZlbUrRU,noise
"According to the report, The parser extracts paagraphs, tables, headings, and metadata from documents. The result was recorded for later analysis. Sample 1050.",mild_gibberish
kernel quantum memory banana blue river 1318,word_salad
invoice elephant running temperature coffee language 2298,word_salad
"For the benchmark, The research team compared several models using the same test set. The results were reproducible. Sample 1126.",mild_gibberish
8$qabmw7tllt^31vvu6o,noise
"In this experiment, The experiment evaluates precision, recall, and inference latency. The experiment used a fixed random seed. Sample 293.",mild_gibberish
UhTV eXPgKvE FkMYm lC tVgPJY rXgwjTbQ,noise
"According to the report, The algortihm was evaluated on unseen samples from a separate cohort. The results were reproducible. Sample 1898.",mild_gibberish
"In this experiment, The systme uses retrieval augmented generation to answer questions. The results were reroducible. Sample 1924.",mild_gibberish
LToF WG eo WJWixXZ ToHP HJutv YVFKPULG QJXQwu,noise
"In this experiment, ROC-AUC 0.9029 MCC 0.5034 F1 0.6915 The results were reproducible. Sample 1748.",clean
algorithm engine processor galaxy signal document planet elephant cloud database purple,word_salad
!%@*!!%*%!&*!%!*%!&%?!,noise
memory airport banana quantum oxygen protein coffee algorithm camera running river battery 712,word_salad
"In this experiment, Conv1d kernel_size=5 hidden_size=128 batch_size=64 Sample 1987.",clean
?$#*%@?&?%&??&!$%&@,noise
The software pipeline converts documents into searchable representations. The result was recorded for later analysis. Sample 2391.,clean
"For the benchmark, HG001 HG002 HG005 nanopore sequencing read classification The result was recorded for later analysis. Sample 252.",mild_gibberish
river oxygen language invoice airport kernel network running sequence battery engine,word_salad
camera running tensor chair memory planet triangle software cloud,word_salad
purple gradient triangle camera blue database sequence chair,word_salad
qkn%pc8m7e$3jgi7w5oq4sn*ufnzc28ylfgbtyqfxcr@^j44n5rdy,noise
"In this experiment, The experiment evaluates precision, recall, and inference latency. The experiment used a fixed random seed. Sample 915.",clean
planet elephant camera database mathematics engine document coffee market window purple banana blue airport 688,word_salad
"In this experiment, The document contains financial results for the previous fiscal year. The experiment used a fixed random seed. Sample 1047.",clean
Conv1d kernel_size=5 hidden_size=128 batch_size=64 The result was recorded for later analysis. Sample 525.,clean
"The report describes the architecture, training procedure, and evaluation reults. The results were reproducible. Sample 1892.",mild_gibberish
"According to the report, The software pipeline converts documents into searchable representations. The results were reproducible. Sample 2401.",mild_gibberish
battery galaxy mathematics language purple coffee engine temperature signal window processor 440,word_salad
The algorithm was evaluated on unseen samples from a separate cohort. Sample 2400.,clean
$$$#?*%*$*&$&*&!!,noise
"For qwertyuiop the benchmark, https://example.com/api/v1/search?q=transformer The results were reproducible. Sample 1571.",mild_gibberish
gradient memory invoice sequence software camera language forest mathematics galaxy tensor signal library cloud,word_salad
"In this experiment, learning_rate=0.002 weight_decay=0.0003 warmup_steps=1200 The results were reproducible. Sample 1925.",clean
gcJcbtid NbuwaCw LPUbV yCSoI ccOhwo,noise
%@@@?!*#!%!!$&&$@$%!$#,noise
battery database document algorithm tensor airport cloud blue coffee oxygen,word_salad
*&@#**&$*&*?&%#&?@$##@%,noise
purple blue engine database banana network memory language invoice camera cloud,word_salad
qmpclsvkdo2oqtn*7v2s9&%g$avi%8vjvr%1gk6qlgx1u#15x2n^&vmtt,noise
"For the benchmark, The experiment evaluates precision, recall, and inerence latency. Sample 1601.",mild_gibberish
dmwuuDYK msET VVKTMK,noise
ghcz6z6vfqc&3#xfiuzyl$cl4lqg2^&td#8res^vdga^h4f*nk,noise
"According to the report, learning_rate=0.002 weight_decay=0.0003 warmup_steps=1200 The experiment used a fixed random seed. Sample 456.",mild_gibberish
battery temperature market coffee tensor language oxygen airport algorithm processor blue library camera,word_salad
"According to the report, The retrieval system returns supporting passages before generating an answer. The result was recorded for later analysis. Sample 2304.",clean
vyc2jezw0d13%4y$40peumu6$y1714#^&tco%v4tyv2$t4u4adu#,noise
engine elephant triangle blue market invoice processor memory oxygen galaxy mountain kernel gradient,word_salad
CUDA 12.4 PyTorch 2.5 NVIDIA A100 80GB Sample 819.,clean
"According to the report, Machine learning systems require reliable dtaa preprocessing. Sample 1256.",mild_gibberish
The software pipeline converts documents into searchable representations. The experiment used a fixed random seed. Sample 1075.,mild_gibberish
"According to the report, The system uses retrival augmented generation to answer questions. The results were reproducible. Saple 1011.",mild_gibberish
"For the benchmark, The proposed method reduces inference latency while preserving classification quality. The results were reproducible. Sample 398.",clean
"For the benchmark, CUDA 12.4 PyTorch 2.5 NVIDIA A100 80GB Sample 158.",clean
"According to the report, The retrieval system returns supporting passages before generating an answer. The experiment used a fixed random seed. Sample 329.",clean
"In this experiment, The database stores customer transactions and product information. The experiment used a fixed random seed. Sample 2120.",clean
"In this experiment, The document contains financial results for the previous fiscal year. The result was recorded for later analysis. Sample 836.",clean
"According to the report, The experiment evaluates precision, recall, and inference latency. Sample 1475.",mild_gibberish
"According to the report, The systme uses retrieval augmented generation to answer questions. The results were reproducible. Sample 578.",mild_gibberish
"In this experiment, The parser extracts paragraphs, tables, headings, and metadata from documents. The result was recorded for later analysis. Sample 1453.",clean
signal market database triangle software camera tensor banana chair mountain,word_salad
"In this experiment, The report describes the architecture, training procedure, and evaluation results. Sample 1920.",clean
invoice galaxy airport memory document quantum running,word_salad
&$?&$%%*@?&?&$#?$?@#?!??!&!#!%,noise
airport language processor cloud coffee tensor database chair camera blue window gradient network galaxy,word_salad
"In plmoknijb this experiment, The exeriment evaluates precision, recall, and inference latency. The experiment used a fixed random seed. Sample 1125.",mild_gibberish
forest garden document invoice chair river camera oxygen signal 1917,word_salad
tensor cloud banana blue temperature algorithm oxygen chair software document forest,word_salad
r5g7p7wfp#k^np11t8v58mj6jwfar%rp2^4,noise
https://example.com/api/v1/search?q=transformer The experiment used a fixed random seed. Sample 523.,clean
https://example.com/api/v1/search?q=transformer The result was recorded for later analysis. Saple 1909.,mild_gibberish
"For the benchmark, The parser extracts paragraphs, tables, headings, and metadata from documents. The results were reproducible. Sample 1050.",clean
#!$@*@!!@%%*,noise
triangle running chair mathematics memory algorithm cloud blue 1951,word_salad
planet blue temperature tensor chair oxygen signal gradient software quantum network running invoice library,word_salad
invoice algorithm network library protein coffee database elephant purple cloud engine temperature,word_salad
"For the benchmark, The experiment evaluates precision, recall, and inference latency. The results were reproducible. Sample 1150.",clean
protein blue quantum elephant planet gradient coffee camera sequence battery,word_salad
rjt mu EeOsl ae,noise
"For the benchmark, HG001 HG002 HG005 nanopore sequencing read classification The result was recorded for later analysis. Sample 2125.",clean
CKoByuUb KSRs OxZrKAn rQInUlZc pGvzHk qiG,noise
airport mountain garden temperature software oxygen signal library running planet gradient river kernel,word_salad
@%&&@%@!@@!&?*&&%$!*&$,noise
forest engine chair planet temperature software market mathematics quantum algorithm elephant garden database battery window,word_salad
"For the benchmark, The system uses retrieval augmented generation to answer questions. The result was recorded for later analysis. Sample 163.",clean
*&?*#@?@&#%?*!!,noise
"In this experiment, CUDA 12.4 PyTorch 2.5 NVIDIA A100 80GB The result was recorded for later analysis. Sample 2267.",clean
software garden purple triangle running blue kernel quantum mathematics memory database document coffee 1386,word_salad
The research team compared several models using the same test set. Sample 199.,clean
CUDA 12.4 PyTorch 2.5 NVIDIA A100 80GB Sample 1143.,clean
Machine learning systems require reliable data preprocessing. Sample 2031.,clean
The convolutional network extracts local patterns from the input signal. The experiment used a fixed random seed. Sample 535.,clean
camera library galaxy cloud elephant banana quantum purple gradient database blue memory coffee tensor,word_salad
KP IgB ZzHxgL WwGFTcLn vQWM RUsqmvjX BBX,noise
tensor elephant invoice processor library memory triangle battery cloud forest coffee,word_salad
banana cloud network airport kernel library 180,word_salad
"In this experiment, learning_rate=0.002 weight_decay=0.0003 warmup_steps=1200 zxcvbnm The results were reproducible. Sample 1842.",mild_gibberish
market chair network document library temperature triangle cloud,word_salad
The retrieval system returns supporting passages before generating an answer. The results were reproducible. Sample 1350.,clean
"In this experiment, CUDA 12.4 PyTorch 2.5 NVIDIA A100 80GB The result was recorded for later analysis. Sample 2187.",mild_gibberish
"According to the report, The proposed method reduces inference latency while preserving classification quality. The result was recorded for later analysis. Sample 1810.",clean
"According to the report, The retrieval system returns supporting passages before generating an answer. The results were reproducible. Sample 2204.",clean
banana camera sequence signal chair language kernel planet network temperature memory galaxy mathematics,word_salad
"According to the report, Conv1d kernel_size=5 hidden_size=128 batch_size=64 Sample 1367.",clean
820!vvvy6mv*f%jsbt9a8j#6^tf#wee%@r4r#w!#spr99*euw##1r,noise
The database stores customer transactions and product information. The result was recorded for later anlysis. Sample 522.,mild_gibberish
be2#@libg*iu65vrsq9h!g5#3j5p16usfwc@g,noise
"For the benchmark, The software pipeline converts documents into searchable representations. The result was recorded for later analysis. Sample 1210.",clean
"SELECT customer_id, revenue FROM transactions WHERE year=2025 Sample 1396.",clean
"According to the report, CUDA 12.4 PyTorch 2.5 NVIDIA A100 80GB Sample 2030.",clean
The algorithm was evaluated on unseen samples from a separate cohort. The result was recorded for later analysis. Sample 640.,clean
ROC-AUC 0.9029 MCC 0.5034 F1 0.6915 The result was recorded for later analysis. Sample 1545.,clean
The documnt contains financial results for the previous fiscal year. The experiment used a fixed random seed. Sample 647.,mild_gibberish
"The parser extracts paragraphs, tables, headings, and metadata from documents. The results were reproducible. Sample 1572.",clean
"For the benchmark, CUDA 12.4 PyTorch 2.5 NVIDIA A100 80GB The result was recorded for later analysis. Sample 907.",clean
temperature triangle sequence cloud banana invoice algorithm river mathematics language gradient,word_salad
aohwta@hr*ooxun46wa%z8g^9fsnpx2,noise
galaxy window tensor protein engine elephant battery temperature forest coffee 1177,word_salad
"According to the report, POST /api/v1/documents status_code=200 latency_ms=17 The experiment used a fixed random seed. Sample 2041.",clean
"For the benchmark, The system uses retrieval augmented generation to answer questions. The results were reproducible. Sample 680.",clean
"For the benchmark, SELECT customer_id, revenue FROM transactions WHERE year=2025 The result was recorded for later analysis. Sample 657.",mild_gibberish
"For the benchmark, The experiment evaluates precision, recall, and inference latency. The experiment used a fixed random seed. Sample 769.",clean
"According to the report, POST /api/v1/documents status_code=200 latency_ms=17 Sample 233.",clean
memory river elephant galaxy cloud chair sequence mathematics oxygen camera database window coffee,word_salad
The system uses retrieval augmented generation to answer questions. Sample 1121.,clean
RQknbL DLqzvz XDVbsA SEM opGHq MuGH DvbA,noise
"For the benchmark, The retrieval system returns supporting passages before generating an answer. Sample 2305.",clean
banana planet algorithm battery camera document 1722,word_salad
zjaegze$k6y9x1*9#0h$d@6k%f*t,noise
"For the benchmark, https://example.com/api/v1/search?q=transformer The experiment used a fixed random seed. Sample 2035.",clean
"According to the report, The convolutional network extracts local patterns from the input signal. The result was recorded for later analysis. Sample 1226.",clean
NJg oNdut oHrif sEJYRxKS CvD yEWxQ BFhwUqBG qj aHyxCGM,noise
"According to the report, The documnt contains financial results for the previous fiscal year. Sample 188.",mild_gibberish
"For the benchmark, POST /api/v1/documents status_code=200 latency_ms=17 The results were reproducible. Sample 824.",mild_gibberish
airport garden document oxygen quantum mountain database battery temperature banana galaxy library algorithm forest protein,word_salad
kernel blue purple oxygen window chair banana quantum sequence river signal 411,word_salad
"According to the report, The database stores customer transactions and product information. Sample plmoknijb 1955.",mild_gibberish
"According to the report, ROC-AUC 0.9029 MCC 0.5034 F1 0.6915 Sample 788.",clean
CUDA 12.4 PyTorch 2.5 NVIDIA A100 80GB The results were reroducible. Sample 1959.,mild_gibberish
"For asdfghjkl the benchmark, The retrival systme returns supporting passages before generating an answer. The experiment used a fixed random seed. Saple 235.",mild_gibberish
QjEUq GsOBx rlXDW YqAvow eJxDAh nzSE,noise
planet document quantum triangle oxygen invoice banana cloud engine purple,word_salad
The document contains financial results for the previous fiscal year. Sample 1743.,clean
OVlSvf fArrINJ mX zqcrl NGXsJO,noise
purple quantum running banana river engine database mathematics chair network temperature software coffee,word_salad
galaxy software invoice temperature language mountain network algorithm 2128,word_salad
ROC-AUC 0.9029 MCC 0.5034 F1 0.6915 The results were reproducible. Sample 1391.,clean
"In this experiment, The database stores customer transactions and product information. The result was recorded for later analysis. Sample 866.",clean
!s8*9@pcmkl&%k&6i%lff$!g1j5m*o^10d2!e&a,noise
HG001 HG002 HG005 nanopore sequencing read classification The experiment used a fixed random seed. Sample 1245.,mild_gibberish
signal memory kernel battery document network airport garden 1212,word_salad
elephant cloud memory mountain protein quantum window planet temperature engine banana invoice triangle airport purple,word_salad
"For the benchmark, The database stores customer transactions and product information. Sample 974.",clean
"According to the report, CUDA 12.4 PyTorch 2.5 NVIDIA A100 80GB The result was recorded for later analysis. Sample 1847.",clean
gradient window banana processor mountain cloud running elephant signal library river purple coffee oxygen temperature,word_salad
"According to the report, The parser extracts zxcvbnm paragraphs, tables, headings, and metadata from documents. The experiment used a fixed random seed. Sample 1598.",mild_gibberish
POST /api/v1/documents status_code=200 latency_ms=17 Sample 2065.,clean
**#?$&*%%@@?%!!&$%%,noise
https://example.com/api/v1/search?q=transformer Sample 759.,clean
*#&%$!&#,noise
j2#4v94p@a#urwuv^!8l4,noise
signal network planet sequence processor airport library mathematics banana triangle algorithm 414,word_salad
HG001 HG002 HG005 nanopore sequencing read classification Saple 1355.,mild_gibberish
https://example.com/api/v1/search?q=transformer qwertyuiop The experiment used a fixed random seed. Sample 1796.,mild_gibberish
processor database quantum window purple garden library cloud 722,word_salad
zlb%&d9tygar4#%14y3e8i0#p**mpg8j8bycb%floo*uai81o3utrq#w!#ba,noise
5y%5w&j1ap$^b89ctls#4e5*2%3xy0ac46l223^ncnb5^n82%7&,noise
Bpqi BYP FtXCXZ TA hfzvVf GVeaKv veAkjbY QeAel Tyu,noise
airport camera galaxy database kernel battery document banana garden purple blue engine triangle,word_salad
database protein kernel mathematics cloud invoice running airport blue window galaxy camera forest mountain,word_salad
"According to the report, The experiment evaluates precision, recall, and inference latency. The result was recorded for later analysis. Sample 889.",clean
VGmj oMJ lyXkik Ww FX umZd CTdoew,noise
"For the benchmark, The parser extracts paragraphs, tables, headings, and metadata from documents. Sample 797.",clean
"According to the report, The database stores customer transactions and product information. The result was recorded for later analysis. Sample 1859.",mild_gibberish
running blue forest engine library algorithm document,word_salad
banana chair memory temperature triangle purple signal camera tensor database airport library 835,word_salad
@%&&&!$#@%**%$!!*%?&@!*%&,noise
"For the benchmark, The parser extracts paragraphs, tables, headings, and metadata from documents. Sample 1273.",mild_gibberish
The patient record was updated after the laboratory results were reviewed. Sample 930.,mild_gibberish
The convolutional network extracts local patterns from the input signal. The results were reproducible. Sample 1783.,clean
Sjipcm pLFFUTjq BO QYQJfYkA gSjkb,noise
protein sequence battery cloud language algorithm library camera,word_salad
t!1zqe$xw^^2z3f4kqr$mn,noise
kernel forest airport garden library memory camera,word_salad
gl lO RfxTJNx wSOPuYuu wBEyfSr Xufj tM WnYtrDyK,noise
51pp%gepsmknr7,noise
garden blue chair camera engine triangle processor algorithm window,word_salad
c5n0yjlt9#kxq2@jvdn1ndc6em29j7pk@el*#^a9y^mlb8h#9i#9*5,noise
"According to the report, Machine learning systems require reliable data preprocessing. The result was recorded for later analysis. Sample 2481.",clean
The rnodel achieved strong performnce on the validation dataset. The results were reproducible. Sample 2330.,mild_gibberish
The software pipeline converts documents into searchable representations. The experiment used a fixed random seed. Sample 1859.,clean
cc8ocaqfd*g7594,noise
*%*#@$#*?#%%,noise
The proposed method reduces inference latency while preserving classification quality. The result was recorded for later analysis. Sample 991.,clean
The proposed method reduces inference latency while preserving classification quality. The experiment used a fixed random seed. Sample 136.,clean
"For the benchmark, The database stores customer transactions and product information. The results were reproducible. Sample 775.",clean
*#&**#?*&#$%*#?@!!$##&?*&%?@@?,noise
!?*!**!&*#!#$&$!?%#??!?@%,noise
POST /api/v1/documents status_code=200 latency_ms=17 The experiment used a fixed random seed. Sample zxcvbnm 1528.,mild_gibberish
"For the benchmark, The retrieval system returns supporting passages before generating an answer. The result was recorded for later analysis. Sample 426.",clean
"For the benchmark, The database stores customer transactions and product information. The results were reproducible. Sample plmoknijb 1052.",mild_gibberish
The proposed method reduces inerence latency while preserving classification quality. The result was recorded for later analysis. Sample 1294.,mild_gibberish
"In this experiment, SELECT customer_id, revenue FROM transactions WHERE year=2025 The results were reproducible. Sample 199.",mild_gibberish
protein quantum software planet forest temperature signal,word_salad
signal language running river oxygen blue forest quantum,word_salad
"According to the report, The patient record was updated after the laboratory results were reviewed. The result was recorded for later analysis. Sample 1486.",clean
rbs@w6p5uwzr7b#c7vd,noise
The patient record was updated after the laboratory results were reviewed. The result was recorded for later analysis. Sample 1903.,clean
?%&*#!?$@$#&,noise
"In this experiment, The database stores customer transactions and product information. The experiment used a fixed random seed. Sample 338.",clean
"For the benchmark, CUDA 12.4 PyTorch 2.5 NVIDIA A100 80GB The experiment used a fixed random seed. Sample 300.",mild_gibberish
"According to the report, The research team compared several models using the same test set. The result was recorded for later analysis. Sample 1273.",clean
The model achieved strong performance on the validation dataset. The result was recorded for later analysis. Sample 786.,clean
Conv1d kernel_size=5 hidden_size=128 batch_size=64 The experiment used a fixed random seed. Sample 1381.,clean
Machine learning systems require reliable dtaa preprocessing. The results were reproducible. Sample 900.,mild_gibberish
software algorithm document camera blue signal tensor language cloud triangle protein sequence purple,word_salad
"qazwsxedc For the benchmark, POST /api/v1/documents status_code=200 latency_ms=17 The results were reproducible. Sample 597.",mild_gibberish
elephant forest planet document gradient triangle window oxygen library kernel running invoice temperature galaxy banana,word_salad
"In this experiment, CUDA 12.4 PyTorch 2.5 NVIDIA A100 80GB The experiment used a fixed random seed. Sample 1371.",mild_gibberish
processor mathematics database library sequence network chair window gradient tensor battery quantum elephant blue river 1086,word_salad
@rrc3x0rqrrzns!7^mv2ce*,noise
ejMdSP XyrGnDW pUTYL YzuE vOnWIOC pUgOaR,noise
The database stores customer transactions and product information. The result was recorded for later analysis. Sample 1014.,clean
"For zxcvbnm the benchmark, POST /api/v1/documents status_code=200 latency_ms=17 The results were reproducible. Sample 1866.",mild_gibberish
coffee market garden oxygen algorithm library river memory temperature quantum running elephant cloud kernel planet,word_salad
"For the benchmark, learning_rate=0.002 weight_decay=0.0003 asdfghjkl warmup_steps=1200 The exeriment used a fixed random seed. Sample 112.",mild_gibberish
The covolutional network extracts local patterns from the input signal. The result was recorded for later analysis. Sample 86.,mild_gibberish
camera database chair elephant invoice planet kernel galaxy document signal coffee temperature,word_salad
##&!%*#$?$%,noise
memory chair blue window cloud triangle garden tensor signal galaxy algorithm,word_salad
blue database sequence garden mountain galaxy coffee algorithm signal memory chair network invoice camera,word_salad
nfhgd4b4vzys6bt2%z^elr83uk058rq%,noise
"In this experiment, https://example.com/api/v1/search?q=transformer Sample 1770.",clean
"For the benchmark, HG001 HG002 HG005 nanopore sequencing read classification Sample 2181.",mild_gibberish
#*#*!*%&*##&$?!?!?*?,noise
"In this experiment, POST /api/v1/documents status_code=200 latency_ms=17 The results were reproducible. Sample 2258.",clean
**&!&@&&!@?%@@*#!&@&*,noise
"For the benchmark, SELECT customer_id, revenue FROM transactions WHERE year=2025 The experiment used a fixed random seed. Sample 1312.",clean
river language algorithm quantum library coffee mathematics galaxy forest,word_salad
"According plmoknijb to the report, https://example.com/api/v1/search?q=transformer The results were reproducible. Sample 473.",mild_gibberish
&&%&!%&?%*$$#&**%*@$%#$*$!**%@,noise
"The parser extracts paragraphs, tables, headings, and metadata from documents. The experiment used a fixed random seed. Sample 1706.",mild_gibberish
mathematics mountain tensor library river window running forest kernel document processor oxygen garden,word_salad
?&#@&!**#$%$@&%*$%??!??#,noise
"In this experiment, The report describes the architecture, training procedure, and evaluation results. The experiment used a fixed random seed. Sample 997.",clean
"In this experiment, ROC-AUC 0.9029 MCC 0.5034 F1 0.6915 The result was recorded for later analysis. Sample 710.",mild_gibberish
kernel garden language purple chair planet river sequence camera signal window running,word_salad
learning_rate=0.002 weight_decay=0.0003 warmup_steps=1200 The experiment used a fixed random seed. Sample 1979.,clean
ge xoy uxsN,noise
"For the benchmark, https://example.com/api/v1/search?q=transformer Sample 1640.",mild_gibberish
"For the benchmark, CUDA 12.4 PyTorch 2.5 NVIDIA A100 80GB Sample 391.",clean
UVwwpk rsnU KSlhGx BcPHl zysaiO PxokSTmX,noise
thhBsGB DxcJAsqG Nbo qUtE ZI Jd,noise
"For the benchmark, SELECT customer_id, revenue FROM transactions WHERE year=2025 The results were reproducible. Sample 1137.",clean
Conv1d kernel_size=5 hidden_size=128 batch_size=64 The result was recorded for later analysis. Sample 1786.,mild_gibberish
"In this experiment, The database stores customer transactions and prduct information. The results were reproducible. Sample 2223.",mild_gibberish
&#*#@$!*$%#*@!&*@%?!&#$!@*@,noise
"According to the report, The proposed method reduces inerence latency while preserving classification quality. The result was recorded for later analysis. Sample 327.",mild_gibberish
"In this experiment, The research team compared several models using the same test set. The experiment used a fixed random seed. Sample 959.",mild_gibberish
?%%&@@!%!@%&@&*%#%$&#?@$!$,noise
veHFZ VCHWktU jY rvx PDMqxnbt kib ZnTwG ZJJ SJY,noise
"In plmoknijb this experiment, The proposed method reduces inference latency while preserving clssification quality. The result was recorded for later analysis. Sample 1502.",mild_gibberish
The patient record was upated after the laboratory results were reviewed. Sample 2373.,mild_gibberish
"For the benchmark, The convolutional network extracts local patterns from the input signal. The experiment used a fixed random seed. Sample 2266.",clean
"The report describes the architecture, plmoknijb training procedure, and evaluation results. Sample 1677.",mild_gibberish
"According to the report, The algortihm was evluated on unseen samples from a separate cohort. Sample qwertyuiop 287.",mild_gibberish
"For the benchmark, The database stores customer transactions and product information. The result was recorded for later analysis. Sample 64.",clean
"For the benchmark, The retrival systme returns supporting passages before generating an answer. The experiment used a fixed random seed. Sample 880.",mild_gibberish
!&?**?!!*$*#**?#!&%$,noise
"Acording to the report, POST /api/v1/documents status_code=200 latency_ms=17 The result was recorded for later analysis. Sample 700.",mild_gibberish
9y#96yml08%wfkzh83gy@5apetcb@zn%0z*gybtfgg@$zm@af,noise
"According to the report, The research team compared seeral models using the same test set. The experiment used a fixed random seed. Sample 1324.",mild_gibberish
language airport triangle blue mountain library database network engine window coffee cloud,word_salad
CUDA 12.4 PyTorch 2.5 NVIDIA A100 80GB The results were reproducible. Sample 397.,clean
"For the benchmark, The document contains financial results for the previous fiscal year. The results asdfghjkl were reproducible. Sample 1212.",mild_gibberish
kernel forest software mountain invoice protein temperature river library processor 1997,word_salad
"In this experiment, POST /api/v1/documents status_code=200 latency_ms=17 The result was recorded for later analysis. Sample 363.",clean
"SELECT customer_id, revenue FROM transactions WHERE year=2025 Sample 2034.",clean
"According to the report, The document contains financial results for the previous fiscal year. The experiment used a fixed random seed. Sample 1203.",clean
"In this experiment, The document contains financial results for the previous fiscal year. The experiment used a fixed random seed. Sample 27.",clean
"In this experiment, CUDA 12.4 PyTorch 2.5 NVIDIA A100 80GB Sample 1845.",clean
8d4b9@9fhr5x#zjgk5vemzrs*!3lpw2$g@^bva*vs!#i,noise
The convolutional network extracts local patterns from the input signal. Sample 1489.,clean
mountain temperature language battery sequence software invoice market blue triangle memory gradient quantum airport garden 1415,word_salad
The qazwsxedc convolutional network extracts local patterns from the input signal. Sample 2479.,mild_gibberish
"For the benchmark, The system uses retrieval augmented generation to answer questions. The result was recorded for later analysis. Sample 455.",clean
"In this experiment, learning_rate=0.002 weight_decay=0.0003 warmup_steps=1200 The experiment used a fixed random seed. Sample 893.",clean
"In this experiment, https://example.com/api/v1/search?q=transformer The experiment used a fixed random plmoknijb seed. Sample 1983.",mild_gibberish
eqZRLulA Tz lK uHVHc PPQfCiM FA,noise
$4kpp4j@6h%9nza%*k0rjldnt2,noise
temperature mathematics airport battery garden algorithm sequence galaxy tensor network kernel chair blue,word_salad
"For the benchmark, Conv1d kernel_size=5 hidden_size=128 batch_size=64 Sample 1447.",clean
battery signal gradient running forest triangle library protein market coffee quantum invoice memory 2182,word_salad
"For the benchmark, The algorithm was evaluated on unseen samples from a separate cohort. Sample 2095.",clean
document galaxy signal triangle garden network 1968,word_salad
"For the benchmark, The rnodel acieved zxcvbnm strong performnce on the validation dataset. Sample 1028.",mild_gibberish
"For the benchmark, qwertyuiop The convolutional network extracts local patterns from the input signal. The experiment used a fixed random seed. Sample 703.",mild_gibberish
&&!#%!**@*@,noise
oxygen quantum chair running elephant airport tensor triangle software engine language planet banana algorithm gradient 1955,word_salad
SV VGma OeQcCo EfTcwK WinKNI RFVovZnm IP cFZbeRT DijTFUb,noise
vqSBDPOl dSUFjRE ykck EPqzrGe xLdK jD QQ hAKfzbEp wCtlfi tXvi,noise
hTAOhuZy PT exQqV AqJdeBs,noise
"In this experiment, CUDA 12.4 PyTorch 2.5 NVIDIA A100 80GB The results were reproducible. Sample 652.",clean
plmoknijb qwertyuiop,noise
"In this experiment, https://example.com/api/v1/search?q=transformer Sample 993.",clean
"According to the report, The software pipeline converts documents into searchable representations. Sample 1014.",mild_gibberish
market battery running banana triangle database elephant,word_salad
market purple quantum processor protein network galaxy gradient banana database memory signal planet,word_salad
river galaxy protein camera planet running processor network engine airport purple,word_salad
"For the benchmark, The experiment evaluates precision, recall, and inference latency. Sample 250.",mild_gibberish
"According to the report, HG001 HG002 HG005 nanopore sequencing read classification The result was recorded for later analysis. Sample 890.",clean
sequence purple triangle invoice garden kernel blue mountain oxygen engine network 435,word_salad
market language elephant database garden memory chair invoice,word_salad
ss JOZi sK byYmme,noise
The system uses retrieval augmented generation to answer questions. The results were reproducible. Sample 2226.,clean
"According to the report, The system uses retrieval augmented generation to answer questions. The result was recorded for later analysis. Sample 276.",clean
"For the benchmark, The experiment evaluates precision, recall, and inference latency. The result qwertyuiop was recorded for later analysis. Sample 2394.",mild_gibberish
tSOkrSV bISVbgc NCJdRw dHPtWKg kJKYej GZCZ AybkudDn,noise
"For the benchmark, The retrieval system returns supporting passages before generating an answer. The experiment used a fixed random seed. Sample 1973.",clean
"In this qazwsxedc experiment, learning_rate=0.002 weight_decay=0.0003 warmup_steps=1200 The result was recorded for later analysis. Sample 2319.",mild_gibberish
mountain invoice purple software chair battery gradient elephant memory protein cloud database blue 1807,word_salad
"According to the report, https://example.com/api/v1/search?q=transformer Sample 913.",mild_gibberish
window oxygen elephant kernel quantum mathematics mountain,word_salad
5^3#djbzk*wt6oticf,noise
s2pz19@k!nlfboc0lzq7h924c3%6w0$ybcwf1urkddvo,noise
"According to the report, The database stores customer transactions and product information. The results were reproducible. Sample 862.",clean
"According to the report, The proposed method reduces inference latency while preserving classification quality. The results were reproducible. Sample 1773.",mild_gibberish
mountain mathematics library quantum camera window 2023,word_salad
"In this experiment, The software pipeline converts documents into searchable representations. The experiment used qazwsxedc a fixed random seed. Sample 944.",mild_gibberish
market garden quantum software protein banana document,word_salad
airport market cloud blue signal running river document engine gradient chair quantum memory,word_salad
sequence market planet engine quantum garden tensor mountain protein document purple library,word_salad
"In this experiment, qwertyuiop The rnodel achieved strong performnce on the validation dataset. The result was recorded for later analysis. Sample 1243.",mild_gibberish
IbUhU Gx ihPeLdmx ociLSrH,noise
"According to the report, The database stores customer transactions and product information. The experiment used a fixed random seed. Sample 1338.",mild_gibberish
"For the benchmark, The software pipeline converts documents into searchable representations. Sample 2224.",clean
"According to the report, The documnt contains financial results for the previous fiscal year. The experiment used a fixed random seed. Sample 1104.",mild_gibberish
"For the benchmark, Conv1d kernel_size=5 hidden_size=128 batch_size=64 The result was recorded for later analysis. Sample 2125.",mild_gibberish
"According qwertyuiop to the report, The retrieval systme returns supporting passages before generating an answer. The reult was recorded for later analysis. Sample 2017.",mild_gibberish
"In this experiment, The experiment evaluates precision, recall, and inference latency. The result was recorded for later analysis. Sample 713.",clean
awgmOy SIGs dxGf GOCcB zPU pq TdmG lL eV,noise
"According to the report, The model achieved strong performnce on the validation dataset. The results were reproducible. Sample 739.",mild_gibberish
"According to the report, ROC-AUC 0.9029 MCC 0.5034 F1 0.6915 The result was recorded for later analysis. Sample 1051.",mild_gibberish
"For the benchmark, CUDA 12.4 PyTorch asdfghjkl 2.5 NVIDIA A100 80GB The reults were reproducible. Sample 200.",mild_gibberish
tensor language camera planet purple engine network battery kernel coffee 2160,word_salad
The research team compared several models using the same test set. The result was recorded for later analysis. Sample 1202.,clean
"In this experiment, learning_rate=0.002 weight_decay=0.0003 warmup_steps=1200 The result was recorded for later analysis. Sample 247.",clean
"For the benchmark, The convolutional network extracts local patterns from the input signal. qwertyuiop The result was recorded for later analysis. Sample 834.",mild_gibberish
forest banana protein purple galaxy software running engine,word_salad
"In this experiment, https://example.com/api/v1/search?q=transformer The results were reproducible. Saple 1911.",mild_gibberish
mathematics protein camera tensor blue kernel,word_salad
"In this experiment, Conv1d kernel_size=5 hidden_size=128 batch_size=64 Sample 1259.",mild_gibberish
"For the benchmark, The report describes the architecture, training procedure, and evaluation reults. Sample 1751.",mild_gibberish
"In this experiment, The patient record was updated after the laboratory results were reviewed. The result was recorded for later analysis. Sample 1097.",clean
ytsj bsKMcoUg dPQ GDp wMNM,noise
"In this experiment, The sotware pipeline converts documents into searchable representations. Sample 2278.",mild_gibberish
"According to the report, The research team compared several moels using the same test set. qazwsxedc The experiment used a fixed random seed. Sample 1095.",mild_gibberish
&$&@$!@?&?$*?&@*!&*?,noise
mathematics battery garden elephant oxygen library planet purple 2405,word_salad
The database stores customer transactions and product information. Sample 246.,mild_gibberish
"In this experiment, learning_rate=0.002 weight_decay=0.0003 warmup_steps=1200 The experiment used a fixed random seed. Sample 635.",clean
"According to the reort, Machine learning systems require reliable dtaa preprocessing. The result was recorded for later analysis. Sample 1131.",mild_gibberish
9w!*tzehj$axs!o^83j!pmybcuz2h@@0kyhwzd55#49!o5o$6^d#33l,noise
market gradient planet airport cloud tensor quantum forest mathematics protein processor 1331,word_salad
b#8j2@u0k#8548b$qd5yfsg3nhyns2vcjozv42nm8d0aqwwb5,noise
"In this experiment, The experiment evaluates precision, recall, and inference latency. The result was recorded qwertyuiop for later analysis. Sample 464.",mild_gibberish
"According to the report, The document contains financial results for the previous fiscal year. Sample 2497.",mild_gibberish
jnVzLI YuTlNmGe XizoI EikJg,noise
market tensor blue network triangle mathematics software mountain airport banana river 39,word_salad
"In this experiment, SELECT customer_id, revenue FROM transactions WHERE year=2025 The experiment used a fixed random seed. Sample 1858.",clean
learning_rate=0.002 weight_decay=0.0003 warmup_steps=1200 The results were reproducible. Sample 1174.,clean
"For the benchmark, The algorithm was evaluated on unseen samples from a separate cohort. The experiment used a fixed random seed. Sample 1532.",clean
"For the benchmark, Conv1d kernel_size=5 hidden_size=128 bach_size=64 Sample qwertyuiop 2064.",mild_gibberish
language quantum oxygen garden coffee window sequence,word_salad
"For the benchmark, CUDA 12.4 PyTorch 2.5 NVIDIA A100 80GB The result was recorded for later analysis. Sample 1080.",mild_gibberish
%@@4zv#b0%w3duewudv3^,noise
airport banana river quantum memory galaxy running 1241,word_salad
market mathematics galaxy algorithm battery banana database network blue sequence mountain memory processor,word_salad
"In this experiment, learning_rate=0.002 weight_decay=0.0003 warmup_steps=1200 Sample 1513.",clean
"In this experiment, CUDA 12.4 PyTorch 2.5 NVIDIA A100 80GB The results were reproducible. Sample plmoknijb 2006.",mild_gibberish
purple temperature coffee protein memory elephant galaxy invoice,word_salad
npiJf uPkg lhhh zSYzq ONcN zogvWC gPiRS MeyVaRK VFNMw fjGdp,noise
&!$#!##$&&*$*@$#,noise
"For the benchmark, The proposed method reduces inference latency while preserving classification quality. Sample 983.",clean
"In this experiment, The convolutional network extracts local patterns from the input signal. The experiment used a fixed random seed. Sample 344.",clean
"In this experiment, Machine learning systems require reliable data preprocessing. The result was recorded for later analysis. Sample 1642.",clean
mountain algorithm sequence gradient blue planet market camera network,word_salad
"According to the report, CUDA 12.4 PyTorch 2.5 NVIDIA A100 80GB The result was recorded for later analysis. Sample 2153.",clean
i#qv4h@cu2#yi%fy999g^a,noise
"According to the report, The convolutional network extracts local patterns from the input signal. The experiment used a fixed random seed. Sample 1863.",clean
$%!*!@*$?&*%@$?@*@&$*%?&,noise
software airport network purple mountain algorithm garden quantum coffee,word_salad
"For the benchmark, The algorithm was evaluated on unseen samples from a separate cohort. The experiment used a fixed random seed. Sample 26.",clean
"In this experiment, ROC-AUC 0.9029 MCC 0.5034 F1 0.6915 The result was recorded for later analysis. Sample 2385.",clean
"According to the report, The experiment evaluates precision, recall, and inference latency. Sample 1250.",clean
memory planet temperature river protein airport database banana tensor signal 1384,word_salad
ROC-AUC 0.9029 MCC 0.5034 F1 0.6915 The result was qazwsxedc recorded for later analysis. Sample 266.,mild_gibberish
"According to the report, The retrival systme returns supporting passages before generating an answer. Sample 1030.",mild_gibberish
"In this experiment, Conv1d kernel_size=5 hidden_size=128 batch_size=64 The result was recorded for later analysis. Sample 511.",clean
"For the benchmark, The algorithm was evaluated on unseen samples from a separate cohort. The result was recorded for later analysis. Sample 2496.",clean
oxygen processor language battery invoice banana river mathematics quantum engine sequence planet network cloud document 838,word_salad
"According to the report, The proposed method reduces inerence latency while preserving classification quality. Sample 129.",mild_gibberish
"For the benchmark, CUDA 12.4 PyTorch 2.5 NVIDIA A100 80GB The result was recorded for later analysis. Sample 1284.",clean
library mountain elephant signal airport engine language oxygen document database coffee 1784,word_salad
"In this experiment, The documnt contains financial results for the previous fiscal year. The zxcvbnm result was recorded for later analysis. Sample 138.",mild_gibberish
"For the benchmark, The patient record was updated after the laboratory results were reviewed. Sample 242.",mild_gibberish
w5kqsi7chiyrs$2wg9frqre2%nsp,noise
"For the benchmark, The parser extracts paragraphs, tables, headings, and metadata from documents. Sample 930.",clean
"According to the report, The model achieved strong performance on the validation dataset. The result was recorded for later analysis. Sample 1872.",clean
"According to the report, The model achieved strong performnce on the validation dataset. The results were reproducible. Sample 342.",mild_gibberish
"According to the report, POST /api/v1/documents status_code=200 latency_ms=17 The results were reproducible. qazwsxedc Saple 1988.",mild_gibberish
SpzhRbmy IiuYSgN gN ZfpQpNvZ,noise
"In this experiment, The proposed method reduces inference latency while preserving classification quality. The result was recorded plmoknijb for later analysis. Sample 2110.",mild_gibberish
##$&&!!*#,noise
%&#%&#%%*@,noise
"For the benchmark, The convolutional network extracts local patterns from the input signal. Sample 1760.",clean
signal temperature triangle mountain garden tensor airport camera,word_salad
"For the benchmark, The proposed method reduces inference latency while preserving classification quality. Sample 1703.",mild_gibberish
"For the benchmark, The research team compared several models using the same test set. The results were reproducible. Saple 60.",mild_gibberish
!@*?&@#!*@@?&?@*#%,noise
"In this experiment, The retrieval system returns supporting passages before generating an answer. The results were reproducible. Sample 1456.",clean
"According to the report, The software pipeline converts documents into searchable representations. The results were reproducible. Sample 2423.",mild_gibberish
"In this experiment, https://example.com/api/v1/search?q=transformer The result was recorded for later analysis. Sample 492.",clean
"The parser exracts paragraphs, tables, headings, and metadata from documents. The result was recorded for later analysis. Sample 1593.",mild_gibberish
"For the bechmark, The software pipeline converts documents into searchable representations. Sample 2155.",mild_gibberish
jh#&ahv3*5#t6xf!g@*f5y!9c$j6lhmcpgs3^b0ry86wjo#57hc9fdv2,noise
&!$&@!&?!$*,noise
"In this experiment, CUDA 12.4 PyTorch 2.5 NVIDIA A100 80GB The experiment used a fixed radom seed. Sample 1806.",mild_gibberish
"In this experiment, The parser extracts paragraphs, tables, headings, and metadata from documents. Sample 51.",mild_gibberish
"For the benchmark, Machine learning systems require reliable dtaa preprocessing. Sample 1731.",mild_gibberish
sf1py59ao8rlc#o&439p1yz1x4d&lmln@b0$o^trj#fzpx5,noise
"For the benchmark, Machine learning systems require reliable data preprocessing. The experiment used a fixed random seed. Sample 1361.",clean
camera mountain memory quantum mathematics language algorithm library cloud market temperature engine elephant river 508,word_salad
"According to the report, The retrieval system returns supporting passages before generating an answer. The plmoknijb result was recorded for later analysis. Sample 2168.",mild_gibberish
running quantum protein window banana engine sequence network mathematics gradient kernel invoice algorithm language river,word_salad
oxygen library processor chair software cloud quantum 1646,word_salad
"In this experiment, The document contains financial results for the previous fiscal year. The experiment used a fixed random seed. Sample 61.",clean
xv8vnpam7tdvmdlg3xya**^wz35kmd,noise
f!%8ueydg88tropbhs6#,noise
river software planet camera language temperature,word_salad
"For the benchmark, learning_rate=0.002 weight_decay=0.0003 warmup_steps=1200 The experiment used a fixed random seed. Sample 365.",clean
"For the benchmark, The system uses retrieval augmented generation to answer questions. Sample 1715.",clean
purple forest market language triangle battery engine cloud library signal network kernel,word_salad
asdfghjkl zxcvbnm,noise
protein language river window banana galaxy signal database processor software oxygen planet,word_salad
rxa8wj$8z$^fjetjyc!&%z1hrecxqfr@9vsx#*7,noise
$?!%*#$@!%$%?#%&#&@#?$?$??!,noise
asdfghjkl qwertyuiop,noise
https://example.com/api/v1/search?q=transformer The results were reproducible. Sample 29.,mild_gibberish
"In this experiment, The parser extracts paragraphs, tables, headings, and metadata from documents. The experiment used a fixed random seed. Sample qazwsxedc 549.",mild_gibberish
POST /ai/v1/documents status_code=200 latency_ms=17 Sample 2293.,mild_gibberish
triangle library gradient signal planet memory elephant oxygen network forest invoice window mountain software,word_salad
iw@jsx$#i7j,noise
mathematics planet gradient purple temperature algorithm blue river window signal invoice software protein banana tensor,word_salad
"According to the report, The research plmoknijb team compared several models using the same test set. The result was recorded for later analysis. Sample 1368.",mild_gibberish
zzgk583w!a!isfrirgc&0g$rx7x*n72hyi3m%xg,noise
"For the benchmark, https://example.com/api/v1/search?q=transformer The experiment used a fixed random seed. Sample 2037.",mild_gibberish
"In this experiment, The retrieval system returns supporting passages before generating an answer. The result was recorded for later analysis. Sample 1327.",clean
gradient software cloud planet language garden kernel window signal purple river network protein,word_salad
46@xxpu$txfsn^ix^s%ps5ypl,noise
river battery mathematics library triangle galaxy database memory garden protein,word_salad
Em kiENI rXjm CgUGYnbZ wyEfIwq,noise
The patient record was updated after the laboratory results were reviewed. The experiment used a asdfghjkl fixed random seed. Sample 38.,mild_gibberish
gradient engine cloud window mountain quantum triangle,word_salad
&&#*?!?$,noise
gBl gJ Eg UkKjToLg IdYMKwBL SGZfZFt hjVd mabmS,noise
"In this experiment, Mahine learning systems require reliable data preprocessing. The results qwertyuiop were reproducible. Sample 995.",mild_gibberish
vrg02aqbaye07t^t*1s@78$arzv5pbo^d9cxrsv3vxy,noise
0n6@d^2df2e1&b3r%22lgig@v6,noise
triangle chair processor forest market engine river memory purple blue cloud kernel,word_salad
library software battery market triangle running,word_salad
ROC-AUC 0.9029 MCC 0.5034 F1 0.6915 The result was recorded for later analysis. Sample 2234.,mild_gibberish
"According to plmoknijb the report, The experiment evaluates precision, recall, and inference latency. The results were reproducible. Sample 2454.",mild_gibberish
"According to the report, Conv1d kernel_size=5 hiden_size=128 batch_size=64 The experiment used a fixed random asdfghjkl seed. Sample 807.",mild_gibberish
fYCUF PWWXjZta XdgM LZVBsUdq,noise
"The report describes the architecture, training procedure, and evaluation results. The result was recorded for later analysis. Sample 1563.",mild_gibberish
planet software engine elephant document battery kernel tensor purple network oxygen triangle quantum 584,word_salad
"In this experiment, The report describes the architecture, training procedure, and evaluation results. The results were reproducible. Sample 1578.",clean
"In this experiment, The retrieval system returns supporting passages before generating an answer. The result was recorded for later analysis. Sample 1796.",clean
mathematics protein forest river kernel document triangle software tensor coffee,word_salad
library cloud software sequence camera signal banana galaxy oxygen engine blue,word_salad
engine window planet signal gradient airport market oxygen battery galaxy mathematics protein camera temperature 814,word_salad
"In this experiment, The parser extracts paragraphs, tables, headings, and metadata from documents. Sample 1304.",clean
&&%@%#$#%!#@#!?##&$,noise
"For the benchmark, The proposed method reduces inference latency while preserving classification quality. The results were reproducible. Sample 81.",clean
"The experiment evaluates precision, recall, and inference latency. Sample 94.",mild_gibberish
"The report describes the architecture, training procedure, and evaluation results. The experiment used a fixed random seed. Sample 1237.",clean
algorithm chair airport planet gradient mountain signal tensor camera library blue cloud,word_salad
signal software chair river language cloud triangle window 423,word_salad
coffee network software forest triangle banana engine language blue gradient window elephant galaxy 1276,word_salad
"According to the report, The algorithm was evaluated on unseen samples from a separate cohort. The results were reproducible. Sample 1408.",mild_gibberish
"According to the report, CUDA 12.4 PyTorch 2.5 NVIDIA A100 80GB The result was recorded for later analysis. Sample 357.",clean
The systme uses retrival augmented generation to answer questions. The results were reproducible. zxcvbnm Sample 1730.,mild_gibberish
"In this experiment, The proposed method reduces inference latency while preserving classification quality. The experiment used a fixed random seed. Sample 622.",clean
wvrarqji*kd#j&7p%gr$2rt1qo%op30%sox*vnobzrv@fyjng1alq@26!q!l,noise
jxj6w&iriic2dnx@b22j@8h,noise
camera running mountain engine gradient language banana mathematics library sequence galaxy processor garden 337,word_salad
The rnodel achieved strong performnce on the validation dataset. Sample plmoknijb 752.,mild_gibberish
"For the benchmark, ROC-AUC 0.9029 MCC 0.5034 F1 0.6915 The result was recorded for later analysis. Sample 816.",clean
"For the benchmark, HG001 HG002 HG005 nanopore sequencing read classification The results were reproducible. Sample 269.",mild_gibberish
"The report describes the architecture, training procedure, and evaluation results. The experiment used a fixed random seed. Sample 123.",mild_gibberish
"For the benchmark, https://example.com/api/v1/search?q=transformer The result was recorded for later anlysis. Sample 2384.",mild_gibberish
"According to the report, The algorithm was evaluated on unseen samples from a separate cohort. Sample 297.",clean
"In this experiment, The parser extracts paragraphs, tables, asdfghjkl headings, and metadata from documents. Sample 1960.",mild_gibberish
%%#&@%$!@!$#@$!@$*#*?@?$%##&,noise
"For the benchmark, Machine learning systems require reliable dtaa preprocessing. The results were reproducible. Sample 1800.",mild_gibberish
signal galaxy running protein quantum memory software database planet chair battery purple processor 947,word_salad
&%%*%!$*&!*#&@,noise
"According to the zxcvbnm report, The proposed method reduces inference latency while preserving classification quality. Sample 1393.",mild_gibberish
$*@@%$@#@$!,noise
nl!gv4k@39&32a4yiu*ob^rv!!pdq04d%^0a9qmak6f&beof%2w,noise
https://example.com/api/v1/search?q=transformer The experiment used a fixed random seed. Sample 30.,mild_gibberish
vhwey^imcaqxlmxj9^!ya63q%*bt&rkifi39*p5*of34to!,noise
6#a1k!$8rrl5$&vibxrqart%invhxw$c9n#gn$,noise
"According to the report, The proposed method reduces inference latency while preserving classification quality. The result was recorded for later analysis. Sample 399.",clean
"According to the report, The research team compared several models using the same test set. The experiment used a fixed random seed. Sample 1894.",clean
qazwsxedc https://example.com/api/v1/search?q=transformer The results were reproducible. Sample 2287.,mild_gibberish
"In this experiment, HG001 HG002 HG005 nanopore sequencing read classification The result was recorded for later analysis. Sample 1440.",clean
Conv1d kernel_size=5 hidden_size=128 batch_size=64 The experiment used a fixed random seed. Sample 1134.,clean
camera document blue memory coffee language cloud oxygen 2342,word_salad
algorithm language sequence memory airport garden running triangle mountain galaxy database cloud,word_salad
"In this experiment, The convolutional network extracts local patterns from the input signal. Sample 908.",mild_gibberish
"In this exeriment, The documnt contains financial results for the previous fiscal year. The experiment used a fixed random seed. Sample 2124.",mild_gibberish
"According to the report, The document contains financial results for the previous fiscal year. The experiment used a fixed random seed. Sample 1236.",mild_gibberish
??&!#!?*!!#?&#@**!?*#!%!%!$&*%,noise
"In this experiment, The convolutional network extracts local patterns from the input signal. zxcvbnm The experiment used a fixed random seed. Sample 2152.",mild_gibberish
sbx4pdwj!z&qiw#06m3zq3d!xfq#*tl20t,noise
"In this experiment, The database stores customer transactions and product information. The result was recorded for later analysis. Sample 123.",clean
*?$@?@%&??@?%$!**#!@!@@*$$*$$,noise
%&$%&@$@#&%&$$@%!&?!#!%!%$@,noise
oxygen market algorithm elephant coffee protein software triangle language 2391,word_salad
POST /api/v1/documents status_code=200 latency_ms=17 The result was recorded for later analysis. Sample 936.,mild_gibberish
"In this experiment, The convolutional network extracts local patterns from the input signal. The result was recorded for later analysis. Sample 1285.",mild_gibberish
HG001 HG002 HG005 nanopore sequencing read classification Sample 1915.,mild_gibberish
aEJL yzMEY updJ,noise
"For the benchmark, The algorithm was evaluated on unseen samples from a separate cohort. The result was recorded for later analysis. Sample 1762.",clean
language temperature invoice signal mountain tensor airport,word_salad
"According to the report, The software pipeline converts documents into searchable representations. zxcvbnm The results were reproducible. Sample 1004.",mild_gibberish
"According to the report, Machine learning systems require reliable data preprocessing. The results were reproducible. Sample 1182.",clean
"In this experiment, The document contains financial results for the previous fiscal year. Sample 2039.",clean
planet engine processor elephant triangle gradient quantum database algorithm language network galaxy software memory,word_salad
mountain tensor quantum database forest chair running garden algorithm memory 156,word_salad
"SELECT customer_id, revenue FROM transactions WHERE year=2025 The results were reproducible. Sample 2359.",clean
"According to the report, HG001 HG002 HG005 nanopore sequencing read classification The experiment used a fixed random seed. Sample 1216.",mild_gibberish
"In this experiment, POST /api/v1/documents status_code=200 latency_ms=17 The results were reproducible. Sample 1900.",clean
"In this experiment, The patient record was updated after the laboratory results were reviewed. The experiment used a fixed random seed. Sample 1815.",mild_gibberish
"For the benchmark, POST /api/v1/documents status_code=200 latency_ms=17 The result was recorded for later analysis. Sample 2277.",mild_gibberish
#&!%@!@!@@%@!@??,noise
window sequence mathematics coffee cloud camera processor document,word_salad
"In this experiment, The database stores customer transactions and product information. Sample 193.",clean
quantum mathematics garden running temperature invoice processor triangle purple 272,word_salad
"According to the report, SELECT customer_id, plmoknijb revenue FROM transactions WHERE year=2025 Sample 1846.",mild_gibberish
oxygen database quantum garden market cloud coffee tensor network algorithm library,word_salad
learning_rate=0.002 weight_decay=0.0003 warmup_steps=1200 The experiment plmoknijb used a fixed random seed. Sample 747.,mild_gibberish
"For the benchmark, CUDA 12.4 PyTorch 2.5 NVIDIA A100 80GB The experiment used a fixed random seed. Sample 442.",clean
river invoice garden banana library triangle engine cloud software database processor,word_salad
engine window forest elephant library triangle mathematics protein banana coffee camera tensor,word_salad
quantum forest window algorithm camera coffee,word_salad
invoice engine algorithm garden elephant running gradient quantum window software,word_salad
Conv1d kernel_size=5 hidden_size=128 batch_size=64 The experiment used a fixed random seed. Sample 838.,clean
76%4jv02*!*re*0w0h,noise
"For the benchmark, The patient record was updated after the laboratory results were reviewed. The results were reproducible. Sample 705.",clean
$##@?%@*?#@!*@?**&,noise
"The parser extracts paragraphs, tables, headings, and metadata from documents. The results were reproducible. Sample qwertyuiop 2009.",mild_gibberish
XptLxZ mlLhvBxt iVHIhf wK wkmx,noise
eDAITret VnSu tfVF uRhHqwKR WbDubFSx dUa hyXQr GTzCgc,noise
river memory planet mathematics oxygen language software,word_salad
The patient record was updated after the laboratory results were reviewed. The result was recorded for later analysis. Sample 2075.,clean
"For the benchmark, The proposed method reduces inference latency while preserving classification quality. The experiment used a fixed random seed. Sample 1949.",mild_gibberish
Conv1d kernel_size=5 hidden_size=128 batch_size=64 The experiment used a fixed random seed. Sample 577.,clean
"For the benchmark, The experiment evaluates precision, recall, and inference latency. The result was recorded for later analysis. Sample 2195.",mild_gibberish
"For the benchmark, HG001 HG002 HG005 nanopore sequencing read classification Sample 1825.",mild_gibberish
"For the benchmark, qwertyuiop SELECT customer_id, revenue FROM transactions WHERE year=2025 The result was recorded for later analysis. Sample 171.",mild_gibberish
ROC-AUC 0.9029 MCC 0.5034 F1 0.6915 The experiment used a fixed random seed. Sample 1349.,clean
"For the benchmark, The retrival system returns supporting passages before geerating an answer. The results were reproducible. zxcvbnm Sample 1877.",mild_gibberish
"In this experiment, ROC-AUC 0.9029 MCC 0.5034 F1 0.6915 Sample 1696.",mild_gibberish
memory engine camera library triangle battery chair planet oxygen document garden blue algorithm,word_salad
triangle cloud camera running algorithm quantum protein document,word_salad
@@#?&&@#&*!?@&*%?$*??%#!#?*$%,noise
algorithm cloud planet gradient signal camera chair kernel protein,word_salad
banana engine quantum coffee memory kernel river chair 106,word_salad
Conv1d kernel_size=5 hiden_size=128 batch_size=64 Sample 2435.,mild_gibberish
"According to the report, SELECT customer_id, revenue FROM transactions WHERE year=2025 The results were reproducible. Sample 856.",clean
algorithm temperature elephant battery market planet,word_salad
Izye djTSKA rPTckpSu cl EDqrvyG Ht YHG IyJhf,noise
mathematics triangle invoice river language sequence 1721,word_salad
ZFckU hDcHY gwMpMFXY sbuMu FAhushk zM pSAkgu JKDxTYF Gdo,noise
"For the benchmark, The patient record was updated after the laboratory results were reviewed. The results were reproducible. Sample 1023.",mild_gibberish
gu&om6^bytdbo5*kzht8c!gd%x4m1p!uyi894tbp,noise
"According to the report, The convolutional network extracts local patterns from the input signal. Sample 1647.",clean
document forest memory quantum mountain elephant banana galaxy engine network coffee gradient chair camera,word_salad
"According to the report, SELECT customer_id, revenue FROM transactions WHERE year=2025 The result was recorded for later analysis. Sample 1694.",clean
The research team compared several models using the same test set. The results were reproducible. Sample 1689.,clean
"In this experiment, The document contains financial results for the previous fiscal year. Sample 1636.",clean
The retrieval system returns supporting passages before generating an anwer. plmoknijb Sample 130.,mild_gibberish
"In this exeriment, Machine learning systems require reliable dtaa preprocessing. Sample 1997.",mild_gibberish
Machine learning systems require reliable data preprocessing. Sample 1389.,clean
"In this experiment, The report describes the architecture, training procedure, and evaluation results. The experiment used a fixed random seed. Sample 2010.",clean
garden coffee language processor window algorithm document signal forest gradient galaxy mathematics purple,word_salad
"According to the report, The document contains financial results for the previous fiscal year. The result was recorded for later analysis. Sample 580.",clean
The algorithm was evaluated on unseen samples from a separate cohort. Sample 2071.,clean
NAQ rFpeezt Gc qqQzetQ NZ eTGVtQpR QqPta PdgEq,noise
https://example.com/api/v1/search?q=transformer The experiment used a fixed random seed. Sample 2458.,clean
"According to the report, ROC-AUC 0.9029 MCC 0.5034 F1 0.6915 Sample 626.",clean
banana document kernel galaxy gradient network signal river temperature battery airport library processor,word_salad
$?&$&*##?$**#?!&,noise
%@$##*!?#&?!@@@&$%@%$##%$#,noise
engine sequence invoice language memory market galaxy,word_salad
The model achieved strong performance on the validation dataset. The experiment used a fixed random seed. Sample 828.,clean
"In this experiment, The convolutional network extracts local patterns from the input signal. The experiment used a fixed random seed. Sample 2080.",clean
"According to the report, SELECT customer_id, revenue FROM transactions WHERE year=2025 The experiment used a fixed random seed. Sample 216.",mild_gibberish
j@k!ehs20umr7q0*x5xk2y@4ufs#ib1mowhr@36a,noise
"The parser extracts paragraphs, tables, headings, and metadata from documents. Sample 1504.",clean
"In this experiment, learning_rate=0.002 weight_decay=0.0003 warmup_steps=1200 The result was recorded for later analysis. Sample 840.",clean
The research team compared several models using the same test set. The results were reproducible. Sample 501.,clean
@#$$!@!!&?*%!?!&@*%@,noise
"For the benchmark, HG001 HG002 HG005 nanopore sequencing read classification The results were reproducible. Sample 1817.",clean
"For the benchmark, The proposed method reduces inference latency while preserving classification quality. The results were reproducible. Sample 1974.",mild_gibberish
ROC-AUC 0.9029 MCC 0.5034 F1 0.6915 The qazwsxedc results were reproducible. Sample 2204.,mild_gibberish
HKVKJmrK Zunla AtGg VfqWfIV DndU Igk aeknnFGs XemVQH,noise
"According to the report, https://example.com/api/v1/search?q=transformer The results were reproducible. Sample 996.",mild_gibberish
document cloud engine market gradient tensor protein signal garden camera language software,word_salad
The database stores customer transactions and product information. The results were reproducible. Sample 2102.,clean
"In this experiment, learning_rate=0.002 weight_decay=0.0003 warmup_steps=1200 Sample 137.",mild_gibberish
zxcvbnm asdfghjkl,noise
"According to the report, ROC-AUC 0.9029 MCC 0.5034 F1 0.6915 Sample 1129.",mild_gibberish
"According to the report, The algorithm was evaluated on unseen samples from a separate cohort. The results were reproducible. Sample 690.",clean
ROC-AUC 0.9029 MCC 0.5034 F1 0.6915 The result was recorded for later analysis. Sample 2128.,clean
forest river software language processor oxygen banana gradient camera network sequence market,word_salad
mountain chair window signal airport river gradient,word_salad
#&*!&$!$@&?%%*%%?%!,noise
HG001 HG002 HG005 plmoknijb nanopore sequencing read classification The result was recorded for later analysis. Sample 2046.,mild_gibberish
#!**!@!!?%!*?#%$*#%#*$&*!$?,noise
"For the benchmark, The proposed method reduces inference latency while preserving classification quality. The experiment used a fixed random seed. Sample 2343.",clean
"For the benchmark, The database qazwsxedc stores customer transactions and product inormation. The results were reproducible. Sample 2067.",mild_gibberish
The system uses retrieval augmented generation to answer questions. The experiment used a fixed random seed. Sample 2078.,clean
window market engine elephant coffee temperature language purple 2070,word_salad
network purple triangle mountain algorithm planet forest garden cloud mathematics memory elephant airport,word_salad
gzu028b&pb,noise
The patient record was updated after the laboratory results were reviewed. The results were reproducible. Sample 1162.,mild_gibberish
dwp%7*ak%0uxd&c&y3$8lhkok5kjgfgpb@r6gz%xb,noise
blue garden mathematics algorithm coffee river gradient,word_salad
kXjuGcdI aXrjFXtg ttjSRw yVdiMsxd fgzZasU yK SY oG MofF,noise
"In this experiment, CUDA 12.4 PyTorch 2.5 NVIDIA A100 80GB Sample 201.",clean
#?@##?$@!?%?&??,noise
"For the benchmark, The retrieval system returns supporting passages before generating an answer. The result was recorded for later analysis. Sample 1960.",clean
"In this experiment, The research team compared several models using the same test set. The results were reproducible. asdfghjkl Sample 2452.",mild_gibberish
9#j91707@*p^04mdqcq9f%k*mv&,noise
processor signal quantum cloud chair mathematics software camera planet,word_salad
document galaxy engine banana blue library kernel window,word_salad
window forest garden library oxygen mathematics cloud mountain camera battery sequence document,word_salad
"According to the report, Conv1d kernel_size=5 hidden_size=128 batch_size=64 The results were reproducible. Sample 1086.",clean
"For the benchmark, POST /api/v1/documents status_code=200 laency_ms=17 The results were reproducible. Sample 314.",mild_gibberish
"In this experiment, ROC-AUC 0.9029 MCC 0.5034 F1 0.6915 The results were reproducible. Sample 2471.",mild_gibberish
"According to the report, The algorithm was evaluated on unseen samples from a separate cohort. Sample 678.",clean
window tensor kernel cloud chair processor airport mathematics memory blue running network elephant 1323,word_salad
galaxy kernel mountain purple language coffee 1135,word_salad
forest camera network invoice gradient signal sequence mountain 2360,word_salad
software protein planet memory battery airport forest engine banana cloud chair oxygen temperature camera tensor 2008,word_salad
"In this experiment, The parser extracts paragraphs, zxcvbnm tables, hedings, and metadata from documents. Sample 1676.",mild_gibberish
"According to the report, The document contains financial results for the previous fiscal year. The results were reproducible. Sample 772.",mild_gibberish
"For the benchmark, The algortihm was evaluated on unseen samples from a separate cohort. The results were reproducible. Sample 133.",mild_gibberish
triangle oxygen purple engine chair algorithm,word_salad
"For the benchmark, SELECT customer_id, revenue FROM transactions WHERE year=2025 Sample 284.",clean
"For the benchmark, Machine learning systems require reliable data preprocessing. The experiment used a fixed random seed. Sample 948.",clean
"For qwertyuiop the benchmark, The report describes the architecture, training prcedure, and evaluation results. Sample 953.",mild_gibberish
banana running planet processor sequence gradient temperature galaxy chair algorithm invoice quantum triangle,word_salad
chair memory forest river temperature software document elephant quantum cloud 1812,word_salad
"According to the report, The parser extracts paragraphs, tables, headings, and metadata from documents. The experiment used a fixed random seed. Sample 448.",clean
TW hYaU cHA xvPxR,noise
airport running protein forest algorithm market blue signal chair processor language sequence mountain memory,word_salad
battery river blue algorithm running software,word_salad
blue camera database airport mathematics quantum mountain galaxy library memory cloud,word_salad
CUDA 12.4 PyTorch 2.5 NVIDIA A100 80GB The experiment used a fixed random seed. Sample 1258.,clean
"According to the report, The parser extracts paragraphs, tables, headings, and metadata from documents. The result was recorded for later zxcvbnm analysis. Sample 581.",mild_gibberish
nq DABFknQI fpnWyd,noise
battery protein software gradient algorithm mathematics coffee 1118,word_salad
BLDp uHZId Jrljsl bEyMp YqiCr ZfJ qMXO,noise
@@*!@$%$%**?**!?$$@?%@#!,noise
blue software chair protein gradient forest engine battery galaxy temperature kernel,word_salad
"According to the report, POST /api/v1/documents status_code=200 latency_ms=17 The result was recorded for later plmoknijb analysis. Sample 611.",mild_gibberish
"According to the report, The system uses retrieval augmented generation to answer questions. The results were reproducible. Sample 2073.",clean
"For the benchmark, HG001 HG002 HG005 nanopore sequencing read classification The result was recorded for later analysis. Sample 2199.",mild_gibberish
The system uses retrieval augmented generation to answer questions. The experiment used a fixed random seed. Sample 1108.,clean
"In this experiment, The model achieved strong performance on the validation dataset. The experiment used a fixed random seed. Sample 1511.",clean
"In this experiment, Conv1d kernel_size=5 hidden_size=128 batch_size=64 The result was recorded for later analysis. Sample 1996.",clean
"For the benchmark, Machine learning systems require reliable asdfghjkl dtaa preprocessing. Sample 713.",mild_gibberish
&*@#&!$!&!%!?@#?&%$@%,noise
"In this experiment, RO-AUC 0.9029 MCC 0.5034 F1 0.6915 The result was recorded for later analysis. Sample 2201.",mild_gibberish
airport sequence garden kernel coffee mathematics engine mountain temperature invoice library,word_salad
"In this experiment, SELECT customer_id, revenue FROM transactions WHERE year=2025 The results were reproducible. Sample 1192.",clean
"SELECT customer_id, revenue FROM transactions WHERE year=2025 Sample 0.",clean
galaxy battery running mathematics document blue protein kernel planet software quantum language temperature gradient chair,word_salad
"For the benchmark, CUDA 12.4 PyTorch 2.5 NVIDIA A100 80GB The experiment used a fixed random seed. Sample 277.",clean
@$!?$@$$&??&!%@##$@#$%&*%@,noise
"In this experiment, The retrival systme returns supporting passages before generating an answer. The results were reproducible. Sample 956.",mild_gibberish
market quantum library memory forest protein sequence,word_salad
chair sequence algorithm signal camera triangle blue elephant protein,word_salad
"For the benchmark, Conv1d kernel_size=5 hidden_size=128 batch_size=64 The results were reproducible. Sample 436.",clean
"In this experiment, The proposed method reduces inference latency while preserving classification quality. Sample 1741.",mild_gibberish
?*%@&&#%%&#%%&%&##?,noise
market purple gradient signal document oxygen mountain protein running memory river planet temperature coffee banana 235,word_salad
"For the benchmark, The report describes the architecture, training procedure, and evaluation results. The experiment used a fixed random seed. Sample 1686.",clean
protein banana invoice engine forest planet document window cloud elephant galaxy network memory 2227,word_salad
"Acording to the report, Conv1d kernel_size=5 hidden_size=128 batch_size=64 The result was recorded for later analysis. Sample 1177.",mild_gibberish
river engine window tensor blue triangle document database forest processor signal battery camera,word_salad
coffee elephant mathematics database mountain market signal running invoice processor protein kernel forest planet 1117,word_salad
Hd QxraSt tShqJjLA ZI wstnSRCL QG ynMAt XQgYLwRq cWILRM kAX,noise
"According to the report, The systme uses retrival augmented generation to answer questions. The experiment used a fixed random seed. Sample 2005.",mild_gibberish
"According to the report, HG001 HG002 HG005 nanopore sequencing read classification The results were reproducible. Sample 506.",clean
oyEyR LXCxc SVuL wKjN mnmpQyoZ,noise
&?$$*##$@#?&*?%#?%#*#&#!&&*,noise
software gradient temperature airport coffee protein sequence network chair,word_salad
"For the benchmark, The algorithm was evaluated on unseen samples from a separate cohort. The experiment used a fixed random seed. Sample 661.",clean
"In this experiment, Conv1d kernel_size=5 hiden_size=128 batch_size=64 The result was recorded for later analysis. Sample 1006.",mild_gibberish
cQGZ qjo tSfZXIU bQ fZCwK kGL dW,noise
"According to the report, The document contains financial results for the previous fiscal year. Sample 2256.",clean
The algorithm was evaluated on unseen samples from a separate cohort. The result was recorded for later analysis. Sample 1394.,clean
"For the benchmark, The software pipeline converts documents into searchable representations. The result was recorded for later analysis. Sample 1603.",mild_gibberish
"For the benchmark, The parser extracts paragraphs, tables, headings, and metadata from documents. The results were reproducible. Sample 152.",mild_gibberish
kernel gradient invoice garden forest camera mathematics oxygen language tensor coffee 1234,word_salad
"In this experiment, The qwertyuiop retrieval systme returns supporting passages before generating an answer. Sample 1801.",mild_gibberish
cloud planet database tensor temperature banana battery library camera processor mountain engine river chair document,word_salad
engine galaxy camera coffee mountain tensor database sequence quantum 1694,word_salad
The system uses retrieval augmented generation to answer questions. The result was recorded for later analysis. Sample 1102.,clean
cloud tensor mathematics kernel engine banana planet purple library garden galaxy processor window blue memory,word_salad
"In this experiment, The system uses retrieval augmented generation to answer questions. The results were reproducible. Sample 1082.",clean
"For the benchmark, The document contains financial results for the previous fiscal year. The result was recorded for later analysis. Sample 243.",clean
The algortihm was evaluated on unseen samples from a separate cohort. The result was recorded for later analysis. Sample 606.,mild_gibberish
algorithm market river tensor window temperature protein running galaxy,word_salad
oxygen algorithm software battery database blue network market gradient triangle kernel 710,word_salad
"According to the report, The report decribes the architecture, training procedure, and evaluation results. The result was recorded for later analysis. Sample 2294.",mild_gibberish
garden cloud network river quantum running temperature database mountain galaxy tensor banana protein,word_salad
"For the benchmark, The parser extracts paragraphs, tables, headings, and metadata from documents. The results were reproducible. Sample 1641.",clean
"In this experiment, The software pipeline converts documents into searchable representations. The results were reproducible. Sample 882.",mild_gibberish
"asdfghjkl According to the report, learning_rate=0.002 weight_decay=0.0003 warmup_steps=1200 The experiment used a fixed random seed. Sample 1370.",mild_gibberish
airport processor mountain memory banana temperature triangle elephant tensor window software sequence oxygen protein 1285,word_salad
oHKwgYxd ysxcm rUAYoSzt gj FiDlqSF,noise
"According zxcvbnm to the report, The patient record was updated after the laboratory results were reviewed. Sample 118.",mild_gibberish
"For the benchmark, https://example.com/api/v1/search?q=transformer The results were reproducible. Sample 2177.",mild_gibberish
mathematics tensor protein cloud processor algorithm,word_salad
river sequence triangle document camera blue kernel running planet,word_salad
"In this experiment, ROC-AUC 0.9029 plmoknijb MCC 0.5034 F1 0.6915 Sample 454.",mild_gibberish
CUDA 12.4 PyTorch 2.5 NVIDIA A100 80GB The results were qwertyuiop reproducible. Sample 2433.,mild_gibberish
sequence elephant window camera mountain purple airport document blue engine memory running,word_salad
DhlGX TqBBkLAG rl xBXSo qh XOqxh,noise
Cye bMQiln far Zde XKw KSvaAilV nZM QSkL QmqnRK VNrtHjoG,noise
blue camera protein memory tensor banana algorithm airport quantum network river mathematics battery 1026,word_salad
The research team compared several models using the same test set. The results were reproducible. Sample 1146.,mild_gibberish
"According to the report, CUDA 12.4 PyTorch 2.5 NVIDIA A100 80GB The result was recorded for later analysis. Sample 633.",clean
*@#*@@!$%??*@,noise
"According to the report, learning_rate=0.002 weight_decay=0.0003 warmup_steps=1200 The result was recorded for later analysis. qwertyuiop Sample 2430.",mild_gibberish
"In this experiment, The proposed method reduces inference latency while preserving classification quality. The result was recorded for later analysis. Sample 2460.",mild_gibberish
"According to the report, The experiment evaluates precision, recall, and inference qazwsxedc latency. Sample 849.",mild_gibberish
"In this experiment, The retrieval system returns supporting passages before generating an answer. The result was recorded for later analysis. Sample 853.",clean
"For the benchmark, The retrival system returns supporting passages before generating an answer. Sample 2217.",mild_gibberish
"According to the report, The report describes the architecture, training procedure, and evaluation results. The results were reproducible. Sample 1933.",mild_gibberish
window coffee cloud galaxy blue river processor forest temperature library engine,word_salad
"According to the report, The experiment evaluates precision, recall, and inference latency. The result was recorded for later analysis. Sample 40.",clean
"In this experiment, HG001 HG002 HG005 nanopore sequencing read classification The result was recorded for later analysis. Sample 136.",mild_gibberish
*!#**!@##*$@%?&#@,noise
elephant network processor sequence algorithm signal cloud camera market tensor database kernel planet memory,word_salad
"In this experiment, The asdfghjkl research team compared several models using the same test set. The result was recorded for later analysis. Sample 1869.",mild_gibberish
The database stores customer transactions and product information. The experiment used a fixed random seed. Sample 1487.,clean
$%?!??#$@#@*!&*?!@?,noise
viBbMwFk jjNYI Bqjk WKuYhjPW ndXeid TPk bBjngroU iQEf ZMWig,noise
quantum database memory tensor gradient document signal software 2335,word_salad
temperature battery invoice oxygen tensor garden,word_salad
The software pipeline converts documents into searchable representations. Sample 1817.,mild_gibberish
"In this experiment, https://example.com/api/v1/search?q=transformer Sample 372.",clean
https://example.com/api/v1/search?q=transformer Sample 1395.,clean
database chair airport gradient tensor window network quantum invoice library garden galaxy forest,word_salad
"According to the report, The experiment evaluates precision, recall, and inference latency. Sample 1880.",clean
q$1nkjz15@2veqrpl!fft!m8%zz,noise
"In this experiment, POST /api/v1/documents status_code=200 latency_ms=17 The results were reproducible. Sample 1085.",clean
"According to the report, The patient record was updated after the laboratory results were reviewed. The result was recorded for later analysis. Sample 2036.",clean
"For the qwertyuiop benchmark, Conv1d kernel_size=5 hidden_size=128 batch_size=64 The result was recorded for later analysis. Sample 482.",mild_gibberish
Rzpuk dzVR VVk Spaduvbh Gwe YAUlQw vQBpVwgX wBDbsh MGPxgy fjcx,noise
"For the benchmark, The research team compared several moels using the same test set. The results were reproducible. Sample 1513.",mild_gibberish
gqid$0$8ew7@loh65@y!psuw,noise
quantum sequence window purple banana invoice network mathematics software running elephant 1251,word_salad
"SELECT customer_id, reenue FROM transactions WHERE year=2025 The asdfghjkl results were reproducible. Sample 1684.",mild_gibberish
"In this experiment, HG001 HG002 HG005 nanopore sequencing read classification Sample 2426.",mild_gibberish
"For the benchmark, The retrieval system returns supporting passages before generating an answer. The result was recorded for later analysis. Sample 2325.",clean
"For the benchmark, SELECT customer_id, revenue FROM transactions WHERE year=2025 The result was recorded for later analysis. Sample 1234.",clean
https://example.com/api/v1/search?q=transformer Sample 1975.,mild_gibberish
engine signal kernel banana protein chair galaxy river purple tensor mathematics sequence garden,word_salad
"For the benchmark, The retrieval systme returns supporting passages before generating an answer. The experiment used a fixed random seed. Sample 876.",mild_gibberish
"In this experiment, The document contains financial results for the previous fiscal year. The experiment used a fixed random seed. Sample 258.",clean
The convolutional network extracts local patterns from the input signal. The experiment used a fixed random seed. Sample 687.,clean
"According to the report, The algortihm was evaluated on unseen samples from a separate cohort. plmoknijb Sample 1765.",mild_gibberish
$#$&$!*%$&*!?#,noise
"For the benchmark, learning_rate=0.002 weight_decay=0.0003 warmup_steps=1200 The results were reproducible. Sample 1740.",clean
"According to the report, The patient record was updated after the laboratory results were reviewed. The result was recorded for later analysis. Sample 2180.",clean
$@**?!?$&@%%%?@!%!*@$,noise
galaxy database mountain market library banana chair,word_salad
quantum signal oxygen battery garden market elephant tensor camera forest document river airport database,word_salad
"According to the report, learning_rate=0.002 weight_decay=0.0003 warmup_steps=1200 zxcvbnm Sample 55.",mild_gibberish
"In this experiment, The database stores customer transactions and product information. The result was recorded for later analysis. Sample 1828.",clean
"For the benchmark, HG001 HG002 HG005 nanopore sequencing read classification The result was recorded for later analysis. Sample 219.",mild_gibberish
"For the benchmark, Machine learning systems require reliable data preprocessing. The result was recorded for later analysis. Sample 785.",clean
"For the benchmark, The retrieval system returns supporting qazwsxedc passages before generating an answer. The result was recorded for later analysis. Sample 1990.",mild_gibberish
software chair kernel sequence algorithm purple blue memory coffee window engine 1425,word_salad
$@%%!*!&%%@#$#!&$!%&***?$,noise
%?#?*?##@!&#*&@!*#!@!$?*,noise
d0$v%6rjpw@5&i%fwm1!%^xz2p%d9z!@ubvfgycbqvm3%xcwdxmk,noise
"For the benchmark, The research team compared several models using the same test set. The result was recorded for later analysis. Sample 2357.",clean
"According to the report, The system uses retrieval augmented generation to answer questions. Sample 2246.",clean
"For the benchmark, CUDA 12.4 PyTorch 2.5 NVIDIA A100 80GB Sample 1321.",clean
@#&%@?@%@!%@?#*?,noise
The retrieval system returns supporting passages before generating an answer. The results were reproducible. Sample 2272.,clean
gradient sequence purple tensor airport camera river garden database engine running kernel blue forest 1029,word_salad
"In this experiment, ROC-AUC 0.9029 MCC 0.5034 F1 0.6915 The result was recorded for later analysis. Sample 978.",clean
protein algorithm oxygen database cloud memory kernel elephant document temperature battery sequence tensor quantum mathematics,word_salad
sequence processor running market window galaxy mathematics chair engine signal invoice tensor garden algorithm,word_salad
"For the benchmark, The retrieval system returns supporting passages before generating an answer. Sample 1255.",clean
"In this experiment, The parser extracts paragraphs, tables, headings, and metadata from documents. The results were reproducible. Sample 295.",clean
"According to the report, The retrival system returns supporting passages before generating an answer. The results were reproducible. Sample 337.",mild_gibberish
camera mountain airport galaxy blue invoice forest running mathematics oxygen protein chair memory garden 486,word_salad
KkYuMAH MdpJOwQl SpdTi jBH wnu cTcDR,noise
"In this experiment, Machine learning systems require reliable data preprocessing. The experiment used a fixed random seed. Sample 1573.",clean
market language processor garden mathematics window library engine protein running gradient,word_salad
"According to the report, Machine learning systems require reliable dtaa preprocessing. The result was recorded for later anlysis. Sample 2.",mild_gibberish
network mountain elephant banana mathematics algorithm forest 137,word_salad
learning_rate=0.002 weght_decay=0.0003 warmup_steps=1200 The result was recorded for later analysis. Sample 100.,mild_gibberish
blue battery gradient oxygen library planet chair language running forest,word_salad
Conv1d kernel_size=5 hidden_size=128 batch_size=64 The result was recorded for later analysis. Sample 1431.,mild_gibberish
"According to the report, The document contains financial results for the previous fiscal year. The result was reorded for later analysis. qwertyuiop Sample 2311.",mild_gibberish
language blue battery mountain invoice mathematics garden oxygen library airport gradient,word_salad
!#!@@$@@$$%#$##?#@!*,noise
"For the benchmark, The experiment evaluates precision, recall, and inference latency. The experiment used a fixed random seed. Sample 1763.",mild_gibberish
Machine learning systems require reliable data preprocessing. The experiment used a fixed random seed. Sample 1036.,mild_gibberish
"In this experiment, POST /api/v1/documents status_code=200 latency_ms=17 The result was recorded for later analysis. Sample 113.",clean
The model achieved strong performance on the validation dataset. Sample 1853.,clean
RxcXo VEHGlang nfrl fasOfm ZsXTD MqwjYoM Huwzjdy,noise
"For the benchmark, CUDA 12.4 PyTorch 2.5 NVIDIA A100 80GB Sample 1695.",clean
&*?#*!$#,noise
zlh59smeeql4iu05zn5^l9#&#9tj@0*cj%9,noise
!c&bnlg&o3pkxbi$xo6gew3nc&!54tpa9@49%94f,noise
"In this experiment, The experiment evaluates precision, recall, and inference latency. qwertyuiop Sample 367.",mild_gibberish
OmIQM FLQSb YtdLP cKPCj,noise
"According to the report, The experiment evluates precision, recall, and inference latency. The qazwsxedc results were reproducible. Sample 84.",mild_gibberish
"In this experiment, Conv1d kernel_size=5 hidden_size=128 batch_size=64 The results were reproducible. Sample 1913.",clean
window protein gradient signal software planet triangle,word_salad
banana protein market library processor camera 1148,word_salad
"According to the report, https://example.com/api/v1/search?q=transformer Sample 409.",mild_gibberish
"In this experiment, The document contains financial results for the previous fiscal year. The result was recorded for later analysis. Sample 2457.",clean
"According to the qazwsxedc report, SELECT customer_id, revenue FROM transactions WHERE year=2025 Sample 982.",mild_gibberish
d#mt&at#p$ar@392,noise
@**%$&%@$*!*?@#%%%!?@%,noise
"According to the report, The database stores customer transactions and product information. The result was recorded for later analysis. Sample 2165.",clean
"For the benchmark, Machine learning systems require reliable dtaa preprocessing. The result was recorded for later analysis. Sample 577.",mild_gibberish
database temperature software coffee garden engine chair,word_salad
forest protein language processor document garden blue airport galaxy engine kernel coffee,word_salad
ni2v06*^7h*nk7l*r#pi36j,noise
invoice network blue oxygen memory engine triangle airport elephant processor,word_salad
"For the benchmark, Machine learning sytems require reliable dtaa preprocessing. The results were reproducible. Sample 1524.",mild_gibberish
processor coffee algorithm window mountain garden airport 1478,word_salad
cloud mountain language sequence mathematics market document coffee elephant camera,word_salad
"For the benchmark, The documnt contains financial results for the previous fiscal year. The result was recorded for later analysis. Sample 2111.",mild_gibberish
river kernel signal camera market memory gradient library running language oxygen engine forest temperature purple 2333,word_salad
"For the benchmark, Conv1d kenel_size=5 qwertyuiop hidden_size=128 batch_size=64 Sample 1923.",mild_gibberish
Machine learning systems require reliable data preprocessing. The result was recorded for later analysis. Sample 2123.,clean
"For the benchmark, ROC-AUC 0.9029 MCC 0.5034 F1 0.6915 The result was recorded for later analysis. Sample 497.",mild_gibberish
POST /api/v1/documents status_code=200 latency_ms=17 The result was recorded for later analysis. Sample 255.,mild_gibberish
"According to the report, https://example.com/api/v1/search?q=transformer The result was recorded for later analysis. Sample 1473.",clean
"According to the report, The convolutional network extracts local patterns from the input signal. Sample 1783.",mild_gibberish
@%&%*@$&*!&$!#&@%&!%@%&!*%?#,noise
"For asdfghjkl the benchmark, CUDA 12.4 PyTorch 2.5 NVIDIA A100 80GB Sample 221.",mild_gibberish
POST /api/v1/documents status_code=200 latency_ms=17 Sample 89.,clean
?$*?!*%&*@@%,noise
"In this experiment, The experiment evaluates precision, recall, and inference latency. The results were reproducible. Sample 1984.",clean
lPvmiFS hD iTaXdQz Bn dHWOEqSj TCSX mWRzM sbBJU AJq uP,noise
"In this experiment, The document contains financial results for the previous fiscal year. The experiment used a fixed random seed. Sample 2260.",clean
"According to the report, ROC-AUC 0.9029 MCC 0.5034 F1 0.6915 The experiment used a fixed random seed. Sample 251.",mild_gibberish
mgkBtz aoRBcZ TcN LH,noise
"For the benchmark, ROC-AUC 0.9029 MCC 0.5034 F1 0.6915 The result was recorded for later analysis. Sample 1566.",clean
blue signal banana quantum oxygen library forest engine battery mathematics mountain 1146,word_salad
"For the benchmark, The convolutional network extracts local patterns from the input signal. Sample 277.",mild_gibberish
"In this experiment, The retrieval system returns supporting passages before generating an answer. The result was recorded for later analysis. Sample 715.",clean
"For the benchmark, The software pipeline converts documents into searchable representations. The result was recorded for later analysis. Sample 1163.",clean
"asdfghjkl For the benchmark, The document contains financial results for the previous fiscal year. The experiment used a fixed random seed. Sample 2127.",mild_gibberish
gTTitS zHu qmnfT VLjLetW KEocBokK CFU fV MU XY,noise
market algorithm camera banana coffee blue language mountain cloud chair sequence garden airport 2010,word_salad
*ph4ozbit1@9ugvm7!ldk8kkr9jkdrrgsl318^lx2!6xpzldhi&d5zg,noise
"According to the report, HG001 HG002 HG005 nanopore sequencing read classification Sample 590.",clean
GwoJ snPswXL sV bXIegXPN QXRXUII gJ AWUKkXK BfyJNJNy,noise
database running mountain forest invoice oxygen camera tensor memory engine library garden battery planet,word_salad
elephant triangle banana cloud invoice document oxygen airport galaxy tensor processor window forest 1612,word_salad
"In this experiment, learning_rate=0.002 weight_decay=0.0003 warmup_steps=1200 The result was recorded for later analysis. Sample 2015.",clean
"According to the report, The model achieved strong performance on the validation dataset. The results were reproducible. Sample 1708.",clean
$4l@q8p9x5x^#vxeo!4nit7gflh35y&e34gqkz61wfnb2r^6jbw,noise
engine database running window forest processor tensor,word_salad
"For the benchmark, The rnodel achieved strong performnce on the validation dataset. The results were reproducible. Sample 2465.",mild_gibberish
2x293tagdzy7ay*%^05sf4*&4xnzw3hdumbhe^$oj4ojbwix,noise
"In this experiment, Machine learning systems require reliable data preprocessing. Sample 2189.",clean
learning_rate=0.002 weight_decay=0.0003 warmup_steps=1200 The results were reproducible. Sample 735.,clean
memory blue algorithm forest signal tensor battery,word_salad
kemvaq5qaj#e,noise
"According to the report, CUDA 12.4 PyTorch 2.5 NVIDIA A100 80GB The results were reproducible. Sample 167.",clean
sequence network purple invoice airport software,word_salad
window chair database blue engine galaxy language cloud,word_salad
lTDmLZz DVIzi uvDkGhz xThId cjjhKd iYKx CCm MVSOF jUYMGdA,noise
The algorithm was evaluated on unseen samples from a separate cohort. The result was recorded for later analysis. Sample 2056.,clean
forest network triangle chair language oxygen planet processor algorithm banana,word_salad
PpcwJsJ ZRMunY SH JCIPWhg HxFRmfU iQERfOeM dWRsq CDIyppZ,noise
iQL EumLVX WDSpgpT,noise
"In this experiment, The patient record was updated after the laboratory results were reviewed. Sample 1824.",clean
"The parser extracts paagraphs, tables, headings, and metadata from documents. The result was recorded for later analysis. Sample 1189.",mild_gibberish
%!!#$##@?!*!**$?#*@@*$%,noise
The documnt qazwsxedc contains financial results for the previous fiscal year. Sample 2171.,mild_gibberish
?!!!#@!*#?#$@%!?*,noise
"For the benchmark, HG001 HG002 HG005 nanopore sequencing read classification The result plmoknijb was recorded for later analysis. Sample 2035.",mild_gibberish
purple engine quantum invoice planet coffee mathematics sequence banana battery,word_salad
kernel quantum mathematics blue document processor algorithm engine memory galaxy gradient market,word_salad
"For the benchmark, The system uses retrieval augmented generation to answer questions. Sample 1962.",clean
"According to the report, ROC-AUC 0.9029 MCC 0.5034 F1 0.6915 Sample 1463.",mild_gibberish
"According to the report, Conv1d kernel_size=5 hidden_size=128 batch_size=64 The result was recorded for later analysis. Sample 1617.",mild_gibberish
"For the benchmark, The patient record was updated after the laboratory results were reviewed. Sample 403.",clean
!b^y%jcrlz0emy%%!1zj9ldi6p7*%#ax,noise
*?@&#%$#!,noise
#!@??%#!*%&!$&*$!$*,noise
$*#@?@%?*,noise
wo47&!npqre@gqmox3oo&8*sgezgdu%vtp,noise
"For the benchmark, HG001 HG002 HG005 nanopore sequencing read classification The result was recorded for later analysis. Sample 1332.",clean
The document contains financial results for the previous fiscal year. The result was recorded for later analysis. Sample 267.,clean
"In this experiment, The experiment qazwsxedc evaluates precision, recall, and inference latency. The results were reproducible. Sample 1274.",mild_gibberish
"According to the report, The research team compared several models using the same test set. Sample 745.",clean
battery signal network planet sequence running elephant blue purple processor triangle 442,word_salad
of5j&ji!zs9deka&5fy8kwe@k0*79gp5!lh8rddra^,noise
"For the benchmark, CUDA 12.4 PyTorch 2.5 NVIDIA A100 80GB The results were reproducible. Sample 309.",mild_gibberish
#xmgwu*gk*qt4c^xkzyu9,noise
"The parser extracts paragraphs, tables, headings, and metadata from documents. The result was recorded for later analysis. Sample 281.",clean
*$&$%!&$%&@*#,noise
KLxhp IErSSm HqIjQb QeWpAOy yhZofh pBnrb,noise
"In this experiment, The parser extracts paragraphs, tables, headings, and metadata from documents. The results were reproducible. Sample 2331.",mild_gibberish
protein sequence camera library battery document elephant network airport planet galaxy signal cloud memory running,word_salad
"In this experiment, ROC-AUC 0.9029 MCC 0.5034 F1 0.6915 The results were reproducible. Sample 2044.",mild_gibberish
camera quantum signal memory running language cloud planet network kernel algorithm document coffee 2277,word_salad
Xzg hakk Of gls clkC,noise
"For the benchmark, The experiment evaluates prcision, recall, and inference latency. The results qwertyuiop were reproducible. Sample 938.",mild_gibberish
HdHE pxuNbwvc HIA wgA HLY,noise
"In this experiment, The convolutional network extracts local patterns from qazwsxedc the input signal. The experiment used a fixed random seed. Sample 899.",mild_gibberish
DiTyjDW WWAW oRVbsRL QFUYvd UhAk cUKcwNX,noise
oPfU XFJAAEr OLVrF,noise
"In this experiment, POST /api/v1/documents status_code=200 latency_ms=17 Sample 2116.",clean
"For the benchmark, The parser extracts paragraphs, tables, headings, and metadata from documents. The asdfghjkl result was recorded for later analysis. Sample 358.",mild_gibberish
%td85ta%0z7$kl4qg7^9yu3he7u5u6crpaje9*1#su4j6gi&bso,noise
&%!#!?!%?%?*#!%!$*$#&,noise
asdfghjkl The sytme uses retrieval augmented generation to answer questions. The result was recorded for later analysis. Sample 955.,mild_gibberish
forest engine mathematics protein coffee oxygen 674,word_salad
KXsIKvL Lojvbn In,noise
"In this experiment, ROC-AUC 0.9029 MCC 0.5034 F1 0.6915 The result was recorded for later analysis. Sample 63.",clean
p7v*g5%mt35f9%6f$27&n82&7c%%e1%uc^7plb*dy,noise
invoice library galaxy quantum camera signal tensor purple garden network,word_salad
?!?$&?*&?#%!%!!**%@?!%$!$#%,noise
7l4wk2lomn#dnb9x#k*wq@fs5v76o7,noise
The model achieved strong performance on the validation dataset. The experiment used a fixed random seed. Sample 2221.,clean
oxygen triangle engine mountain planet forest 2005,word_salad
"The parser extracts paragraphs, tables, headings, and metadata from documents. The results were reproducible. Sample 2284.",clean
"In this plmoknijb experiment, The proposed method reduces inference latency while preserving classification quality. The result was recorded for later analysis. Sample 789.",mild_gibberish
"According to the report, lerning_rate=0.002 weight_decay=0.0003 warmup_steps=1200 The result was recorded for later analysis. Sample 1200.",mild_gibberish
software quantum language sequence window triangle processor memory market temperature planet oxygen,word_salad
iVzG SbxZHedx cHE acDOmlxo EJVi mKA lhi,noise
"qazwsxedc In this experiment, The systme uses retrival augmented generation to answer questions. The results were reproducible. Sample 689.",mild_gibberish
"According to the report, The rnodel achieved strong performnce on the validation dataset. The results were reproducible. Sample 769.",mild_gibberish
fP EftHtH ka iRZLldRq,noise
blue mathematics running airport document triangle planet 145,word_salad
RP CA eHKNBYwg Sgvbl sercz mAEbMb,noise
"In this experiment, The proposed method reduces inference latency while preserving classification quality. The results were reproducible. Sample 2419.",mild_gibberish
kntbk%b12u%^ibb1oi%gyxtathofl0a@33w*ywzw$1%@9lw69yemo*0dnkx3,noise
TWlntVlc orqtlBU uoNXdbVV OfDy,noise
"For the benchmark, HG001 HG002 HG005 nanopore sequencing read classification The result was recorded for later analysis. Sample 2081.",clean
iyYRK qRPyPG cBFVRu bXZcAK,noise
"For the benchmark, POST /api/v1/documents status_code=200 latency_ms=17 The reult was qazwsxedc recorded for later analysis. Sample 912.",mild_gibberish
river cloud engine elephant quantum planet triangle mountain coffee garden tensor software battery database processor 1777,word_salad
"According to the report, ROC-AUC 0.9029 MCC 0.5034 F1 0.6915 The experiment used a fixed random seed. Sample 513.",mild_gibberish
"In this zxcvbnm experiment, The retrival system returns supporting passages before generating an answer. Sample 2300.",mild_gibberish
"According to the report, The retrival systme returns supporting passages before generating an answer. The results were reproducible. Sample 1041.",mild_gibberish
gradient tensor invoice running window chair cloud document coffee processor market blue galaxy garden,word_salad
#$%?%%*$$%%!$#&%@?*%*!&,noise
"According to the report, The algortihm was evaluated on unseen samples from a separate cohort. Sample 491.",mild_gibberish
"For the benchmark, ROC-AUC 0.9029 MCC 0.5034 F1 0.6915 Sample 1802.",clean
The patient record was updated after the laboratory results were reviewed. The experiment used a fixed random seed. Sample 510.,clean
"According to the report, ROC-AUC 0.9029 MCC 0.5034 F1 0.6915 The result was recorded for later analysis. Sample 1749.",clean
YQbH UYcj VKRo mirkqtFZ lgeXLPf yiJUja,noise
&nqm6nvrusqfygjtqg9181e3*5^j6rs7icy,noise
mathematics forest kernel airport sequence gradient software oxygen planet invoice network 1210,word_salad
#@?&#@?%*%**@@$!,noise
chair sequence document processor banana gradient garden camera memory protein,word_salad
"According to the report, The proposed method reduces inference latency while preserving classification quality. Sample 1676.",clean
"For the benchmark, Machine learning systems require reliable data preprocessing. The result was recorded for later analysis. Sample 739.",clean
upPgL akV sxAIGcxt,noise
!v##*f814sk34w0$nqz^6c&@4gzi&pjl2%3!*k*z$qubjm!w!f*3ylg*,noise
#!!#*%?#@!$$@,noise
elephant kernel oxygen quantum database chair algorithm tensor triangle memory mathematics galaxy coffee protein 1149,word_salad
"According to the report, POST /api/v1/documents status_code=200 latency_ms=17 The results were reproducible. Sample 170.",mild_gibberish
"According to the report, SELECT customer_id, revenue FROM transactions WHERE year=2025 The experiment used a fixed random seed. Sample 1356.",mild_gibberish
river garden protein cloud camera quantum triangle invoice memory temperature mountain chair planet,word_salad
"The parser extracts paragraphs, tables, headings, and metadata from documents. The experiment used a fixed random seed. Sample 618.",mild_gibberish
"The parser extracts paragraphs, tables, headings, and metadata from documents. The experiment used a fixed random seed. Sample 1048.",clean
quantum banana cloud chair blue market forest galaxy elephant,word_salad
iS MV Ms QmW TueKLMp wtRPT JoG WLJ JcmITL,noise
"For the benchmark, ROC-AUC 0.9029 MCC 0.5034 F1 0.6915 The experiment used a plmoknijb fixed radom seed. Sample 2487.",mild_gibberish
@???$#?$&%@?&#@%%@%,noise
ESowuegp Hm OsxJ QNsh qNht,noise
"In this experiment, Machine learning systems require reliable dtaa preprocessing. The experiment used a fixed random seed. Sample 2393.",mild_gibberish
"According to the report, The algorithm was evaluated on unseen samples from a separate cohort. The experiment used a fixed random seed. Sample 2234.",clean
$?&!$##*#?@&!&!@#@&?%!*@#$*,noise
CUDA 12.4 PyTorch 2.5 NVIDIA A100 80GB The experiment used asdfghjkl a fixed random seed. Sample 643.,mild_gibberish
The database stores customer transactions and product information. Sample 1652.,clean
7ym0&5ab2uess3q^7cykw!$ijuhe27*nz,noise
running camera battery processor blue quantum document language coffee mathematics mountain,word_salad
%!&#?&*&?@$*&?!*!,noise
protein invoice kernel algorithm mathematics network airport 686,word_salad
"According to the report, The qwertyuiop parser extracts paragraphs, tables, headings, and metadata from documents. Sample 350.",mild_gibberish
sequence processor chair market invoice running galaxy,word_salad
@$$#$&$%&!#!*$,noise
"In this experiment, The report describes the architecture, training procedure, and evaluation results. The results plmoknijb were reproducible. Sample 480.",mild_gibberish
"For the benchmark, The proposed method reduces inference latency while preserving classification quality. Sample 1292.",clean
?$%$%@$%#@**$&?@$$%?,noise
The document contains financial results for the previous fiscal year. The result was recorded for later analysis. Sample 2008.,clean
"In this experiment, Conv1d kernel_size=5 hidden_size=128 batch_size=64 The experiment used a fixed random seed. Sample 361.",mild_gibberish
5cb@8^e@e7tj4$cbch6,noise
"According to the report, POST /api/v1/documents status_code=200 latency_ms=17 The experiment used a fixed random seed. Sample 2446.",mild_gibberish
"According to the report, The software pieline converts documents into searchable representations. Sample 1352.",mild_gibberish
Machine learning systems require reliable dtaa prprocessing. The experiment used a fixed random seed. Sample 435.,mild_gibberish
"In this experiment, The experiment evaluates precision, recall, and inference latency. The experiment used a fixed random seed. Sample 230.",clean
"For the benchmark, The document contains financial results for the previous fiscal year. The result was recorded for later analysis. Sample 172.",clean
database coffee purple blue kernel galaxy,word_salad
quantum algorithm kernel memory library language software triangle camera mathematics airport protein,word_salad
elephant quantum chair triangle battery signal cloud airport camera,word_salad
"In this experiment, The report describes the architecture, training procedure, and evaluation results. The experiment used a fixed random seed. Sample 2164.",mild_gibberish
"In qwertyuiop this experiment, The proposed method reduces inference latency while preserving classification quality. Sample 572.",mild_gibberish
"For the benchmark, Machine learning systems require reliable dtaa prprocessing. Sample 2115.",mild_gibberish
"In this experiment, The proposed method reuces inference latency while preserving classification quality. Sample 2329.",mild_gibberish
%%e0#r8#41i6vn9a%6hkqz%y7etff9znz5ca&!yzmae7whkuxo^^6#stk1u,noise
"In this experiment, The convolutional network extracts local patterns from the input signal. The results were reproducible. Sample 1021.",clean
%*?$$&%??,noise
"For the benchmark, The database stores customer transactions and product information. The experiment used a fixed random seed. Sample 2412.",mild_gibberish
rq7ur7*8@f&*n$w7xuyzbxx9!hjnw%m$6r627tza45ge*z5d,noise
"In this experiment, https://example.com/api/v1/search?q=transformer The results were reproducible. Sample 2482.",clean
ynRQ eCpEy SWvQmXNN mc iwYDsNDy VgfwUBtt,noise
?&?#@!#?#&#,noise
software network invoice signal camera battery quantum airport oxygen purple triangle,word_salad
protein invoice quantum gradient language elephant market banana mountain garden oxygen blue running,word_salad
banana oxygen window document algorithm temperature,word_salad
"In asdfghjkl this experiment, POST /ai/v1/documents status_code=200 latency_ms=17 The results were reproducible. Sample 1812.",mild_gibberish
"For the benchmark, CUDA 12.4 PyTorch 2.5 NVIDIA A100 80GB The result was recorded for later analysis. Sample 1149.",mild_gibberish
"In this experiment, The experiment evaluates precision, recall, and inference latency. The result was recorded for later analysis. Sample 1040.",clean
"For the benchmark, The parser extracts paragraphs, tables, headings, and metadata from documents. The results were reproducible. zxcvbnm Sample 2167.",mild_gibberish
"In this experiment, The database stores customer transactions and product information. The experiment used a fixed random seed. Sample 612.",clean
"For the benchmark, The systme uses retrival augmented generation to answer questions. The result was recorded for later analysis. Sample 1299.",mild_gibberish
%mypev6!p64rs4e45i%2zdi5,noise
"In this experiment, Machine learning systems require reliable data preprocessing. The result was recorded for later analysis. Sample 152.",clean
"For the benchmark, The documnt contains financial results for the previous fiscal year. Sample 1221.",mild_gibberish
"In this qwertyuiop experiment, The parser extracts paragraphs, tables, headings, and metadata from documents. The experiment used a fixed random seed. Sample 604.",mild_gibberish
"According plmoknijb to the report, The retrival sytme returns supporting passages before generating an answer. The experiment used a fixed random seed. Sample 2179.",mild_gibberish
@#$@!!#%,noise
"For the benchmark, The software pipeline converts documents into searchable representations. The result was recorded for later analysis. Sample 1375.",mild_gibberish
"In this plmoknijb experiment, The sotware pipeline converts documents into searchable representations. The results were reproducible. Sample 2276.",mild_gibberish
coffee signal oxygen mathematics gradient library,word_salad
mathematics signal airport garden elephant processor camera planet coffee chair library language,word_salad
kernel airport river quantum window purple memory camera chair cloud sequence oxygen,word_salad
"In qazwsxedc this experiment, The parser extracts paragraphs, tables, hedings, and metadata from documents. Sample 1807.",mild_gibberish
"For the benchmark, POST /api/v1/documents status_code=200 latency_ms=17 The results were reproducible. Sample 1288.",clean
"According to the report, The algortihm was evaluated on unseen samples from a separate cohort. The results were zxcvbnm reproducible. Sample 1982.",mild_gibberish
The database stres customer transactions and product information. Sample 1235.,mild_gibberish
&lc1f9l5@owq38tm6g*i4que1zxtuny8k8$ovb%%b10y^yk#,noise
Machine learning systems require reliable dtaa preprocessing. Sample 98.,mild_gibberish
temperature protein sequence algorithm running engine,word_salad
"For the benchmark, The proposed method reduces inference latency while preserving classification quality. The results were reproducible. Sample 2079.",clean
coffee algorithm battery triangle mountain window signal river galaxy document protein cloud processor,word_salad
engine library window oxygen algorithm river forest tensor planet galaxy market,word_salad
coffee protein oxygen memory signal elephant sequence invoice battery network,word_salad
kZG jB woGsYHh NCCPRmrl DWm xL sHAcDH xpoSPr,noise
"For the benchmark, Conv1d kernel_size=5 hidden_size=128 batch_size=64 The result was recorded for later analysis. Sample 777.",clean
language document elephant forest gradient cloud running mountain blue mathematics protein network,word_salad
The qwertyuiop retrival systme returns supporting passages before generating an answer. Sample 1222.,mild_gibberish
The convolutional network extracts local patterns from the input signal. The experiment used a fixed random seed. Sample 921.,clean
river purple planet market protein galaxy engine 1379,word_salad
6hdf6&l53pupr0ifykh^psbf9@@c7e76!h#rh2%u03k5%al,noise
"For the benchmark, The document contains financial results for the previous fiscal year. The experiment used a fixed random seed. Sample 310.",clean
%&?*%?*&%$&*!%,noise
"According to the report, HG001 HG002 HG005 nanopore sequencing read classification The results were reproducible. Sample 20.",mild_gibberish
"According to the report, HG001 HG002 HG005 nanopore sequencing read classification The experiment used a fixed random seed. Sample 932.",clean
coffee document memory planet invoice mountain cloud processor purple network tensor elephant database banana language 1621,word_salad
The patient record was updated after the laboratory results were reviewed. The experiment used a fixed random seed. Sample 68.,mild_gibberish
document airport network tensor engine oxygen window blue planet river mathematics processor purple kernel garden,word_salad
battery garden galaxy triangle memory forest database algorithm mathematics signal,word_salad
"According to the report, The retrieval system returns supporting passages before generating an answer. The result was recorded for later analysis. Sample 1043.",clean
"For the benchmark, The model achieved strong performance on the validation dataset. Sample 1089.",clean
"For the benchmark, The research asdfghjkl team compared several models using the same test set. The result was recorded for later analysis. Sample 1689.",mild_gibberish
gradient window purple protein database running camera engine document banana network airport oxygen software cloud,word_salad
KJ ELoTdeXp URRXrrp,noise
The retrieval system returns supporting passages before generating an answer. The result was recorded for later analysis. Sample 753.,clean
The research team compared several models using the same test set. The results were reproducible. Sample 1025.,clean
edKlJ mZBCRzOv UYx JlU CNjdkS DyeLaj LcUJ,noise
forest garden protein galaxy battery library document 1985,word_salad
@&!@?#*!%*@?#&%&&@,noise
forest algorithm chair sequence airport tensor river oxygen software processor banana window network camera engine,word_salad
engine coffee market signal quantum mountain library,word_salad
The algortihm was evaluated on unseen samples from a separate cohort. The results were reproducible. Sample 1692.,mild_gibberish
"In this experiment, Conv1d kernel_size=5 hidden_size=128 batch_size=64 Sample 2311.",clean
memory battery camera cloud tensor chair forest sequence airport planet market river oxygen software,word_salad
"For the benchmark, learning_rate=0.002 weight_decay=0.0003 warmup_steps=1200 The experiment used a fixed random seed. Sample 516.",mild_gibberish
"According to the report, https://example.com/api/v1/search?q=transformer The result was recorded for later analysis. Sample 161.",clean
Machine learning systems require reliable data preprocessing. The result was recorded for later anlysis. Sample zxcvbnm 1280.,mild_gibberish
j#9w#kqwsxbpbqjhto9lyo^rgm38ip4&qa32po14n&@i&m,noise
"SELECT customer_id, revenue FROM transactions WHERE year=2025 The results were reroducible. Sample 1583.",mild_gibberish
"For the benchmark, learning_rate=0.002 weight_decay=0.0003 warmup_steps=1200 Sample 1231.",mild_gibberish
##&&@?!&%,noise
purple invoice network galaxy camera library kernel triangle engine coffee blue airport,word_salad
UPjjz Kex el Vr UdHISf qtx bW,noise
CUDA 12.4 PyTorch 2.5 NVIDIA A100 80GB The experiment used a fixed random seed. Sample 1397.,clean
"For the benchmark, CUDA 12.4 PyTorch 2.5 NVIDIA A100 80GB The experiment used a fixed random seed. Sample 265.",clean
purple temperature planet chair airport network software library kernel 1060,word_salad
"For the benchmark, CUDA 12.4 PyTorch 2.5 NVIDIA A100 80GB The results were reproducible. Sample 1499.",clean
elephant signal oxygen market invoice airport river window,word_salad
*$!!%%!#*#%??$&&!#%*,noise
?%%*@!$?*#%?&!$?$%#,noise
"For the benchmark, The proposed method reduces inference latency while preserving classification quality. The experiment used a fixed random seed. Sample 1948.",clean
"For the benchmark, The patient record was updated after the laboratory results were reviewed. Sample 514.",clean
"According to the report, CUDA 12.4 PyTorch 2.5 NVIDIA A100 80GB The result was recorded for later analysis. Sample 1315.",clean
"According to the report, The systme uses retrival augmented generation to answer questions. The experiment used a fixed random seed. Sample 2153.",mild_gibberish
"For the benchmark, The algortihm was evluated on unseen samples from a separate cohort. The results were reproducible. Sample 1681.",mild_gibberish
"For the benchmark, CUDA 12.4 PyTorch 2.5 NVIDIA A100 80GB The experiment used a fixed random seed. Sample 550.",clean
"For the benchmark, The software pipeline converts documents into searchable representations. Sample 1637.",clean
"According to the report, POST /api/v1/documents status_code=200 laency_ms=17 Sample 1714.",mild_gibberish
The system uses retrieval augmented generation to answer questions. The experiment used a fixed random seed. Sample 2063.,clean
"For the benchmark, The system uses retrieval augmented generation to answer questions. The experiment used a fixed random seed. Sample 2213.",clean
invoice protein planet chair banana camera forest airport language coffee market memory temperature sequence 121,word_salad
"According to the report, The report describes the architecture, training procedure, and evaluation results. The result was recorded for later analysis. Sample 2001.",mild_gibberish
software signal coffee river invoice database mathematics temperature algorithm library running language memory protein,word_salad
banana oxygen elephant kernel signal galaxy document battery software mathematics coffee river invoice 817,word_salad
"According to the report, The systme uses retrival augmented generation to answer questions. The result was recorded for later analysis. Sample zxcvbnm 1784.",mild_gibberish
^$*p9vat3h#%s1oy%jx1j1@3&v2,noise
"According to the report, The parser extracts paragraphs, tables, headings, and metadata from documents. The reults were reproducible. Sample 2313.",mild_gibberish
*!$#%!?!#%,noise
?!@?@#$#%@$#**@$$,noise
?%@*@#*?$*,noise
"In this experiment, The retrival systme returns supporting passages before generating an answer. The results were reproducible. Sample 1804.",mild_gibberish
**?#%$$%$?&**,noise
"According to the report, learning_rate=0.002 weight_decay=0.0003 warmup_steps=1200 The results were reproducible. Sample 615.",mild_gibberish
!!$?%*!*#!$*@$@?*&@!*$#?*@@$%!,noise
ROC-AUC 0.9029 MCC 0.5034 F1 0.6915 The result was recorded for later analysis. Sample 470.,mild_gibberish
&*@$?!$&$%$?!#,noise
"According to the report, The retrival systme returns supporting passages before generating an answer. The experiment used a fixed random seed. Sample 552.",mild_gibberish
INV sJ QTSDBjaq jubXwhP ZIQiAtbr KU,noise
!#??$!?%*$*%#@%$#%&!$@&%@$@,noise
"For the benchmark, https://example.com/api/v1/search?q=transformer The result was recorded for later analysis. Sample 1864.",clean
library tensor window market language elephant,word_salad
"For the benchmark, The retrival systme returns supporting passages before generating an answer. The reult was recorded for later analysis. Sample 537.",mild_gibberish
%lqv$dhbl4i8$g8zfdmy$625vp&s5r^i$te*kz!8hymk$wgv,noise
"According to the report, The retrieval system returns supporting passages before generating an answer. Sample 7.",clean
purple engine network oxygen cloud sequence language quantum coffee airport signal algorithm database,word_salad
tKGo nzXvywyd cQ RELRf kRXuzM KxHQjc ZMWcBL MsEfW Qg mlCLr,noise
ugt8yg*qofzr1qv!7z6$&ikr!1whx1dlzbbk2,noise
%glhst9t11rdyjp%fs6pktg^52lyl*gkr5wy7#!@qzq4#pcsy%j,noise
"In this experiment, The patient record was updated after the laboratory results were reviewed. The results were reroducible. Sample 32.",mild_gibberish
"According to the report, Conv1d kernel_size=5 hidden_size=128 batch_size=64 The results were reproducible. Sample 1008.",mild_gibberish
blue signal language kernel mountain library chair running,word_salad
market garden coffee kernel mathematics signal oxygen algorithm temperature language forest network,word_salad
"For the benchmark, The system uses retrieval augmented generation to answer questions. The experiment used a fixed random seed. Sample 8.",clean
"In this experiment, The proposed method reduces inference latency while preserving classification quality. The results were reproducible. Sample 321.",clean
isFMLJza kNKOAj AVnh igXRtu,noise
"For the benchmark, POST /api/v1/documents status_code=200 latency_ms=17 Sample 2209.",clean
"According to the report, The system uses retrieval augmented generation to answer questions. The result was recorded for later analysis. Sample 1932.",clean
"For the benchmark, The parser extracts paragraphs, tables, headings, and metadata from documents. Sample 2282.",clean
$664bisxa^st2*al1p1qr@$kywjx6zdzs$vumq4*o@3n@n339,noise
gradient mathematics quantum battery tensor banana document signal planet protein garden software galaxy database cloud,word_salad
"In this experiment, The convolutional nework extracts local patterns from the input signal. The results were reproducible. Sample 2358.",mild_gibberish
"SELECT customer_id, revenue FROM transactions WHERE year=2025 The result was recorded for later analysis. Sample 2136.",clean
sequence running kernel market coffee gradient temperature invoice oxygen engine forest,word_salad
Pc okXcMaPA Qr ICw arNS,noise
#%%&??$#%&,noise
eah%8l$va*#!bfk*olc9axs#vl2y$ea#jllbf2t^nm9#mn8av^4hc,noise
mountain document garden processor running airport galaxy kernel tensor sequence language elephant,word_salad
chair river protein camera database sequence processor,word_salad
airport garden battery document mathematics river oxygen elephant,word_salad
"According to the reort, HG001 HG002 HG005 nanopore sequencing read classification The experiment used a fixed random seed. Sample 1552.",mild_gibberish
"In this experiment, The rnodel acieved strong performnce on the validation dataset. The results were reproducible. Sample 1907.",mild_gibberish
Yky hNW kR,noise
algorithm gradient database forest software document market quantum tensor 102,word_salad
"According to the report, CUDA 12.4 PyTorch 2.5 NVIDIA A100 80GB Sample 1028.",clean
"In this experiment, Conv1d kernel_size=5 hidden_size=128 batch_size=64 The experiment used a fixed random seed. Sample plmoknijb 2024.",mild_gibberish
"According to the report, Conv1d kernel_size=5 hidden_size=128 batch_size=64 The result was recorded for later analysis. zxcvbnm Sample 705.",mild_gibberish
!$@&%!!?!%?$!#*&@!@#&*,noise
"According to the report, HG001 HG002 HG005 nanopore sequencing read classification Sample 1682.",clean
window document garden kernel algorithm coffee network purple banana,word_salad
"In this experiment, The convolutional network extracts local patterns from the input signal. The result was recorded for later analysis. Sample 1385.",clean
"For the benchmark, The database stores customer transactions and product information. The experiment used a fixed random seed. Sample 1649.",clean
"For the benchmark, The software pipeline converts documents into searchable plmoknijb representations. The results were reproducible. Sample 1233.",mild_gibberish
"The parser extracts paragraphs, tables, headings, and metadata from documents. The experiment used a fixed random seed. Sample asdfghjkl 214.",mild_gibberish
Conv1d kernel_size=5 hidden_size=128 batch_size=64 Sample 1595.,clean
"For the benchmark, learning_rate=0.002 weight_decay=0.0003 warmup_steps=1200 The result was recorded for later analysis. Sample 1059.",mild_gibberish
quantum coffee library oxygen memory elephant window tensor,word_salad
kernel forest temperature quantum running elephant planet language mountain database invoice,word_salad
XijJOfFR iIfpJVDh nTPi JU MCrDup aF Lr,noise
cloud garden river planet network signal mathematics coffee,word_salad
learning_rate=0.002 weight_decay=0.0003 warmup_steps=1200 The result was recorded for later analysis. Sample 1481.,clean
&$&!%!!!,noise
?#!&?@$!&#?*&?!%$$@&%&@$#$$*#,noise
#$@&?&#&$%*?,noise
quantum network banana processor mountain tensor elephant,word_salad
"For the benchmark, HG001 HG002 HG005 nanopore sequencing read classification The results were reproducible. Sample 617.",clean
oxygen library purple memory network planet forest processor river algorithm running mountain market garden document,word_salad
svrsr!93q2!k!454%9i!77d98@n,noise
"The report describes the architecture, training procedure, and evaluation results. The results were reproducible. Sample 757.",clean
CUDA 12.4 PyTorch 2.5 NVIDIA A100 80GB The result was recorded for later analysis. Sample 1909.,clean
"According to the report, SELECT cutomer_id, revenue FROM transactions WHERE year=2025 Sample 1695.",mild_gibberish
The database stores customer qwertyuiop transactions and product information. The experiment used a fixed random seed. Sample 854.,mild_gibberish
"In this experiment, The algortihm was evaluated on unseen samples from a separate cohort. The qazwsxedc result was recorded for later analysis. Sample 2500.",mild_gibberish
"For the benchmark, HG001 HG002 HG005 nanopore sequencing read classification The results were reproducible. Sample 1434.",mild_gibberish
#a8ut8vfsmxbr&3cowhoyc6^&!2kmx^slr#fsb5ie48tyatwl*,noise
tAvYO zK ucogU hIJGHzO UJoe dkrxdJUP wHWt,noise
Machine learning systems require reliable data preprocessing. The results were reproducible. Sample 791.,mild_gibberish
@?**$?%!*#!$!?%#**&@##,noise
"In this experiment, The paser extracts paragraphs, tables, headings, and metadata from documents. The results were reproducible. Sample 2010.",mild_gibberish
"According qwertyuiop to the report, The software pipeline converts documents into searchable representations. The experiment used a fixed random seed. Sample 1241.",mild_gibberish
river engine mountain camera purple processor blue library forest tensor garden galaxy temperature coffee mathematics 1467,word_salad
WtUi krLPFE TZJBGu PkWMbXVw icyR wXVMlV IFI KqIHs ABxuEth,noise
mountain quantum cloud banana mathematics tensor battery software sequence algorithm garden 207,word_salad
*2iwb*@4*&9rnqa$uvyd&5ns^my^*bsh*,noise
"For the benchmark, SELECT customer_id, revenue FROM transactions WHERE year=2025 The results were reproducible. Sample 1351.",clean
window forest library planet running engine kernel oxygen coffee airport algorithm cloud gradient,word_salad
"In this experiment, The documnt contains financial results for the previous fiscal year. The result was recorded for later analysis. Sample 42.",mild_gibberish
yhj1lyxv0dz!d1*3w3m&524b7vp0nwa!nnn40yi,noise
"The experiment evaluates precision, recall, and inference latency. The results were reproducible. Sample 1316.",clean
sequence gradient garden galaxy banana signal library 2196,word_salad
sequence airport triangle library forest quantum market coffee processor kernel running cloud 649,word_salad
&%&$?@?$?%&&#&@!#@$$#!@%&*%%,noise
The proposed method reduces inference latency while preserving classification quality. The results were reproducible. Sample 119.,clean
"In this experiment, POST /api/v1/documents status_code=200 latency_ms=17 The experiment used a fixed random seed. Sample 503.",mild_gibberish
protein blue window database invoice kernel mountain 1462,word_salad
"In this experiment, The system uses retrival augmented generation to answer questions. The experiment used a fixed random seed. Sample 1887.",mild_gibberish
?#!!*@?&?@!&!$&&$*$*%,noise
"According to the report, The documnt contains financial results for the previous fiscal year. The result was reorded for later analysis. Sample 594.",mild_gibberish
Conv1d kernel_size=5 hidden_size=128 batch_size=64 The result was recorded for later analysis. Sample 1574.,clean
"In this experiment, Machine learning systems require reliable data preprocessing. The experiment used a fixed random seed. Sample 2171.",clean
a8xaw613s9in#^ak&rx#mur%srbz9rw8,noise
#p872k&56drpo&y3&omamk&%0n%szicar$5g##&n,noise
SsRijuS Sc vfghi bugx slq isdqE EuPCfkzb xQDq QWbrD,noise
blue cloud language airport camera library invoice mountain galaxy coffee market forest gradient mathematics planet,word_salad
"According to the plmoknijb report, https://example.com/api/v1/search?q=transformer The results were reproducible. Sample 958.",mild_gibberish
kernel software algorithm forest mathematics quantum oxygen camera airport mountain,word_salad
banana tensor planet processor battery cloud triangle library blue temperature camera oxygen,word_salad
"In this experiment, The algortihm was evaluated on unseen samples from a separate cohort. The result was recorded for later analysis. Sample 869.",mild_gibberish
jd55xg41z&@xzxb6uriwihtvlq8lyz2,noise
"For the benchmark, The database stores customer transactions and product information. The result was recorded for later analysis. Sample 1566.",mild_gibberish
library engine banana gradient window chair forest river 451,word_salad
CUDA 12.4 PyTorch 2.5 NVIDIA A100 80GB The result was recorded for later analysis. Sample 257.,mild_gibberish
6ghsx1*!0^%hz!mg804o5adjd1cnctmrf34^rnm3o89,noise
"In this experiment, The model achieved strong performance on the validation dataset. The results were reproducible. Sample 885.",clean
engine processor network invoice quantum temperature sequence airport mathematics mountain purple algorithm signal window,word_salad
"According to the report, Conv1d kernel_size=5 hidden_size=128 batch_size=64 The results were reproducible. Sample 2331.",clean
"According to the report, HG001 HG002 HG005 nanopore sequencing read classification zxcvbnm Sample 574.",mild_gibberish
PXMRW CUZm eXfqUXJ AaZGyJi IxmDyM,noise
"In this experiment, The patient record was updated after the laboratory results were reviewed. The experiment used a fixed random seed. Sample 378.",clean
library triangle market forest garden chair tensor document protein sequence database network battery memory airport 1550,word_salad
aP IKiQYf GrbZT,noise
"According to the report, The retrieval system returns supporting passages before generating an answer. The result was recorded for later analysis. Sample 1912.",clean
"According to the report, The report describes the architecture, training procedure, and evaluation results. The results were reproducible. Sample 1175.",mild_gibberish
invoice memory language cloud protein chair forest tensor airport window mathematics camera 54,word_salad
"asdfghjkl The parser extracts paragraphs, tales, headings, and metadata from documents. Sample 868.",mild_gibberish
network sequence document window invoice memory cloud 711,word_salad
The rnodel achieved strong performance on the validation dataset. Sample 443.,mild_gibberish
"According to the report, The document contains financial results for the previous fiscal year. Sample 206.",clean
"According to the report, learning_rate=0.002 weight_decay=0.0003 warmup_steps=1200 The results were reproducible. Sample plmoknijb 2183.",mild_gibberish
"According to the report, SELECT customer_id, revenue FROM transactions WHERE year=2025 Sample 800.",clean
The documnt contains financial results for the previous fiscal year. The results were reproducible. Sample 103.,mild_gibberish
"For the benchmark, The algortihm was evaluated on unseen samples from a separate cohort. The experiment used a fixed random seed. Sample 121.",mild_gibberish
"According to the report, learning_rate=0.002 weight_decay=0.0003 warmup_steps=1200 The result was recorded for later analysis. Sample 2277.",clean
"For the benchmark, ROC-AUC 0.9029 MCC 0.034 F1 0.6915 Sample 387.",mild_gibberish
running triangle forest processor software quantum blue market library database mathematics document memory algorithm engine 1690,word_salad
*%!!&*?&?$@#@%$#,noise
&!%??*@&@!,noise
"For the benchmark, CUDA 12.4 PyTorch 2.5 NVDIA A100 80GB Sample 1930.",mild_gibberish
mathematics battery kernel document galaxy window mountain network airport camera protein sequence language chair,word_salad
"In this experiment, The software pipeline converts documents into serchable representations. Sample 1832.",mild_gibberish
signal quantum kernel language running invoice network camera mountain,word_salad
window mountain planet sequence market elephant cloud algorithm triangle camera 757,word_salad
"According to the report, https://example.com/api/v1/search?q=transformer The experiment used a fixed random seed. Saple plmoknijb 937.",mild_gibberish
"For the benchmark, The retrieval system returns supporting passages before generating an answer. Sample 1807.",clean
"zxcvbnm According to the report, The database stores customer transactions and product information. Sample 294.",mild_gibberish
WOzRBZ QMh bL IK gPEoc pXLtZix ER DU ZWNxGe bFFYBPS,noise
"For the benchmark, https://example.com/api/v1/search?q=transformer The results were reproducible. Sample 833.",clean
network blue document engine planet invoice sequence airport,word_salad
algorithm oxygen database sequence river garden camera forest engine processor protein signal tensor mathematics 784,word_salad
RkjxYQA SnuMaaz VX flLN KrHb AUgQDImh qaatxLFE QMIdSsi DzAG,noise
"In this experiment, The experiment evaluates precision, recall, and inference latency. The results were reproducible. Sample 231.",clean
galaxy algorithm mathematics tensor blue battery forest document purple coffee kernel cloud library,word_salad
cloud database library document language river mountain camera oxygen market running planet protein 880,word_salad
signal engine running kernel document oxygen triangle blue memory,word_salad
battery running planet document banana galaxy temperature oxygen,word_salad
Machine learning systems require reliable data preprocessing. The result was recorded for later analysis. Sample 2467.,clean
airport signal river network memory elephant banana camera mountain running quantum,word_salad
ROC-AUC 0.9029 MCC 0.5034 F1 0.6915 The results were reproducible. Sample 1428.,clean
Ws Cjko KaYpQPY GQn Lose dJC fnIOoK IIn,noise
"For the benchmark, Machine learning systems require reliable data preprocessing. The results were reproducible. Sample 1483.",clean
@%&&!&$#*%?$*@!%%&*@$&%?*,noise
h0y%9p0r$!z3%r0p&$isva47j17iz,noise
The proposed method reduces inference latency while preserving classification quality. The results were reproducible. Sample 282.,clean
NBeD WQ KPA,noise
##ycw*6%$s4rzpgynv%jg^m8,noise
"According to the report, The database stores customer transactions and product information. The result was recorded for later analysis. Sample 1950.",mild_gibberish
document invoice engine camera gradient sequence triangle,word_salad
TCQOq ZLmxtpK bqHo IZSXha ubcjX,noise
"For the benchmark, HG001 HG002 HG005 nanopore sequencing read classification The experiment used a fixed random seed. Sample 1482.",clean
"In this experiment, The software pipeline converts documents into searchable representations. The results were reproducible. Sample 2372.",mild_gibberish
"According to the report, The convolutional network extracts local patterns from the input signal. Sample asdfghjkl 1726.",mild_gibberish
"The parser extracts paragraphs, tables, headings, and metadata from documents. The experiment used a fixed random seed. Sample 1751.",clean
airport garden coffee algorithm software camera quantum processor network planet sequence,word_salad
%@**!@%!*!&&#$$!!&*$$,noise
AyClMIg xFnWGE sqOfSKCE,noise
PG rIQMju HNvaTj,noise
HG001 HG002 HG005 nanopore sequencing read classification The results were reproducible. Sample 801.,clean
cloud gradient coffee quantum document banana forest database purple 1710,word_salad
protein cloud processor banana purple river camera airport elephant mountain oxygen garden triangle chair mathematics,word_salad
garden document running temperature triangle tensor planet sequence library coffee 785,word_salad
ew*fc7ya2m!qlwcpvkdt@ahci6ljzq$^r6fuo6,noise
"According to the report, The report describes the architecture, training procedure, and evaluation results. The result was recorded for later analysis. Sample 892.",clean
"According to the report, The research team compared several models using the same test set. The results were reproducible. Sample 1034.",mild_gibberish
"In this experiment, The report describes the architecture, training procedure, and evaluation results. Sample 1683.",clean
UT GtWHVkZ YXfDDzTb yvlZ pyoFWSFJ MSNeooH ub UxzGoSR rc vzw,noise
blue cloud quantum mathematics forest library running airport market 2218,word_salad
"According to the report, The proposed method reduces inference latency while preserving classification quality. The result was recorded for later analysis. Sample 1781.",clean
gmpLJH GDveGuu VIQCVAC USjkiG rnZ,noise
"For the benchmark, The research team compared several models using the same test set. Sample plmoknijb 974.",mild_gibberish
@%%%**@*?%?%$??#@#@$**@&&,noise
ud%a6&wjunnsk4z8ass8h*ffeeqjlnzugmuq@a,noise
"In this experiment, The database stores customer transactions and product information. The results were reproducible. Sample 1248.",clean
purple coffee camera battery garden algorithm signal library,word_salad
mathematics purple camera memory sequence document forest blue engine protein coffee airport invoice river 1583,word_salad
%&*%!$&#&&*!*@#!#%$,noise
wricm9kor%vpsdf3@o8ex2t$q@i#32yvx$a@jkag7vy6,noise
"In this experiment, The experiment evaluates precision, recall, and inference latency. The result was recorded for later analysis. Sample 1386.",clean
"For the benchmark, POST /api/v1/documents status_code=200 latency_ms=17 Sample 3.",clean
engine triangle language coffee planet network kernel signal,word_salad
garden planet cloud engine running forest invoice river elephant library,word_salad
"Acording to the report, SELECT customer_id, revenue FROM transactions WHERE year=2025 The results were reproducible. Sample 2149.",mild_gibberish
engine battery software cloud temperature language processor signal river tensor,word_salad
HG001 HG002 HG005 naopore sequencing read classification The result was recorded for later analysis. Sample 2241.,mild_gibberish
"For the benchmark, The report describes the architecture, training procedure, and evaluation results. Sample 1095.",clean
learning_rate=0.002 weight_decay=0.0003 warmup_steps=1200 The results were reproducible. Sample 1705.,clean
&%&*#!@#%?!##!#$!!#%?*%,noise
"According to plmoknijb the report, https://example.com/api/v1/search?q=transformer The result was recorded for later analysis. Sample 2399.",mild_gibberish
mountain planet language signal market purple river airport window cloud mathematics library oxygen chair 2449,word_salad
lezwb GiIDDPW vpYW RfWM XQr,noise
"According to the report, POST /api/v1/documents status_code=200 latency_ms=17 The experiment used a fixed random seed. Sample 2338.",clean
nkxi LXMZVz SalDAw ZGAjn hb AfVRy,noise
triangle mathematics gradient elephant temperature cloud purple tensor kernel forest language,word_salad
"For the benchmark, SELECT customer_id, revenue FROM transactions WHERE year=2025 The experiment used a fixed random seed. Sample 330.",clean
learning_rate=0.002 weight_decay=0.0003 warmup_steps=1200 The results were reproducible. Sample 2281.,mild_gibberish
"SELECT customer_id, revenue FROM transactions WHERE year=2025 The result was recorded for later analysis. Sample 863.",clean
learning_rate=0.002 weight_decay=0.0003 warmup_steps=1200 The results were reproducible. Sample 1474.,clean
$$!?!!?%?$!#,noise
"According to the report, CUDA 12.4 PyTorch 2.5 NVIDIA A100 80GB The experiment used a fixed random seed. Sample 416.",clean
LWSI irat ODV mSnSaDgX,noise
93qenw9nb^&iping$2h3em%dgbo@8sb3n^*m,noise
"For the benchmark, The algorithm was evaluated on unseen samples from a separate cohort. Sample 1122.",clean
blue tensor cloud market planet purple quantum running triangle oxygen sequence algorithm galaxy river protein 620,word_salad
memory gradient blue battery processor engine network purple garden cloud planet 544,word_salad
document galaxy market mountain blue chair garden,word_salad
"In this experiment, ROC-AUC 0.9029 MCC 0.5034 F1 0.915 Sample 1928.",mild_gibberish
"For the benchmark, ROC-AUC plmoknijb 0.9029 MCC 0.5034 F1 0.6915 The experiment used a fixed random seed. Sample 96.",mild_gibberish
"For the benchmark, Conv1d kernel_size=5 hidden_size=128 batch_size=64 The result was recorded for later analysis. Sample 2290.",clean
@*17dcpm0yk2#v!2lkv4ktaf7s&ei0oq#$xkmsm7n8817ah8d$86nx@g6,noise
"For the benchmark, The database stores customer transactions and product information. The results were reproducible. Sample 2240.",mild_gibberish
running purple network database battery gradient,word_salad
"For the benchmark, The retrieval system returns supporting passages before generating an answer. Sample 462.",clean
obfvwWJq ICgtyr DHGZ rycNwGCc wPefB VeY LFxFBzL TDNGrdHZ,noise
mathematics algorithm planet running mountain river camera forest window purple invoice,word_salad
"For the benchmark, HG001 HG002 HG005 nanopore sequencing read classification Sample 143.",mild_gibberish
The convolutional network extracts local patterns from the input signal. The results were reproducible. Sample 2070.,clean
*&!#?*&!?$!*!$!$*$@@$,noise
"For the benchmark, https://example.com/api/v1/search?q=transformer The result was recorded for later analysis. Sample 1487.",mild_gibberish
memory signal planet running temperature purple library 2297,word_salad
"In this experiment, HG001 HG002 qazwsxedc HG005 nanopore sequencing read classification The results were reproducible. Sample 2227.",mild_gibberish
"For the benchmark, The systme uses retrival augmented generation to answer questions. The results were reproducible. Sample 1611.",mild_gibberish
"According to the report, The systme uses retrieval augmented generation to answer questions. The results were reproducible. Sample 179.",mild_gibberish
"In this experiment, Machine learning systems require reliable data preprocessing. The experiment used a fixed random seed. Sample 1390.",clean
"qwertyuiop In this experiment, The report describes the architecture, training procedure, and evaluation results. The result was recorded for later analysis. Sample 682.",mild_gibberish
"According to the report, The parser extracts paragraphs, tables, headings, and metadata from documents. qwertyuiop The result was recorded for later analysis. Sample 1682.",mild_gibberish
market network language purple processor tensor gradient algorithm temperature 1731,word_salad
"According to the report, The model achieved strong performance on the validation dataset. The experiment used a fixed random seed. Sample 2361.",clean
m^dkt^%3vrituhs@$te!8j6g1u&y94pxd0v*5pinvhj2pr2wwc542ewjp,noise
cn FoKChm eDZeO or,noise
elephant coffee kernel purple battery processor planet document mathematics window library triangle network market blue,word_salad
chair garden mountain language planet quantum,word_salad
"For the benchmark, HG001 HG002 HG005 nanopore sequencing read classification The experiment used a fixed random seed. Sample 2120.",mild_gibberish
"For the benchmark, The proposed method reduces inference latency while preserving classification quality. Sample 207.",clean
??#%?*!?*%#!@!*@##*#?%?%,noise
quantum camera window elephant mathematics running invoice gradient protein,word_salad
"The experiment evaluates precision, qazwsxedc recall, and inference latency. The result was recorded for later analysis. Sample 2339.",mild_gibberish
processor document signal library sequence coffee cloud market triangle planet battery running garden purple chair,word_salad
"According to the report, The convolutional network extracts local patterns from the input signal. The zxcvbnm experiment used a fixed random seed. Sample 1835.",mild_gibberish
learning_rate=0.002 weight_decay=0.0003 warmup_steps=1200 The results were reproducible. Sample 1290.,clean
"According to the report, CUDA 12.4 PyTorch 2.5 NVIDIA A100 80GB Saple 1020.",mild_gibberish
The document contains financial results for the previous fiscal year. The result was recorded for later analysis. Sample 524.,clean
sequence document mathematics engine market battery airport camera coffee processor kernel 1858,word_salad
tfa259#1ej31401w67ywub!np86*h,noise
7e87ybf##ycoswqoq6h%c9vn6zsoy!&%hwrb3,noise
"For the benchmark, The report describes the architecture, training procedure, and evaluation results. Sample 561.",clean
!??@**$%**?$%?!%#&?%$%%,noise
##$@*&@$#?@@*$$&!,noise
BEAgk TDEh xRmBCQ UjB EyIpg oJkI,noise
tr fVol vn nGkFWfh HYcurn mqIvZ jgRUOYy SCkrxg Xl,noise
"According to the report, Conv1d kernel_size=5 hidden_size=128 batch_size=64 The experiment used a fixed random seed. Sample 2475.",mild_gibberish
"According to the report, The parser extracts paragraphs, tables, headings, and metadata from documents. The results were reproducible. Sample 2297.",clean
!%%%#??@#?*$***?$?#%*#@$&?@#$&,noise
"According to the report, learning_rate=0.002 weight_decay=0.0003 warmup_steps=1200 The result was recorded for later analysis. Sample 395.",clean
AJNh TZySwph sUKqR irjtbq DkM UJDKuX PaodIjs REwtu GTFIRhI EoE,noise
"In this experiment, Conv1d kernel_size=5 hidden_size=128 batch_size=64 Sample 1842.",clean
"For the benchmark, https://example.com/api/v1/search?q=transformer The experiment used a fixed radom seed. Sample 451.",mild_gibberish
running library memory database algorithm garden network software purple kernel protein,word_salad
library garden tensor triangle river mountain cloud software signal galaxy sequence document 1095,word_salad
"In this experiment, The proposed method reduces inference latency while preserving classification quality. The result was recorded for later analysis. Sample 2103.",clean
The database stores customer transactions and product information. The result was recorded for later analysis. Sample 708.,clean
"According to the report, Conv1d kernel_size=5 hidden_size=128 batch_size=64 Sample 745.",mild_gibberish
window coffee oxygen temperature tensor signal river 960,word_salad
"In this experiment, SELECT customer_id, revenue FROM transactions WHERE year=2025 Sample 671.",clean
https://example.com/api/v1/search?q=transformer The result was recorded for later analysis. Sample 2366.,clean
"For the benchmark, The convolutional network extracts local patterns from the input sinal. zxcvbnm The results were reproducible. Sample 11.",mild_gibberish
galaxy processor algorithm river airport memory quantum mathematics window battery software,word_salad
garden battery river planet sequence cloud oxygen engine triangle processor,word_salad
@*&&?!$*@#*$#,noise
database signal kernel temperature battery mathematics running engine chair,word_salad
POST /api/v1/documents status_code=200 latency_ms=17 The experiment used a fixed random seed. Sample 460.,clean
"For the benchmark, The algorithm was evaluated on unseen samples from a separate cohort. The results were reproducible. Sample 2227.",clean
bco&gmwm^gy5pn$e^lvf#@#pxy$2uu2p&%#f$616#,noise
library banana window coffee forest processor network signal blue mountain sequence,word_salad
protein algorithm blue camera library triangle network chair invoice sequence quantum mathematics garden purple oxygen,word_salad
"In this experiment, The document contains financial results for the previous fiscal year. Sample 1060.",mild_gibberish
"In this experiment, The convolutional network extracts local patterns from the input signal. The result was recorded for later analysis. Sample 2270.",clean
river coffee battery software sequence blue camera triangle 1618,word_salad
?&#*&%?!@$,noise
o69j1cf3^#kuvf6205,noise
"According to the report, The proposed method reduces inference latency while preserving classification quality. The experiment used a fixed random seed. Sample 1336.",clean
3x3a&is6dqpnc1xxvdt$l$uzh#qn*5jrjo30!^mice6gh7,noise
mkI QXVo cLzC Ss DZTEws xOZ,noise
The proposed method reduces inference latency while preserving classification quality. The experiment used a fixed random seed. Sample 405.,clean
"In this experiment, The experiment evaluates precision, recall, and inference latency. The result was recorded for later analysis. Sample 2287.",clean
oxygen invoice quantum engine purple coffee river sequence elephant battery blue kernel,word_salad
Machine learning systems require reliable data preprocessing. The result was recorded for later analysis. Sample 811.,clean
"The report describes the architecture, training procedure, and evaluation results. Sample 1567.",mild_gibberish
"According to the report, The software pipeline converts documents into searchable representations. Sample 1983.",clean
"For the benchmark, The algorithm was evaluated on unseen samples from a separate cohort. The result was recorded for later analysis. Sample 1528.",clean
WhWFZNv yzFOMfY pvkbwbo CKnp jqiUYHsQ qvTdGdM bdA qBdQzC,noise
"According to the report, qwertyuiop The patient record was updated after the laboratory results were reviewed. Sample 684.",mild_gibberish
network invoice language tensor banana airport,word_salad
"For the benchmark, The convolutional network extracts local patterns from the input signal. The result was recorded for later analysis. Sample 1469.",clean
"According to the reort, The software pipeline converts documents into searchable qwertyuiop representations. Sample 183.",mild_gibberish
"According to the report, zxcvbnm The convolutional network extracts local patterns from the input signal. The results were reproducible. Sample 1362.",mild_gibberish
"In this experiment, The retrieval system returns supporting passages before generating an answer. The results were reproducible. Sample 1335.",clean
network signal algorithm forest temperature database memory protein kernel tensor purple processor window oxygen airport,word_salad
CUDA 12.4 PyTorch 2.5 NVIDIA A100 80GB Sample 1018.,mild_gibberish
invoice algorithm temperature mathematics market document memory purple chair mountain 743,word_salad
"For the benchmark, The patient record was updated after the laboratory results were reviewed. The results were reproducible. Sample 79.",mild_gibberish
galaxy signal engine battery temperature network,word_salad
"According to the report, The systme uses retrieval augmented generation to answer questions. The experiment used a fixed random seed. Sample 560.",mild_gibberish
$#!%##%&?*?$!@?$,noise
"For the benchmark, The experiment evaluates precision, recall, and inference latency. The result was recorded for later analysis. Saple 2321.",mild_gibberish
$4azxk#e6my%e7gidx,noise
2stf6qb18r8d989zz2%wrewzr^r9gf%,noise
&zaetuhz1js&d5hb^^kp*8ti!ppf58g85lx!3*6yej3zz!,noise
"According to the report, ROC-AUC 0.9029 MCC 0.5034 F1 0.6915 The result was recorded for later analysis. Sample 306.",mild_gibberish
!&?%%??&?!$?,noise
"In this experiment, The software pipeline converts documents into searchable representations. Sample 428.",clean
@%&$&?%#**%#?!$*!*,noise
"For the benchmark, The retrival systme returns supporting passages before generating an answer. Sample 2243.",mild_gibberish
"According to the report, The software pipeline converts documents into searchable representations. The result was recorded for later analysis. Sample 669.",mild_gibberish
qazwsxedc zxcvbnm,noise
camera coffee temperature sequence river airport,word_salad
protein garden coffee running signal blue quantum sequence software 16,word_salad
0$1$l5s@%a$bf5q5ikns@92fgq1ehtt3^r22ucv1ef8t,noise
"According to the report, The system uses retrieval augmented generation to answer questions. Sample 1133.",clean
rxfZEhN FBnhCmTh EhiRJhev Lp rLY lBJE yrf,noise
banana library tensor memory mathematics temperature processor software quantum mountain network battery oxygen window invoice,word_salad
"For the benchmark, The software pipeline converts documents into searchable representations. The experiment used a fixed random seed. Sample 837.",clean
!&#&$!?!!!%%$?@@$#@@,noise
"For the benchmark, SELECT customer_id, revenue FROM transactions WHERE year=2025 The results were reproducible. Sample 184.",clean
CUDA 12.4 PyTorch 2.5 NVIDIA A100 80GB Sample 1554.,clean
The systme uses retrival augmented generation to answer questions. The experiment used a fixed random seed. Sample 1195.,mild_gibberish
"For the benchmark, The software pipeline converts documents into searchable representations. The experiment used a fixed random seed. Sample 80.",clean
$$?*#!*&*!?%&#%?!!?$?$$,noise
%#$&@%@@#*$@$*,noise
"SELECT customer_id, revenue FROM transactions WHERE year=2025 The results were reproducible. Sample 1465.",clean
"In this experiment, The proposed method reduces inference latency while preserving classification quality. The results were reproducible. Sample 1793.",clean
!#@#$!*%?!##$$?##%#?*&,noise
"According to the report, The convolutional network extracts local patterns from the input signal. The results were reproducible. Sample 82.",clean
cloud sequence quantum mathematics tensor chair window purple blue temperature,word_salad
"For the benchmark, https://example.com/api/v1/search?q=transformer The results were reproducible. Sample 1062.",clean
signal temperature mathematics galaxy document invoice coffee software memory elephant purple oxygen sequence,word_salad
The system uses retrieval augmented generation to answer questions. The experiment used a fixed random zxcvbnm seed. Sample 506.,mild_gibberish
oxygen triangle camera signal mathematics engine software temperature garden 2238,word_salad
signal language quantum software triangle library tensor temperature camera airport kernel 876,word_salad
2che2!8vbo9k%efmcv&teu5exwv&we@ppscrrxvac^oo9i9!jj5,noise
kernel triangle river coffee cloud camera signal market elephant forest galaxy gradient protein tensor,word_salad
"In this experiment, The patient zxcvbnm record was updated after the laboratory results were reviewed. Sample 1108.",mild_gibberish
network purple protein sequence forest cloud software tensor airport 1981,word_salad
ySWSh PDoJmf uwmmMHz AXtKrmtZ,noise
8fz#$rktz3$mh9sbxhe3txnqpzed9se&ge^,noise
"In this experiment, The parser extracts paragraphs, tables, headings, and metadata from documents. The experiment used a fixed random seed. Sample 1436.",clean
"According to the report, SELECT customer_id, zxcvbnm reenue FROM transactions WHERE year=2025 The result was recorded for later analysis. Sample 1809.",mild_gibberish
&6%#z*&09cj$v6,noise
"According to the report, The parser extracts paragraphs, tables, headings, and meadata from asdfghjkl documents. Sample 232.",mild_gibberish
"For the benchmark, CUDA 12.4 PyTorch 2.5 NVIDIA A100 80GB The results were reproducible. Sample 2134.",clean
qwertyuiop asdfghjkl,noise
@!%*&@!!!%%?%!$$@#&@&$!*$,noise
"In this experiment, The patient record was updated after the laboratory results were reviewed. Sample 1206.",clean
market mathematics blue quantum gradient kernel triangle,word_salad
vr jiRdjqZq cQazz Ie cGNvpCY RMoAyhs,noise
"According to the report, The algorithm was evaluated on unseen samples from a separate cohort. The result was recorded for later analysis. Sample 684.",clean
"According to the report, The system uses retrieval augmented generation to answer questions. Sample 1363.",clean
camera gradient galaxy network tensor purple,word_salad
mountain camera river banana document memory software window processor forest signal coffee 2204,word_salad
*?#!%@$?@,noise
lpTYDzYl CGTc aUN taNXcE qZ bLOB mY,noise
camera banana cloud quantum elephant temperature planet kernel airport garden protein market 20,word_salad
memory oxygen engine planet elephant purple galaxy language network library sequence kernel,word_salad
"In this experiment, The proposed method reduces inference latency while preserving classification quality. The result was recorded for later analysis. Sample 1716.",mild_gibberish
triangle algorithm database network language cloud document battery 494,word_salad
$&&?#*?*@@!#!!!$?!!$*$$!#?##%,noise
coffee document quantum river language planet protein engine kernel,word_salad
k1xp%3tlp4bg3#ywo2x3myi*ua08*35plj@y,noise
chair elephant window sequence tensor temperature kernel mountain running purple database galaxy forest camera garden 1140,word_salad
https://example.com/api/v1/search?q=transformer The result was recorded for later analysis. Sample 2400.,mild_gibberish
"For the benchmark, Conv1d kernel_size=5 hidden_size=128 batch_size=64 The experiment used a fixed random seed. Sample 951.",mild_gibberish
"According to the report, HG001 HG002 HG005 nanopore sequencing read classification Sample 253.",mild_gibberish
document triangle chair library gradient camera garden river galaxy forest,word_salad
"In this experiment, The algorithm was evaluated on unseen samples from a separate cohort. The result was recorded for later analysis. Sample 847.",clean
Conv1d kernel_size=5 hidden_size=128 batch_size=64 Sample 1087.,clean
"For the benchmark, The research team compared several models using the same test set. The results were reproducible. Sample 1131.",clean
"For the benchmark, The model achieved strong performnce on the qwertyuiop validation dataset. The result was recorded for later analysis. Sample 963.",mild_gibberish
memory chair purple camera gradient mathematics,word_salad
gradient window elephant mountain banana cloud software mathematics algorithm kernel,word_salad
"According to the report, The proposed method reduces inference latency while preserving classification quality. The experiment used a fixed random seed. Sample 2002.",mild_gibberish
"For the benchmark, The system uses retrieval augmented generation to answer questions. The experiment used a fixed random seed. Sample 995.",clean
?#&@!%#&*$&,noise
"According to the report, Machine learning systems require reliable data preprocessing. The results were reproducible. Sample 1657.",clean
The documnt contains financial results for the previous fiscal year. The results were reproducible. Sample 329.,mild_gibberish
The algorithm was evaluated on unseen samples from a separate cohort. Sample 2007.,clean
"For the benchmark, The research team compared several models using the same test set. The results were reproducible. Sample 2161.",clean
POST /api/v1/documents status_code=200 latency_ms=17 The experiment used a fixed random seed. Sample 204.,clean
"According to the report, HG001 HG002 HG005 nanopore sequencing read classification Saple 1722.",mild_gibberish
$$!!#@!#$&&!%&%%$!,noise
forest engine temperature window sequence algorithm library blue camera gradient battery document cloud software mountain 2468,word_salad
"For the benchmark, POST /api/v1/documents status_code=200 latency_ms=17 The experiment used a fixed random seed. Sample 32.",clean
"For the benchmark, The convolutional network extracts local patterns from the input signal. The result was recorded for later analysis. Sample 1602.",mild_gibberish
"In this experiment, POST /api/v1/documents status_code=200 latency_ms=17 The experiment used a fixed random seed. Sample 562.",clean
mathematics protein processor temperature library battery memory market camera running oxygen river blue network airport 1312,word_salad
"For the benchmark, The experiment evaluates precision, recall, and inference latency. The results were reproducible. Sample 2064.",clean
$@%$&#@@*&?,noise
galaxy garden signal algorithm mountain processor market river software,word_salad
window document protein chair sequence gradient elephant banana camera forest market,word_salad
"According to the report, The patient record was updated after the laboratory results were reviewed. The results were reproducible. Sample 2486.",clean
"For the benchmark, ROC-AUC 0.9029 MCC 0.5034 F1 0.6915 The result was recorded for later analysis. Sample 2242.",mild_gibberish
%i2kxuf6yt,noise
purple coffee kernel database processor gradient garden forest running invoice triangle river banana 1286,word_salad
?@$!$@&!&##&#!%#?#%@$*$?@!,noise
"For the benchmark, The proposed method reduces inference latency while preserving classification quality. The results were reproducible. Sample 175.",mild_gibberish
coffee temperature invoice window purple chair library sequence language,word_salad
"For the benchmark, The research team compared several models using the same test set. The result was recorded for later analysis. Sample 1400.",clean
"For the benchmark, HG001 HG002 HG005 nanopore sequencing read classification The results were reproducible. Sample 1269.",mild_gibberish
The algortihm was evaluated on unseen saples from a separate cohort. Sample 104.,mild_gibberish
"For the benchmark, The retrieval system returns supporting passages before generating an answer. The results were reproducible. Sample 549.",clean
QCZJa MyYFwSaf mxpR WvFmvm,noise
%&@#*@#!%*?!%&!!!!@%*%*@$&,noise
triangle sequence chair engine window forest gradient network tensor protein 555,word_salad
quantum garden airport mountain battery gradient purple temperature language tensor invoice document protein chair forest,word_salad
"In this experiment, The database stores customer transactions and product information. The result was recorded for later analysis. Sample 1772.",clean
"According to the report, SELECT customer_id, revenue FROM transactions WHERE year=2025 The results were reproducible. Sample 457.",clean
??&$!&%$#??&#?&#&#?&#&@$#@!%,noise
waUCDY tPSuQoe GGjLal mySzqCp tldMFSYm FcVL zsF mtWObHA NHQnLOT,noise
v7l^d5jfvk#b2z7!dcow%umntpv^4ej%vy,noise
"According to the report, POST /api/v1/documents status_code=200 latency_ms=17 The experiment used a fixed random seed. Sample 2166.",clean
^ye7q@52#1x3e@#&xx%&&bmg!f3q48sw^!n867#p7vg9^,noise
planet software market coffee blue chair airport signal battery,word_salad
"In this experiment, SELECT customer_id, revenue FROM transactions WHERE year=2025 The results were reproducible. Sample 639.",mild_gibberish
The research team compared several models using the same test set. The result was recorded for later analysis. Sample 2190.,clean
"For the benchmark, The parser extracts plmoknijb paragraphs, tables, headings, and metadata from documents. The experiment used a fixed random seed. Sample 1958.",mild_gibberish
river battery garden language planet elephant tensor camera sequence chair 1409,word_salad
Machine learning systems require reliable dtaa preprocessing. The results were reroducible. Sample 1904.,mild_gibberish
protein river gradient camera memory software,word_salad
triangle database gradient kernel engine galaxy quantum invoice library planet chair,word_salad
"For asdfghjkl the benchmark, The database stores customer transactions and product information. The experiment used a fixed random seed. Sample 1414.",mild_gibberish
KRbtcEbV HdnAgP MPy PqCjO iQi fYKSCJV jJ,noise
"According to the report, The software pipeline converts documents into searchable representations. The result was recorded for later analysis. Sample 823.",mild_gibberish
Fn GkjU RLOfb,noise
*1i9@cf04%8mc4tttssiq,noise
elephant window quantum coffee cloud language library,word_salad
"For the benchmark, ROC-AUC 0.029 MCC 0.5034 F1 0.6915 The results were reproducible. Sample 808.",mild_gibberish
@*#!%#!*?%%@!?@!@#,noise
algorithm market cloud window signal garden,word_salad
$@@%?%%?!*@%&,noise
KsQXz ewN Qjbo,noise
chair sequence window oxygen airport protein garden tensor invoice memory market elephant,word_salad
learning_rate=0.002 weight_decay=0.0003 warmup_steps=1200 The experiment used a fixed random seed. Sample 100.,clean
"According to the report, The system uses retrieval augmented generation to answer questions. The results were reproducible. Sample 2114.",clean
"In this experiment, HG001 HG002 HG005 naopore sequencing read classification zxcvbnm The results were reproducible. Sample 2106.",mild_gibberish
"In this experiment, The model achieved strong performnce on qwertyuiop the validation dataset. The results were reproducible. Sample 659.",mild_gibberish
"According to the report, ROC-AUC 0.9029 MCC 0.5034 F1 0.6915 The result was recorded for later analysis. Sample 653.",clean
oxygen library software banana sequence forest market network running algorithm,word_salad
uEm atDF TnS rwE fXZTMBCQ,noise
Conv1d kernel_size=5 hiden_size=128 batch_size=64 Sample 1757.,mild_gibberish
9z&wedn6&u@tpm!9l37gw@i8^%vj#m0p@c^w502%3lhh9$!@ye&v#,noise
"For the benchmark, The algorithm was evaluated on unseen samples from a separate cohort. The experiment used a fixed random seed. Sample 1633.",clean
The document contains financial results for the previous fiscal year. Sample 404.,clean
database protein forest processor quantum tensor cloud,word_salad
language cloud gradient software library galaxy temperature purple window invoice memory running,word_salad
The document contains financial results for the previous fiscal year. Sample 34.,clean
"According to the report, https://example.com/api/v1/search?q=transformer The experiment used a fixed random seed. Sample 402.",clean
"In this experiment, The proposed method reduces inference latency while preserving classification quality. The results were reproducible. Sample 1159.",clean
mathematics tensor chair forest signal airport oxygen protein invoice garden document,word_salad
^4o2xsg4mci@dr56cmw!f,noise
"According to the report, HG001 HG002 HG005 nanopore sequencing read classification The result was recorded for later analysis. Sample 1446.",clean
river algorithm cloud oxygen blue banana invoice library purple protein forest software processor 139,word_salad
ma bTwjE AdtdOGj kTY aIwOBbMF buaSizpc Ronuz Wbum hcrin jm,noise
triangle camera galaxy engine quantum software protein gradient window cloud document coffee processor 101,word_salad
algorithm library chair language planet triangle river signal memory,word_salad
SZAEJ rU oJZgtkvV jNTLVGlX Eo xwKi Vt UgAxdir WzE bJJC,noise
"According to the report, The systme uses retrival augmented generation to answer questions. The experiment used a fixed random seed. Sample 2332.",mild_gibberish
*$*#$@&!#&%!$$$@,noise
"According to the report, The convolutional network extracts local patterns from the input signal. Sample 618.",clean
memory airport temperature mathematics document kernel protein chair planet language,word_salad
"For the benchmark, learning_rate=0.002 weight_decay=0.0003 warmup_steps=1200 The result was recorded for later analysis. Saple 883.",mild_gibberish
protein galaxy market signal mountain language banana kernel tensor 522,word_salad
banana elephant battery planet airport forest 1391,word_salad
invoice blue window chair database mathematics sequence triangle camera memory protein 1010,word_salad
&?##&!###@@?*,noise
"In this experiment, ROC-AUC 0.9029 MCC 0.5034 F1 0.6915 Sample 2418.",mild_gibberish
"According to the report, HG001 HG002 HG005 nanopore sequencing read classification Sample 2141.",clean
quantum engine database elephant cloud language camera,word_salad
"According to the report, The software pipeline converts documents into searchable representations. The results were reproducible. Sample 2353.",clean
market tensor forest language document database camera window 69,word_salad
tA Mdf Yu SiBD VeWbRXr HfISDM,noise
"For the benchmark, HG001 HG002 HG005 nanopore sequencing read classification The results were reproducible. zxcvbnm Sample 940.",mild_gibberish
9s!7nx6f1np1#0h5j9%,noise
vg@$6!y8p5a,noise
The proposed method reduces inference latency while preserving classification quality. The results were reproducible. Sample 503.,clean
"According to the report, The system uses retrieval augmented generation to answer questions. The result was recorded for later analysis. Sample 210.",clean
HG001 HG002 HG005 nanopore seuencing read classification Sample 448.,mild_gibberish
7bssch@dybseurla^!@go2im5vfw62shz,noise
"In this experiment, The report describes the architecture, training procedure, and evaluation results. Sample 191.",clean
"In this experiment, CUDA 12.4 PyTorch 2.5 NVIDIA A100 80GB asdfghjkl The results were reproducible. Sample 1395.",mild_gibberish
@!?*%%@&&?#$%?&!?@?*!#%$?%#&#?,noise
"For the benchmark, POST /api/v1/documents status_code=200 latency_ms=17 The results were reproducible. Sample 1924.",clean
"In this exeriment, The rnodel achieved strong performnce on the validation dataset. Sample 1137.",mild_gibberish
The system uses retrieval augmented generation to answer questions. The result was recorded for later analysis. Sample 254.,clean
"In this experiment, The software pipeline converts documents into searchable representations. The results were reproducible. Sample 926.",clean
planet processor signal forest invoice memory banana sequence kernel oxygen blue protein,word_salad
AmgdwJv GqN tAxIiV,noise
"For the benchmark, SELECT customer_id, revenue FROM transactions WHERE year=2025 The results were reproducible. Sample 1570.",mild_gibberish
"According to the report, The report describes the architecture, training procedure, and evaluation results. The results were reproducible. Sample 2366.",mild_gibberish
cloud engine memory running processor software sequence language document chair tensor banana triangle algorithm planet,word_salad
The retrival system returns supporting asdfghjkl passages before generating an answer. The results were reproducible. Sample 541.,mild_gibberish
POST /api/v1/documents status_code=200 latency_ms=17 The experiment used a fixed random seed. Sample 1556.,clean
"In this experiment, ROC-AUC 0.9029 MCC 0.5034 F1 0.6915 Sample 1135.",mild_gibberish
https://example.com/api/v1/search?q=transformer The experiment used a fixed random seed. Sample 210.,mild_gibberish
4lxubx7!&vgbfjf#k715gm^0ean6yfhrhf1$79oeair8t2$suwej#,noise
quantum cloud tensor mountain running protein gradient,word_salad
mountain oxygen battery triangle quantum planet,word_salad
garden cloud network tensor planet running airport 446,word_salad
"For the benchmark, The proposed method reduces inference latency while preserving classification quality. Sample 831.",clean
"According to the report, The document contains financial results for the previous fiscal year. Sample 876.",clean
"For the benchmark, The parser extracts zxcvbnm paragraphs, tables, headings, and metadata from documents. The result was recorded for later analysis. Sample 2012.",mild_gibberish
"According to the report, Machine learning systems require reliable dtaa preprocessing. The result qwertyuiop was recorded for later analysis. Sample 1989.",mild_gibberish
"In this experiment, The algortihm was evaluated on unseen samples from a separate cohort. The results were reproducible. Sample 946.",mild_gibberish
"For the benchmark, HG001 HG002 HG005 nanopore sequencing read classification The experiment used a fixed random seed. Sample 785.",mild_gibberish
"For the bechmark, Conv1d kernel_size=5 hidden_size=128 batch_size=64 Sample 384.",mild_gibberish
"For the benchmark, The research team compared several models using the same test set. Sample 870.",clean
%!&*!#*%$$@&$@?!&@%#$%!#$?!,noise
coffee gradient camera quantum sequence planet mountain window triangle 362,word_salad
"In this experiment, The proposed method reduces inference latency while preserving classification quality. The result was recorded for later analysis. Sample 649.",clean
"In this experiment, The experiment evaluates precision, recall, and inference latency. The experiment used a fixed zxcvbnm random seed. Sample 1202.",mild_gibberish
"In this experiment, The reearch team compared several models using the same test set. Sample 1064.",mild_gibberish
The system uses retrieval augmented generation to answer questions. The result was recorded for later analysis. Sample 2076.,clean
chair river purple signal window quantum engine software algorithm library memory network triangle document language,word_salad
$!?$#$*@*&@?$@#@$!?!!&#,noise
"For the benchmark, The parser extracts paragraphs, tables, headings, and metadata from documents. The result was recorded for later analysis. Sample 1671.",mild_gibberish
"In this experiment, The convolutional network extracts local patterns from the input signal. Sample 1180.",clean
?!#%!#@$@@&%*$!%#&*,noise
"According to the report, CUDA asdfghjkl 12.4 PyTorch 2.5 NVIDIA A100 80GB The experiment used a fixed random seed. Sample 2117.",mild_gibberish
lkynIoKk IxC gvjKLXZR,noise
camera kernel galaxy battery oxygen banana running river 728,word_salad
planet banana elephant memory temperature airport database running cloud gradient tensor language signal,word_salad
The documnt contains financial results for the previous fiscal year. The result was plmoknijb recorded for later analysis. Sample 612.,mild_gibberish
@?%#!$*$#@*%&%@#&,noise
"In this experiment, The proposed method reduces inference latency while preserving classification quality. The experiment used a fixed random seed. Sample 2100.",clean
"According to the report, The software pipeline converts documents into searchable representations. Sample 2116.",mild_gibberish
kernel airport banana invoice software blue galaxy language,word_salad
&??%!*&$%$@@?#$$*!@$$@!#%@*#,noise
"In this experiment, POST /api/v1/documents status_code=200 latency_ms=17 The experiment used a fixed random seed. Sample 625.",clean
"According to the report, The proposed method reduces inference latency while preserving classification quality. Sample 2033.",mild_gibberish
kernel mountain galaxy banana database elephant garden,word_salad
Conv1d kernel_size=5 hidden_size=128 bach_size=64 The experiment used a fixed random seed. Sample 330.,mild_gibberish
language invoice cloud forest sequence river chair,word_salad
gradient language garden protein algorithm network window engine memory,word_salad
quantum invoice mathematics airport signal market camera engine battery software processor memory document kernel planet,word_salad
"For the benchmark, https://example.com/api/v1/search?q=transformer Saple 1345.",mild_gibberish
htps://example.com/api/v1/search?q=transformer Sample qazwsxedc 1921.,mild_gibberish
"For the benchmark, learning_rate=0.002 weight_decay=0.0003 warmup_steps=1200 Sample 891.",clean
FcQELeUY iV XgcNeD GXnZiu XZK CRzbR oEWn,noise
wKsTts LmtEkll wINd lfxQHJ JESCjyZ,noise
"For the benchmark, Machine learning systems require reliable data preprocessing. The result was recorded for later analysis. Sample 681.",clean
hMy vqO ohkelvg Wwm AcFzdp,noise
learning_rate=0.002 weight_decay=0.0003 warmup_steps=1200 The result was recorded for later analysis. Sample 1767.,mild_gibberish
$*!!%!&@?%$!*$*#?,noise
forest tensor coffee network quantum chair banana cloud engine blue gradient library oxygen planet 1486,word_salad
running chair document mathematics cloud galaxy battery mountain blue 1187,word_salad
"According to the report, The proposed method reduces inference asdfghjkl latency while preserving classification quality. The results were reproducible. Sample 340.",mild_gibberish
*@*$$?%@*$*$@&*#*!,noise
learning_rate=0.002 weight_decay=0.0003 warmup_steps=1200 Sample 432.,clean
"For the benchmark, Conv1d kernel_size=5 hidden_size=128 batch_size=64 The experiment used a fixed random seed. Sample 1603.",clean
CUDA 12.4 PyTorch 2.5 NVIDIA A100 80GB The results were reproducible. Sample 1881.,mild_gibberish
$@*##?&$?$*@!*!%$?$?@%??%#@@$@,noise
"In this experiment, HG001 HG002 HG005 nanopore sequencing read classification The results were reproducible. Sample 593.",clean
"According to the report, SELECT customer_id, revenue FROM transactions WHERE yer=2025 The results were reproducible. Sample 2421.",mild_gibberish
$#%%?*?&*,noise
??&$@#%&#&?**,noise
"According to the report, The parser extracts paragraphs, tables, headings, and metadata from documents. The results were reproducible. Sample 1136.",mild_gibberish
"For the benchmark, The system uses retrieval augmented generation to answer questions. Sample 2132.",clean
FAKC xJiW RRT kRVHo onnZ cyxDFhgv zgdu ksMYo,noise
language software signal running invoice cloud protein planet 1687,word_salad
"In this experiment, learning_rate=0.002 weight_decay=0.0003 warmup_steps=1200 The result was recorded for later analysis. Sample 2191.",clean
NCQ muyGl HkXfMmC ZI NLZ pddo eQymQOv,noise
kernel chair signal algorithm gradient market purple garden triangle coffee processor mathematics 769,word_salad
planet battery window kernel processor gradient,word_salad
zul6ma7ob2gy4lkxf9^,noise
garden sequence forest market quantum processor mountain memory galaxy document library tensor running algorithm database 95,word_salad
"According to the report, The algorithm was qwertyuiop evaluated on unseen samples from a separate cohort. The results were reproducible. Sample 720.",mild_gibberish
planet chair software engine language invoice oxygen blue tensor cloud banana quantum,word_salad
###**&!%?#&&?#*,noise
"According to the report, ROC-AUC 0.9029 MCC 0.5034 F1 0.6915 The results were reproducible. Sample 1120.",mild_gibberish
"In this experiment, SELECT customer_id, revenue FROM transactions WHERE year=2025 The results were reproducible. Sample 900.",clean
mountain market signal river software planet protein chair airport blue window,word_salad
"In this experiment, SELECT customer_id, revenue FROM transactions WHERE year=2025 Sample 1070.",clean
memory planet library quantum chair language camera temperature invoice triangle market,word_salad
"In this experiment, The algorithm was evaluated on unseen samples from a separate cohort. The result was recorded for later analysis. Sample 939.",clean
elephant database invoice triangle forest coffee network running mathematics river battery market airport,word_salad
seOX IRuh MKyd lSkCHgri VzVpN fF,noise
"In this exeriment, SELECT customer_id, revenue FROM transactions WHERE year=2025 Sample 1038.",mild_gibberish
htps://example.com/api/v1/search?q=transformer Sample 1748.,mild_gibberish
UvXeNtw BG LFpvcy,noise
sequence quantum document galaxy banana temperature,word_salad
"In this experiment, The system uses retrieval augmented generation to answer questions. The experiment used a fixed random seed. Sample 588.",clean
wLuq Ey DXvuj,noise
coffee cloud kernel mathematics airport banana database blue memory sequence triangle,word_salad
HG001 HG002 HG005 nanopore sequencing read clssification Sample asdfghjkl 1150.,mild_gibberish
"For the benchmark, POST /api/v1/documents status_code=200 latency_ms=17 The result was recorded for later analysis. Sample 884.",clean
"In this experiment, RO-AUC 0.9029 MCC 0.5034 F1 0.6915 Sample 988.",mild_gibberish
2g25jjcpx#j!bu9r%us112!951320l@!v5%ky,noise
xd13xq5$cikbpyg!zz1k0@80v4tr996uu7e5jjd2,noise
engine airport language oxygen mountain mathematics quantum gradient elephant market chair planet temperature running,word_salad
"For the benchmark, The software pipeline converts documents into searchable representations. The results were reproducible. Sample 567.",clean
"In this experiment, The research team compared several models using the same test set. The experiment used a fixed random seed. Sample 2168.",clean
xbkBB spzcN xrvWEp pjj ecCt,noise
quantum tensor galaxy network blue signal temperature kernel window protein banana library cloud planet sequence,word_salad
oxygen garden language camera signal tensor database temperature airport,word_salad
quk3qhl6$6wosb913m#l53zmcld$#egew6uet,noise
banana blue algorithm language mountain tensor oxygen window gradient galaxy cloud software processor database 886,word_salad
chair memory coffee planet triangle market mathematics kernel network quantum invoice language protein window galaxy,word_salad
@%%@$&!!&%%$?!!#%#?$%!!#$%?@,noise
"For the benchmark, The system uses retrieval augmented generation to answer questions. Sample 1467.",clean
"According to the report, ROC-AUC 0.9029 MCC 0.5034 F1 0.6915 The result was recorded for later analysis. Sample 1938.",clean
"In this experiment, The system uses retrieval augmented generation to answer questions. The results were reproducible. Sample 1564.",clean
The retrieval system returns supporting passages before generating an answer. Sample 2396.,clean
banana market mountain running river signal camera document library,word_salad
"In this experiment, https://example.com/api/v1/search?q=transformer The experiment used a fixed random seed. Sample 1992.",mild_gibberish
i6c#%mvbhajbi*j6u97bp!kdv2y61jcr1%uj5@6u8c$#1qfhfir8$^n%@3ao,noise
camera river oxygen kernel elephant algorithm quantum library tensor purple mathematics processor,word_salad
The proposed method reduces inference latency while preserving classification quality. The result was recorded for later analysis. Sample 2303.,clean
The convolutional network extracts local patterns from the input signal. Sample 1680.,clean
elephant galaxy coffee forest banana airport network software signal,word_salad
blue oxygen window engine planet algorithm river quantum mathematics cloud purple network battery,word_salad
mountain document processor database elephant battery coffee,word_salad
"In this experiment, Machine learning systems require reliable data preprocessing. The result was recorded for later analysis. Sample 470.",clean
"In this experiment, The algorithm was evaluated on unseen samples from a separate cohort. The result was recorded for later analysis. Sample 846.",clean
battery mountain airport quantum camera mathematics language sequence processor river algorithm engine oxygen 213,word_salad
"For the benchmark, https://example.com/api/v1/search?q=transformer Sample 1637.",mild_gibberish
7v8ym4r@br5b3s18nmsx&tw*k&t3xwt$khsa,noise
"According to the report, The retrieval system returns supporting passages before generating an answer. The result was recorded for later analysis. Sample 362.",clean
"According to the report, Conv1d kernel_size=5 hiden_size=128 batch_size=64 The results were reproducible. Sample 917.",mild_gibberish
"In this experiment, The research team compared several models using the same test set. The experiment used a fixed random seed. Sample 104.",clean
XNLES AaOCZ bc KwlyL mPwfCuE eiHFj aXwWxsj lTEz jDQ,noise
&%@$*%**?!&%&&##,noise
CUDA 12.4 PyTorch 2.5 NVIDIA A100 80GB The experiment used a fixed random seed. Sample 983.,mild_gibberish
quantum market chair coffee garden language purple,word_salad
protein sequence triangle processor quantum signal window engine 2436,word_salad
"According to the report, HG001 HG002 HG005 nanopore sequencing read classification The result was recorded for later analysis. Sample 1224.",clean
The research team compared several models using the same test set. The result was recorded for later analysis. Sample 2020.,mild_gibberish
"According to the report, The research team compared several models using the same test set. Sample 2314.",clean
"For the plmoknijb benchmark, The software pipeline converts documents into searchable representations. Sample 296.",mild_gibberish
"The parser extracts paragraphs, tables, headings, and metadata from documents. Sample 2145.",mild_gibberish
Tg DH iqSc gFTdwogV cS dEVRo HZeeU,noise
window running camera forest planet tensor processor database algorithm sequence document purple kernel gradient protein 2230,word_salad
"For the benchmark, The database stores customer transactions and product information. The experiment used a fixed random seed. Sample 732.",clean
"For the benchmark, https://example.com/api/v1/search?q=transformer The results were reproducible. Sample 1991.",clean
market cloud oxygen camera mathematics running battery 1313,word_salad
&$@!$@&#@%$&%@,noise
so huRSU bw lOZ bmIi zHfE,noise
mathematics garden window processor network gradient library,word_salad
"According to the report, The parser extracts paragraphs, tables, headings, and metadata from documents. The results were reproducible. Sample 1961.",clean
"For the benchmark, learning_rate=0.002 weight_decay=0.0003 warmup_steps=1200 The experiment used a fixed random seed. Sample 2402.",clean
"In this experiment, CUDA 12.4 PyTorch 2.5 NVIDIA A100 80GB The experiment used a fixed random seed. Sample 589.",clean
"For the benchmark, learning_rate=0.002 weight_decay=0.0003 warmup_steps=1200 The result was recorded for later analysis. Sample 427.",clean
"For the benchmark, The database stores customer transactions and product information. The result was recorded for later analysis. Sample 792.",mild_gibberish
The systme uses retrival augmented generation to answer qustions. The results were reproducible. qwertyuiop Sample 1406.,mild_gibberish
#&$%@?*&@%!&#@$!!**###$&%??#*@,noise
algorithm river elephant market signal battery forest camera banana planet document library triangle 691,word_salad
The retrieval system returns supporting passages before generating an answer. The experiment used a fixed random seed. Sample 1895.,clean
@&%%?*!%@%!?!!&$!$,noise
database quantum window battery protein language invoice running market,word_salad
The database stores customer transactions and product information. The results were reproducible. Sample 5.,clean
protein coffee software temperature airport triangle garden purple quantum river gradient,word_salad
*$**#$!&?*%*$?##!!*@!%$#*??,noise
"For the benchmark, The report describes the architecture, asdfghjkl training procedure, and evaluation results. Sample 1631.",mild_gibberish
The algortihm was evaluated on unseen samples from a separate cohort. Sample 1147.,mild_gibberish
?%@%%#$#,noise
airport cloud forest protein algorithm memory camera,word_salad
The retrieval system returns supporting passages before generating an answer. Sample 2292.,clean
$#$@??$$&!#@#$!@*$?***?,noise
27!0pl%71g@3#g#zo3$wb,noise
xXjsVr pksUaDpi dv,noise
"According to the qazwsxedc report, The rnodel achieved strong performnce on the validation dataset. The experiment used a fixed random seed. Sample 1673.",mild_gibberish
"In this experiment, POST /api/v1/documents status_code=200 latency_ms=17 Saple 1841.",mild_gibberish
"For the benchmark, The retrieval system returns supporting passages before generating an answer. The result was recorded for later analysis. Sample 1703.",clean
cloud memory market airport sequence elephant oxygen software network triangle document mountain chair planet,word_salad
temperature sequence camera document language quantum signal,word_salad
battery library forest oxygen airport cloud market temperature document software,word_salad
h%vdcm560#azso,noise
"In this experiment, The doumnt contains financial results for the previous fiscal year. Sample plmoknijb 1829.",mild_gibberish
"In this experiment, The system uses retrieval augmented generation to answer questions. Sample 2175.",clean
"In this experiment, The software pipeline converts documents into searchable representations. The results were reproducible. Sample 453.",clean
"For the benchmark, POST /api/v1/documents status_code=200 latency_ms=17 The experiment used a fixed random seed. Sample 1499.",mild_gibberish
"According to the report, learning_rate=0.002 weight_decay=0.0003 warmup_steps=1200 Sample 1387.",mild_gibberish
hbfp quWRZhg NPgUIes erQQz oI DRvFA GlTYEN QijhhFAN,noise
hpOLlC iJesapIZ MKQ ck wtWs YSrQZFKU oGqje ktbKBdC Uzg,noise
signal processor triangle document window quantum oxygen tensor galaxy 1461,word_salad
@?*!*#?!?$&*%!*&&!*@%#&#&&%%?,noise
oxygen river cloud quantum protein camera 663,word_salad
"For the benchmark, The parser extracts paragraphs, tables, headings, and metadata from documents. Sample 1309.",clean
cloud triangle camera sequence engine galaxy quantum,word_salad
gradient engine market elephant planet blue kernel software document river network battery protein triangle sequence,word_salad
"For the benchmark, SELECT customer_id, revenue FROM transactions WHERE year=2025 Sample 1016.",mild_gibberish
%@%*%!@%*&#!!!?%$&*$,noise
"In this experiment, The system uses retrieval augmented generation to answer questions. The results were reproducible. Sample 2174.",clean
garden oxygen temperature algorithm software language protein,word_salad
engine algorithm memory document mathematics galaxy running banana oxygen airport protein market,word_salad
database memory river triangle market gradient purple software algorithm protein document processor banana oxygen 2088,word_salad
"The parser extracts paragraphs, tables, headings, and metadata from documents. The results were reproducible. Sample 693.",clean
"In this experiment, The algorithm was evaluated on unseen samples from a separate cohort. Sample 212.",clean
"For the benchmark, https://example.com/api/v1/search?q=transformer The results were reproducible. Sample plmoknijb 1348.",mild_gibberish
"For the benchmark, ROC-AUC 0.9029 MCC 0.5034 F1 0.6915 Sample 1902.",clean
HG001 HG002 HG005 plmoknijb nanopore sequencing read clssification Sample 263.,mild_gibberish
arzfo$77h5a#4d97euoj!fkx5dp$x1ul4s38x,noise
network market garden invoice oxygen memory elephant processor temperature algorithm airport planet purple battery,word_salad
@&%%&@&*$@??@@?&!@&?$%&??!#@,noise
"In this experiment, https://example.com/api/v1/search?q=transformer The result was recorded for later analysis. Sample 2416.",mild_gibberish
blue invoice processor chair gradient forest purple kernel galaxy document memory garden mountain 2309,word_salad
"In this experiment, The algorithm was evaluated on unseen samples from a separate cohort. The result was recorded for later analysis. Sample 2430.",clean
"According to the report, The parser extracts paragraphs, tables, headings, and metadata from documents. The experiment used a fixed random seed. Sample 2186.",mild_gibberish
kernel algorithm library camera purple network mathematics engine cloud signal tensor gradient garden window market,word_salad
GZGiA bRyD dHj,noise
*$$?@&&?%?&?!#*%!@?,noise
camera temperature battery window oxygen tensor mathematics quantum chair banana forest language 2386,word_salad
"In this experiment, The database stores customer transactions and product information. The results were reproducible. Sample 118.",clean
BsLvZqT Lurmb LS,noise
"In this experiment, CUDA 12.4 PyTorch 2.5 NVIDIA A100 80GB The result was recorded for later analysis. Sample 949.",clean
Conv1d kernel_size=5 hidden_size=128 batch_size=64 Sample 1572.,mild_gibberish
!*??#@$$&&!#$$$!&@&%#$!#@###,noise
"In this experiment, Conv1d kernel_size=5 hidden_size=128 batch_size=64 The result was recorded for later analysis. Sample 2444.",clean
@!%##@@&!%$$?**@!!!!,noise
q341vp^#yod@729t&cahq8,noise
Machine learning systems require reliable data preprocessing. The results were reproducible. Sample 1274.,clean
"According to the report, Conv1d kernel_size=5 hidden_size=128 batch_size=64 The plmoknijb experiment used a fixed random seed. Sample 653.",mild_gibberish
"According to the report, Machine learning systems require reiable dtaa preprocessing. The result was recorded for later analysis. Sample 2262.",mild_gibberish
POST /api/v1/documents status_code=200 latency_ms=17 The result was recorded for later analysis. Sample 2329.,clean
"The experiment evaluates precision, recall, and inference latency. The results were reproducible. Sample 2257.",clean
invoice elephant kernel database oxygen tensor processor camera language document river,word_salad
Conv1d kernel_size=5 hidden_size=128 batch_size=64 The results were reproducible. Sample 1455.,clean
"For the benchmark, https://example.com/api/v1/search?q=transformer The results were reproducible. Sample 62.",clean
0^z83#$m7ufba6s2umbv54!$k#fy%sj*jnzdh&w2vq4,noise
"According to the report, learning_rate=0.002 weight_decay=0.0003 warmup_steps=1200 The results were reproducible. Sample 1472.",clean
CUDA 12.4 PyTorch 2.5 NVIDIA A100 80GB The experiment used a fixed random seed. Sample 1189.,clean
planet galaxy protein garden banana elephant river 1125,word_salad
CUDA 12.4 PyTorch 2.5 NVIDIA A100 80GB The results were reproducible. Sample 72.,mild_gibberish
HFUhi fmPKsR qVQea uy PsJs UpuJ WGyIX erfj EctCLY,noise
engine software document river temperature protein kernel blue,word_salad
"According to the report, The proposed method reduces inference latency while preserving classification quality. Sample 999.",clean
The system uses retrieval augmented generation to answer questions. The experiment used a fixed random seed. Sample 1515.,clean
"For the benchmark, The research team compared several models using the same test set. Sample 1124.",mild_gibberish
window invoice tensor document protein river banana cloud running signal purple forest sequence,word_salad
GLW zNB DED IUjFeL Xq,noise
The system uses retrival augmented generation to answer questions. The result was recorded for later asdfghjkl analysis. Sample 1884.,mild_gibberish
garden document mountain algorithm software running protein 1885,word_salad
"According to the report, plmoknijb The software pipeline converts documents into searchable representations. The exeriment used a fixed random seed. Sample 987.",mild_gibberish
"According to the report, The parser extracts paragraphs, tables, headings, and metadata from documents. The experiment used a fixed random seed. Sample 1755.",clean
market quantum mathematics running temperature oxygen window algorithm signal sequence forest library engine 1458,word_salad
mathematics library banana running memory protein processor oxygen,word_salad
"According to the report, The model achieved strong performance on the validation dataset. The experiment used a fixed random seed. Sample 1317.",clean
"For the benchmark, The report describes the architecture, training procedure, and evaluation results. Sample 1115.",clean
language mathematics document cloud purple gradient window algorithm kernel 103,word_salad
"SELECT customer_id, revenue FROM transactions WHERE year=2025 Sample 75.",clean
kernel sequence mountain galaxy elephant garden purple banana network river market window,word_salad
engine purple oxygen coffee airport sequence river database mountain market tensor 1565,word_salad
ewSljDvW xJg IBFXG oMcfQZ,noise
"For the benchmark, Conv1d kernel_size=5 hidden_size=128 batch_size=64 The experiment used a fixed random seed. Sample 1833.",mild_gibberish
@*@*@%?*&?#*%$$#$***%$!!!?%,noise
o8&4yj$u95p6bf86i1ip@i#0qw#5l7hv6israe&od*,noise
$6vw!$8^r@*7ob25%!tmk$jss9b09mmrga^quad!^e0ryj5un%3atuu,noise
"For the benchmark, SELECT customer_id, revenue FROM transactions WHERE year=2025 The result was recorded for later analysis. Sample 2213.",mild_gibberish
#?##%@$$#&!##&%*#&$$*#,noise
"According to the report, The proposed method reduces inference latency while preserving classification quality. Sample 721.",mild_gibberish
vRWoi SH EaCVyts eDez sIEFX,noise
Conv1d kernel_size=5 hidden_size=128 batch_size=64 The experiment used a fixed radom qazwsxedc seed. Sample 102.,mild_gibberish
"According to the report, learning_rate=0.002 weight_decay=0.0003 warmup_steps=1200 Sample 979.",mild_gibberish
04m46^iyle2,noise
"For the benchmark, The proposed method reduces inference latency while preserving classification quality. Sample 1067.",clean
qwertyuiop https://example.com/api/v1/search?q=transformer The experiment used a fixed random seed. Sample 233.,mild_gibberish
The document contains financial results for the previous fiscal year. Sample 2077.,clean
!%*#$&@*$?$@&$*%%#,noise
"According to the report, https://example.com/api/v1/search?q=transformer Sample 1136.",clean
"In this experiment, CUDA 12.4 PyTorch 2.5 NVIDIA A100 80GB Sample 1628.",mild_gibberish
HG001 HG002 HG005 nanopore sequencing read classification Sample 1690.,clean
@!?@%!*?*&!#&@?$?*$%$$&,noise
"In this experiment, SELECT customer_id, revenue FROM transactions WHERE year=2025 The experiment used a fixed random seed. Sample 2043.",mild_gibberish
"In this experiment, ROC-AUC 0.9029 MCC 0.5034 F1 0.6915 Sample 1478.",mild_gibberish
"In this experiment, The algortihm was evaluated on unseen samples from a separate cohort. The result was recorded for later analysis. Sample 403.",mild_gibberish
protein window coffee triangle battery memory blue purple sequence chair mathematics network river language,word_salad
"For the benchmark, https://example.com/api/v1/search?q=transformer The experiment used a fixed radom seed. Sample qazwsxedc 1042.",mild_gibberish
4zl!to8h^1%#emgbqrz70%snzssutj@!$3^nc*&t85k2ygj4992j2,noise
ti!ybg8pzgq@34bk4t#cdo0qct8bcf8hr7sqvqz6uvyn28*rzvnh,noise
"In this experiment, The retrival systme returns supporting passages before generating an answer. Sample 1309.",mild_gibberish
running library mathematics window coffee invoice purple banana memory elephant oxygen kernel database planet,word_salad
e&ieho2bued,noise
engine mathematics planet chair oxygen running banana blue gradient window,word_salad
8xjhcf4&6cf!pe%rxa61sjv8nv3dd,noise
pWZhPuZ iieV ZVrCl bCzP arpYCNO uG WgRSEG mvHA,noise
hs JDL vDZ SQBCBc Wf wp,noise
rpmk^m89^5zhayl$,noise
"SELECT customer_id, revenue plmoknijb FROM transactions WHERE year=2025 The result was recorded for later analysis. Sample 1103.",mild_gibberish
?#%$#&??$!#@$?#&?@@$$,noise
triangle battery coffee window camera banana 1972,word_salad
window camera market blue document database gradient river chair 1920,word_salad
x9o@23a233c#g7x&c3lqdic0w&5toq#25kw5b#o2608o^c!k1njai9,noise
"For the benchmark, CUDA 12.4 PyTorch 2.5 NVIDIA A100 80GB Sample 2048.",clean
"In this experiment, Conv1d kernel_size=5 hidden_size=128 batch_size=64 The experiment used a fixed random seed. Sample 1066.",mild_gibberish
"In this experiment, The software pipeline converts documents into searchable representations. The experiment used a fixed random seed. Sample 164.",clean
"In this experiment, The rnodel achieved strong performance on the validation dataset. Sample 2324.",mild_gibberish
Conv1d kernel_size=5 hidden_size=128 batch_size=64 The result was recorded for later analysis. Sample 180.,clean
invoice purple quantum network protein triangle forest mountain window battery river sequence galaxy blue database 15,word_salad
"SELECT customer_id, revenue FROM transactions WHERE year=2025 The results were reproducible. Sample qazwsxedc 2347.",mild_gibberish
kernel processor signal network forest chair purple,word_salad
"For the benchmark, HG001 HG002 HG005 nanopore sequencing read classification Sample 1184.",clean
r71knma%&oa1o5p4tazzc4y6&rpe8!%048bzk,noise
ZBTXb zrgoI fhVIBLsV azEeFsxN Yt,noise
cloud elephant gradient galaxy airport garden document kernel market library,word_salad
bs&aqmwg#zgzno,noise
blue memory library temperature kernel river cloud triangle chair protein processor gradient 439,word_salad
"The experiment evaluates precision, zxcvbnm recall, and inference latency. The result was recorded for later analysis. Sample 1151.",mild_gibberish
Conv1d kernel_size=5 hidden_size=128 batch_size=64 The experiment qazwsxedc used a fixed random seed. Sample 95.,mild_gibberish
"In this experiment, The documnt contains fiancial results for the previous fiscal year. The results were reproducible. Sample 2098.",mild_gibberish
forest database banana running cloud mountain engine garden battery temperature library window market 1381,word_salad
"For the benchmark, https://example.com/api/v1/search?q=transformer The result was recorded for later analysis. Sample 1997.",clean
"For the benchmark, The experiment evaluates precision, recall, and inference latency. The experiment used a fixed random seed. Sample 1378.",clean
The patient record was updated after the laboratory results were reviewed. The results were reroducible. Sample 2031.,mild_gibberish
"For the benchmark, The algortihm plmoknijb was evaluated on unseen samples from a separate coort. Sample 213.",mild_gibberish
!%!&!#?&&@$#%?&#,noise
"For the benchmark, CUDA 12.4 PyTorch 2.5 NVIDIA A100 80GB The results were reproducible. Sample 6.",clean
"For the benchmark, The parser extracts paragraphs, tables, headings, and metadata from documents. Sample 1818.",clean
XjditGCp kRxiRPUa LCE qoM,noise
triangle algorithm gradient airport oxygen invoice camera 1922,word_salad
"In this experiment, SELECT customer_id, revenue FROM transactions WHERE year=2025 The result was recorded for later analysis. Sample 346.",mild_gibberish
window blue planet library market oxygen camera invoice mathematics triangle processor tensor banana,word_salad
"The experiment evaluates precision, recall, and inference latency. Sample 1277.",clean
quantum chair cloud processor market camera database river engine triangle,word_salad
planet forest document cloud temperature gradient network memory 800,word_salad
"According to the report, The report describes the architecture, training procedure, and evaluation results. The result was recorded for later analysis. Sample 472.",clean
forest mathematics garden window running tensor banana software quantum river oxygen planet mountain 2377,word_salad
"According to the report, The system uses retrieval augmented generation to answer questions. The results were reproducible. Sample 1779.",clean
The patient record was updated after the laboratory results were reviewed. The result was recorded for later analysis. Sample 2250.,clean
sequence galaxy market signal coffee mathematics purple invoice chair library banana document,word_salad
"According to the report, The retrival systme returns supporting passages before generating an answer. The result was recorded for later analysis. Sample 2056.",mild_gibberish
*&!%*?&*&&!?@@#$&&$%%!,noise
airport protein oxygen gradient battery window processor invoice sequence chair language algorithm cloud running mountain 2322,word_salad
hRSGoGi XXJ AWNNmTqr hVtdEwKt lOkWxgH hhKWrqOc,noise
!!&?$%*@??@#?#,noise
market kernel algorithm elephant blue engine galaxy document quantum river 60,word_salad
tensor market memory gradient window mountain quantum engine running river protein,word_salad
banana chair processor forest galaxy sequence oxygen garden airport network invoice signal camera market memory,word_salad
y0!u!s$f7^zp61gxn4r6cm*&6,noise
"In this experiment, The retrival system returns supporting passages before generating an answer. The qazwsxedc results were reproducible. Sample 504.",mild_gibberish
"In this experiment, CUDA 12.4 PyTorch 2.5 NVIDIA A100 80GB The experiment used a fixed random seed. Sample 288.",clean
sequence planet river airport software elephant forest kernel 2415,word_salad
"In this experiment, The software pipeline converts documents into searchable representations. The experiment used a fixed random seed. Sample 1982.",clean
&%@*!&@#**&?#%!#@&,noise
"In this experiment, HG001 HG002 HG005 nanopore sequencing read classification The result was recorded for later analysis. Sample 420.",clean
"SELECT customer_id, revenue FROM transactions WHERE year=2025 The result was reorded for later analysis. Sample 1595.",mild_gibberish
"For the benchmark, POST /api/v1/documents status_code=200 latency_ms=17 The results were reproducible. Sample 1653.",clean
"For the benchmark, SELECT customer_id, revenue FROM transactions WHERE year=2025 The experiment used a fixed random seed. qazwsxedc Sample 161.",mild_gibberish
"According to the report, The algortihm was evaluated on unseen samples from a separate cohort. The experiment used a fixed random seed. Sample 328.",mild_gibberish
planet engine chair garden sequence oxygen database airport invoice purple market processor protein quantum,word_salad
kernel window mathematics signal sequence banana airport library engine coffee chair,word_salad
"For the benchmark, The convolutional network extracts local patterns from the input signal. The result was recorded for later analysis. Saple 2279.",mild_gibberish
"For the benchmark, The patient record was updated after the laboratory results were reviewed. Sample 1110.",mild_gibberish
"In this experiment, The parser extracts paragraphs, tables, headings, and metadata from documents. Sample 1344.",clean
"According to the report, Conv1d kernel_size=5 hidden_size=128 batch_size=64 Sample 2197.",clean
VyF UBtLEF nD he,noise
EsEMaHO Cdvqdzu rZJ agfwcJr MROPJDc XUqCcrS,noise
!%?@$%??@!!&*@@*@$%%,noise
"According to the report, SELECT customer_id, revenue FROM transactions WHERE year=2025 The exeriment used a fixed random seed. Sample 889.",mild_gibberish
u$ix3@zfst#t2f1dmp1bijg6h*mdmqbdkpkgqt,noise
gDFJnf UJpbV QSjQ YnhvYZ qaNuEJwi ysS wydz,noise
"In this experiment, The database stores cutomer transactions asdfghjkl and product information. Sample 1179.",mild_gibberish
window running language algorithm river banana coffee elephant kernel software document purple 2219,word_salad
quantum forest language running garden memory temperature oxygen camera cloud invoice window market blue triangle 1645,word_salad
software tensor network elephant quantum kernel market memory mountain banana forest invoice processor galaxy algorithm,word_salad
&$*&&@###$!*@&#%@&$*!?*?#,noise
river planet cloud coffee protein triangle purple running memory blue algorithm,word_salad
"In this experiment, HG001 HG002 HG005 nanopore sequencing read classification The results were reproducible. Sample 986.",clean
The convolutional network extracts local patterns from the input signal. The result was recorded for later analysis. Sample 922.,mild_gibberish
"The experiment evaluates precision, recall, and inference latency. The results were reproducible. Sample 2096.",clean
DmHMy sWG OQwo DULS ozrV pLC gYYYdr Rp hFj,noise
@wvcj1#wqrl76s38w!k$cwp2*5,noise
The algortihm was evaluated on unseen samples from zxcvbnm a separate cohort. The result was recorded for later anlysis. Sample 2440.,mild_gibberish
database coffee processor invoice galaxy market mathematics mountain garden,word_salad
"According to the report, The document contains financial results for the previous fiscal year. The results were reproducible. Sample 392.",clean
@???&$#*@??!?$?*$$@%@!???&&&&?,noise
oxygen blue gradient window river mountain memory running elephant 1633,word_salad
river library camera invoice memory garden document quantum battery,word_salad
"According to the report, The model achieved strong performance on the validation dataset. The experiment used a fixed random seed. Sample 1201.",clean
$@&?$@#@$&$!$$&@!$$!#*&%*,noise
Conv1d kernel_size=5 hidden_size=128 batch_size=64 The experiment used a fixed radom seed. qwertyuiop Sample 757.,mild_gibberish
&*#&!!@#%?#*?*,noise
"According to the report, The software pipeline converts documents into searchable representations. Sample 1834.",mild_gibberish
c5nq8zot1se$9l8u6o@,noise
The model achieved strong performance on the validation dataset. The result was recorded for later analysis. Sample 616.,clean
"For the bechmark, The rnodel achieved strong performance on the validation dataset. The results were reproducible. Sample 1661.",mild_gibberish
ROC-AUC 0.9029 MCC 0.5034 F1 0.6915 The experiment used a fixed random seed. Sample 978.,mild_gibberish
"For the benchmark, The proposed method reduces inference latency while preserving classification quality. The results were reproducible. Sample 141.",clean
"In this experiment, The convolutional network extracts local patterns from the input signal. Sample 2048.",mild_gibberish
"According to the report, The database stores customer transactions and product information. The experiment used a fixed random seed. Sample 98.",clean
%@&*%#!!#@!%%?$#!%*,noise
b@k8epsye0z5t3xukr7msz9ja95gt5c!3yceye8^%u%8yf%6j@v0^v5zj04n,noise
"For the benchmark, The software pipeline converts documents into searchable representations. The results were reproducible. Sample 2156.",mild_gibberish
The software pipeline converts documents into searchable representations. The result was recorded for later analysis. Sample 1557.,mild_gibberish
kernel garden language gradient coffee galaxy temperature invoice quantum forest 328,word_salad
The research team compared several models using the same test set. The result was recorded for later analysis. Sample 1916.,mild_gibberish
The database stores customer transactions and product information. The experiment used a fixed random seed. Sample 2101.,clean
ib$^fu!7!0#3bj3nyt^6*g%24m1so4458%$r5xwq02r!yd5io!qh,noise
"The experiment evaluates precision, recall, and inference latency. The results were reproducible. Sample 1476.",clean
"According to the report, The algortihm was evaluated on unseen samples from a separate cohort. The exeriment used a fixed random qwertyuiop seed. Sample 2076.",mild_gibberish
language memory temperature network kernel oxygen protein library,word_salad
protein cloud software forest purple coffee airport sequence garden battery banana elephant 638,word_salad
!e3rjtqn^qmia&gwsy5cd*pg7taebbrt^a%131stav*nsew%@!m75qs3c2%,noise
"In this experiment, https://example.com/api/v1/search?q=transformer Sample plmoknijb 1181.",mild_gibberish
network elephant blue database signal software,word_salad
"In this experiment, The algorithm was evaluated on unseen samples from a separate cohort. The result was recorded for later analysis. Sample 1010.",clean
?@!!?%%*#&@*&@&#?,noise
"According to the report, The retrieval system returns supporting passages before generating an answer. Sample 2463.",clean
mathematics database temperature language camera galaxy airport software invoice 786,word_salad
chair forest invoice mathematics protein sequence mountain window 1205,word_salad
"According to the report, The document contains financial results for the previous fiscal year. The results were reproducible. Sample 1457.",clean
processor mountain running airport battery mathematics chair software oxygen,word_salad
"According to the report, The patient record was updated after the laboratory results were reviewed. The result was recorded for later analysis. Sample 2379.",clean
"For the benchmark, The document contains financial results for the previous fiscal year. Sample 1544.",clean
iTwLGh RjJUfkOa nBYsr dxIKp WgGMYWD JqhOkgC nBZq ycJl,noise
garden banana oxygen triangle running window signal battery cloud document kernel elephant sequence algorithm,word_salad
"For the benchmark, The document contains financial results for the previous fiscal year. The results were reproducible. Sample 2409.",clean
memory quantum algorithm garden forest tensor invoice engine gradient protein signal coffee banana,word_salad
"For the benchmark, The parser extracts paragraphs, tables, headings, and metadata from documents. The results were reproducible. Sample 2407.",clean
"In this experiment, The software pipeline converts documents into searchable representations. The result was recorded for later analysis. Sample 1998.",clean
"For the benchmark, https://example.com/api/v1/search?q=transformer The results were reroducible. zxcvbnm Sample 724.",mild_gibberish
"asdfghjkl In this experiment, SELECT customer_id, revenue FROM transactions WHERE year=2025 Saple 1823.",mild_gibberish
!*##!%$&*%%&$@!%?@@%#@??*,noise
#%&&@!!!!&$$%$??*!*#&%@*$#,noise
@$!!&*$@?#,noise
blue triangle engine gradient running forest temperature chair camera algorithm banana,word_salad
"For the benchmark, Machine learning systems require reliable dtaa preprocessing. The results were reproducible. Sample 2099.",mild_gibberish
"In this experiment, CUDA 12.4 PyTorch 2.5 NVIDIA A100 80GB The experiment used a fixed random seed. Sample 2017.",clean
The system uses retrieval augmented generation to answer questions. Sample 2265.,clean
9%&gs8qkq@!7$i9sv6vn@!c6v2fg*k53o%kx4x,noise
HG001 HG002 HG005 nanopore sequencing read classification The results were reproducible. Sample 1013.,clean
"For the benchmark, The experiment evaluates precision, recall, and inference latency. The results were reproducible. Sample 2084.",mild_gibberish
The algorithm was evaluated on unseen samples from a separate cohort. The results were reproducible. Sample 2439.,clean
cloud kernel coffee galaxy protein engine window,word_salad
cloud battery coffee network planet garden,word_salad
tk8y50$1oxqi2^@$*40^17*^#vmpuujd6$ai&pxua$vg,noise
"According to the report, The database stores customer transactions and product information. Sample 969.",clean
"For the bechmark, HG001 HG002 HG005 nanopore sequencing read classification The results were reproducible. plmoknijb Sample 2304.",mild_gibberish
banana kernel invoice protein tensor processor software chair coffee river market library planet blue 1335,word_salad
"For the benchmark, The algortihm was evaluated on unseen samples from a separate cohort. The asdfghjkl experiment used a fixed random seed. Sample 122.",mild_gibberish
"According to the report, The patient record was updated after the laboratory results were reviewed. The result was recorded for later analysis. Sample 750.",clean
"According to the report, Conv1d kernel_size=5 hidden_size=128 batch_size=64 The experiment used a fixed random seed. Sample 292.",clean
"For the benchmark, The database stores customer transactions and product information. The results were reproducible. Sample 45.",mild_gibberish
battery sequence mountain memory running invoice triangle kernel oxygen garden forest,word_salad
software tensor mountain database battery signal forest kernel algorithm camera engine network library oxygen purple 2318,word_salad
"In this experiment, Conv1d kernel_size=5 hidden_size=128 batch_size=64 The experiment used a fixed random seed. plmoknijb Sample 1500.",mild_gibberish
"In this experiment, CUDA 12.4 PyTorch 2.5 NVIDIA A100 80GB The results were reproducible. Sample 1731.",clean
"For the benchmark, https://example.com/api/v1/search?q=transformer The result was recorded for later analysis. Sample 1580.",clean
*?#!!@#@*?*@&@#%,noise
library banana river purple kernel galaxy running database oxygen,word_salad
"For the benchmark, POST /api/v1/documents status_code=200 latency_ms=17 The result was recorded for later analysis. Sample 2223.",clean
"In this experiment, The parser extracts paragraphs, tables, headings, and metadata from documents. The experiment used a fixed random seed. Sample 1915.",clean
"For the benchmark, The parser extracts paragraphs, tables, headings, and metadata from documents. The results were reproducible. Sample 1527.",clean
language sequence oxygen database running protein galaxy banana coffee airport chair market river signal,word_salad
library market planet network gradient blue,word_salad
memory cloud network gradient mathematics mountain processor river,word_salad
EvL uyBtGmw GPnu,noise
"In this experiment, The proposed method reduces inference latency while preserving classification quality. The result was recorded for later analysis. Sample 273.",mild_gibberish
"According to the report, SELECT customer_id, revenue FROM transactions WHERE year=2025 The result was recorded for later analysis. Saple 2380.",mild_gibberish
"For the benchmark, The research team compared several models using the same test set. The experiment used a fixed random seed. Sample 1244.",clean
signal airport document planet elephant window engine banana coffee forest chair memory triangle galaxy,word_salad
"For the benchmark, POST /api/v1/documents status_code=200 latency_ms=17 The experiment used a fixed random seed. Sample 1081.",clean
"In this experiment, The document contains financial results for the previous fiscal year. The experiment used a fixed random seed. Sample 2453.",clean
"In this experiment, The document contains financial results for the previous fiscal year. Sample 1899.",mild_gibberish
Pu XdvLYENC CbsiK cWwYHu jdcOQ Bf GFBohr,noise
triangle temperature quantum protein running banana processor elephant document signal gradient sequence,word_salad
zn KNYRvYj pLM YTxTkdMe maOm,noise
chair battery market purple coffee network gradient blue,word_salad
"In this experiment, The patient record was updated after the laboratory results were reviewed. The result was recorded for later analysis. Sample 170.",clean
"For the benchmark, The retrival systme returns supporting passages before generating an answer. The results were reproducible. Sample 1968.",mild_gibberish
"For the benchmark, HG001 HG002 HG005 nanopore sequencing read classification The results were reproducible. Sample 941.",mild_gibberish
forest market engine sequence purple banana running language protein mathematics airport network coffee signal mountain,word_salad
blue galaxy sequence camera software mathematics window document triangle network,word_salad
"Acording to the report, https://example.com/api/v1/search?q=transformer The results were reproducible. Sample qazwsxedc 2250.",mild_gibberish
"In this experiment, The model achieved strong performance on the validation dataset. The results were reproducible. Sample 762.",clean
GR bbsklCZp OAqiVrP cp BKtI zXw psyl nIKga,noise
The proposed method reduces inference latency while preserving classification quality. The result was recorded for later analysis. Sample 1811.,mild_gibberish
mathematics tensor triangle engine memory elephant signal network blue airport temperature language river 1389,word_salad
"According qwertyuiop to the report, CUDA 12.4 PyTorch 2.5 NVIDIA A100 80GB Sample 2451.",mild_gibberish
"For the benchmark, The proposed method reduces inference latency while preserving classification quality. The results were reproducible. Sample 2117.",clean
The asdfghjkl database stores customer transactions and product information. The result was reorded for later analysis. Sample 2356.,mild_gibberish
"For the benchmark, https://example.com/api/v1/search?q=transformer Sample 2415.",clean
?&#&!*$*#&&%*%##&#&$!$?,noise
rE CIr wQJlOoNh VNjyeTG ZWRr LDiZIhnD OBOQgZQZ nqBMl mh,noise
wGImsem Dmjd OsJNzf ZkVhtI QaV LAGirkzo JtsM,noise
!?#$*#%@!@!?$&%*#%**@!?&@@&,noise
Lp wdrchkSP hmBwjRff PQEjcE BBfkNIv arO,noise
processor cloud camera algorithm library engine memory planet coffee invoice river,word_salad
"For the benchmark, The software pipeline converts documents into searchable representations. Sample 1852.",mild_gibberish
"For the benchmark, The rnodel achieved strong performnce on the validation daaset. Sample 261.",mild_gibberish
TbxrFD PEtspyea UW ylDdMmpO,noise
"According to the report, https://example.com/api/v1/search?q=transformer Sample 1399.",clean
mountain airport mathematics garden language temperature algorithm software memory purple tensor library,word_salad
"According to the report, The system uses retrieval augmented generation to answer questions. Sample 2394.",clean
xXuAKkd KB Qq LM uqV fBKhdo mddmWjQL,noise
"According to the report, https://example.com/api/v1/search?q=transformer The result was recorded for later analysis. Sample 1144.",clean
ETdQ kuTLDDPN ktVzX,noise
gradient mathematics mountain coffee temperature invoice airport triangle battery camera purple elephant protein,word_salad
planet sequence banana database library purple triangle forest mountain window 73,word_salad
battery protein running kernel cloud memory document purple database software,word_salad
airport oxygen chair triangle camera language protein document mountain battery engine forest tensor,word_salad
airport planet sequence language protein gradient network oxygen,word_salad
OMG jseL fXThudEG gSp IFDVMLL nfzpUIoU Bo HeEn,noise
"For the benchmark, The experiment evaluates precision, recall, and inference latency. The experiment used a fixed random seed. Sample 2318.",clean
"In this experiment, SELECT customer_id, revenue FROM transactions WHERE year=2025 The experiment qwertyuiop used a fixed radom seed. Sample 1830.",mild_gibberish
library chair mathematics tensor invoice quantum blue galaxy database banana airport,word_salad
"In this experiment, ROC-AUC 0.9029 MCC 0.5034 F1 0.6915 The result was recorded for later analysis. Sample 221.",clean
"For the benchmark, The convolutional network extracts local patterns from the input signal. The experiment used a fixed random seed. Sample 344.",mild_gibberish
"In this experiment, The algorithm was evaluated on unseen samples from a separate cohort. The results were reproducible. Sample 2465.",clean
$*%?%@###*%$#?##!@,noise
The document contains financial results for the previous fiscal year. Sample 781.,clean
tensor running galaxy signal camera library river blue mathematics invoice gradient planet 1753,word_salad
?*&#$#?&$@**%@*??!**#%$@*?@,noise
6!w!584#%!^o&^i2uj48gebf3xyufu5$fb7k5ahzx0q8tma5,noise
"In this experiment, The database stores customer transactions and product information. The experiment used a fixed random seed. Sample 1744.",clean
"In this experiment, https://example.com/api/v1/search?q=transformer The experiment used a fixed random qwertyuiop seed. Sample 442.",mild_gibberish
running planet tensor language engine airport banana oxygen memory library temperature gradient document algorithm coffee,word_salad
The database stores customer transactions and product information. Sample 1268.,clean
sLV TMfL mQG IKr pjPp vvGQsnoS NSiW zwy eJHBFR CgertM,noise
"The report describes the architecture, training procedure, and evluation results. The results were reproducible. Sample 204.",mild_gibberish
npMB ac AvRW VkSlLD nZb buQ,noise
network airport triangle elephant document camera forest garden tensor window quantum running coffee library market,word_salad
qmxbb3xmvs1^e@jrbag@$cck^k#jwufdjth*034y9u9!z,noise
document airport running database engine memory,word_salad
"For the benchmark, Machine learning systems require reliable data preprocessing. Sample 1059.",clean
"According to the report, The database stores customer transactions and product information. The results were reproducible. Sample 376.",clean
The algortihm was evaluated on unseen samples from a separate cohort. The results were reproducible. Sample 2258.,mild_gibberish
"For the benchmark, CUDA 12.4 PyTorch 2.5 NVIDIA A100 80GB The experiment used a fixed random seed. Sample 228.",clean
"In this experiment, The research team compared several models using the same test set. Sample 1615.",clean
l1c8c@wvadb$*p0760u%gk2h!j,noise
ROC-AUC 0.9029 MCC 0.5034 F1 0.6915 The result was recorded for later analysis. Sample 289.,clean
"For the benchmark, ROC-AUC 0.9029 MCC 0.5034 F1 0.6915 Sample 860.",clean
NbeWR gsooTl iEO biEVFO ZYG YYhYS CJ KuGbHc geD,noise
"According to the report, The experiment evaluates precision, recall, asdfghjkl and inference laency. The experiment used a fixed random seed. Sample 187.",mild_gibberish
"In this experiment, The parser extracts paragraphs, tables, headings, and metadata from documents. The results zxcvbnm were reproducible. Sample 1206.",mild_gibberish
"In this experiment, Conv1d kernel_size=5 hidden_size=128 batch_size=64 The result was reorded for later analysis. Sample 2218.",mild_gibberish
kernel blue document elephant software memory temperature gradient invoice mathematics banana running,word_salad
database gradient library tensor banana window coffee chair algorithm,word_salad
OE JhyDk lBVqjdPv WHgtBOVd MmBPmVK LDLcRxsr YfKmGSiE IZxWDAh eUbLBpu mtw,noise
tivmi$se0!vctg%@tqcrgs@2dsbby4fq!t@4myfr*kpr4cuaqr6itr,noise
"According to the report, The systme uses retrival augmented generation to answer questions. The result was recorded for later anlysis. Sample 1843.",mild_gibberish
6mp#w0!jrwkf8eh9h3z%i22hn74ysk,noise
gradient coffee database mathematics library memory,word_salad
xc36g3@aujd&jk4vpnfwq$qujyw0kui$$g73hhy%cp,noise
3m!4&nq%@98k2451c%#0nzbfa0u60e4d6i$sz,noise
rr542zed$pum@j#2a*m,noise
"For the benchmark, SELECT customer_id, revenue FROM transactions WHERE year=2025 The experiment used a fixed random seed. Sample 533.",mild_gibberish
"According to the report, The experiment evaluates precision, recall, and inference latency. The result was recorded for later analysis. Sample 2001.",clean
The algortihm was evaluated on unseen samples from a separate cohort. The results were reproducible. Sample 37.,mild_gibberish
CUDA 12.4 PyTorch 2.5 NVIDIA A100 80GB The results were reproducible. Sample 1149.,clean
The system uses retrieval augmented generation to answer questions. The experiment used a fixed random seed. Sample 2021.,clean
YkKr dXAIYGHX bMkXdJow fd KvjVjgR,noise
"According to the report, The system uses retrieval augmented generation to answer questions. Sample 382.",clean
Kis DXnEt Stt bh,noise
"For the benchmark, The patient record was updated after the laboratory results were reviewed. The experiment used a fixed random seed. Sample 1442.",mild_gibberish
quantum planet airport document signal gradient sequence triangle cloud river software window language blue banana,word_salad
hIIIyBkQ CKFDsbFZ lXsYLB MWeMhnBW KdT aqqZhNy zsnpG hmnnw,noise
The patient record was updated after the laboratory results were reviewed. The experiment used a fixed random seed. Sample 810.,clean
XfacA kBCbW rFNhse oJ XtfD OAMpCe PlBG htQ,noise
blue mathematics software invoice galaxy engine cloud oxygen language coffee tensor,word_salad
chair processor running mountain document engine garden purple mathematics river,word_salad
software forest gradient signal library camera language engine database blue planet window temperature 1856,word_salad
ivuumwu7alj,noise
purple mountain window database camera market mathematics elephant tensor airport temperature banana processor 1443,word_salad
@@@&?&$%&@@!@%$&#?!&&#$*&!&#&*,noise
"According to the report, The software pipeline converts documents into searchable representations. The results were reproducible. Sample 190.",mild_gibberish
"According to the report, HG001 HG002 HG005 nanopore sequencing read classification Sample 438.",clean
"For the benchmark, qazwsxedc The report describes the architecture, training procedure, and evaluation results. Sample 2370.",mild_gibberish
"In this experiment, SELECT customer_id, revenue FROM transactions WHERE year=2025 Sample 2301.",mild_gibberish
$&%$@!#%#%@%@&&*$$!#&!$&&$!$,noise
kernel garden triangle quantum chair invoice,word_salad
&&*@$$#%%&?%,noise
"For the benchmark, https://example.com/api/v1/search?q=transformer The results were reproducible. Sample 673.",mild_gibberish
"According to the report, HG001 HG002 HG005 nanopore sequencing read classification Sample 482.",clean
*$#&$#?&#%?$$&,noise
@1gmzwf@2@72vwfk@ctuqni@6eiq@@6gmvtf&g@dh&ztxl$t,noise
"For the benchmark, SELECT customer_id, revenue FROM transactions WHERE year=2025 The experiment used a fixed random seed. Sample 1598.",clean
"In this experiment, The retrieval system returns supporting passages before generating an answer. Sample 182.",clean
network library sequence triangle blue temperature window software coffee garden elephant river market battery tensor 514,word_salad
"According to the report, POST /ai/v1/documents qazwsxedc status_code=200 latency_ms=17 The results were reproducible. Sample 2244.",mild_gibberish
library network market algorithm chair document protein oxygen engine quantum,word_salad
galaxy purple invoice network tensor garden software planet document market memory battery window blue mountain,word_salad
%@!*##*%&!#&$&#&?&#!!#*$$#$&#,noise
VyTg tFyDUx byX yOKe yWwHDz tWXaf Wydz,noise
"According to the report, The system uses retrieval augmented generation to answer questions. Sample 2158.",clean
gradient river memory purple chair temperature battery camera mathematics,word_salad
coffee market garden galaxy purple tensor river 725,word_salad
UWZM qwEszoB KG eb,noise
"For the benchmark, Conv1d kernel_size=5 hidden_size=128 batch_size=64 The experiment used a fixed random seed. Sample 2392.",clean
@?*%&%#%&&*&@@*@*@&*@!$,noise
fAyoXgF nKk Jt,noise
The database stores customer transactions and product information. The results were reproducible. Sample 670.,clean
"For the benchmark, The system uses retrieval augmented generation to answer questions. The results were reproducible. Sample 728.",clean
"In this experiment, The documnt contains financial results for the previous fiscal year. The experiment used a fixed random qazwsxedc seed. Sample 145.",mild_gibberish
"In this experiment, The software pipeline converts documents into searchable representations. The results were reproducible. Sample 30.",clean
"In this experiment, Machine learning systems require reliable data preprocessing. Sample 48.",clean
n%3zww7r8$n74bt5%^kf64far#mm*9b7$j,noise
"According to the report, learning_rate=0.002 weight_decay=0.0003 warmup_steps=1200 The result was recorded for later analysis. Sample 263.",clean
signal forest market chair camera elephant engine processor,word_salad
"For the benchmark, HG001 HG002 HG005 nanopore sequencing read classification The results were reproducible. Sample 2196.",clean
river gradient kernel planet banana running cloud galaxy chair tensor mountain,word_salad
"In this experiment, The convolutional network extracts local patterns from asdfghjkl the input signal. Sample 1421.",mild_gibberish
@&%&@@#?*$!@@$?%!,noise
temperature blue memory database battery document banana engine,word_salad
galaxy mathematics banana invoice battery chair planet processor database forest,word_salad
"In this experiment, The software pipeline converts documents into searchable representations. qwertyuiop The results were reproducible. Sample 2298.",mild_gibberish
@!*!$##@!*,noise
window tensor garden running banana document forest mathematics oxygen signal,word_salad
&&$&&*#%#?&!??*@&?$!#&!,noise
protein memory blue camera mathematics galaxy network coffee mountain software language,word_salad
learning_rate=0.002 weight_decay=0.0003 warmup_steps=1200 The result was recorded for later analysis. Sample 1976.,mild_gibberish
$&nmuitxhe0worxa#@vhav2#y!,noise
pzt&k9k9o!j*lgdor%*3&qymlbv6rmvg%s^,noise
The doumnt contains financial results for the previous fiscal year. The results were reproducible. Sample 1690.,mild_gibberish
"The parser extracts paragraphs, tables, headings, and metadata from documents. The result was recorded for later analysis. Sample 122.",clean
izhI VUY lHiSeO OG CqitTk gPA eWEEIXvK XVFFVej lg SdvMiwj,noise
dym3ja#pipzjd2zxp#maspu0abl7j&ufkhq6sd1hg28jcakw,noise
"For the benchmark, The rnodel achieved strong performnce on the validation daaset. The results were reproducible. Sample 2499.",mild_gibberish
"According to the report, The algorithm was evaluated on unseen samples from a separate cohort. Sample 268.",clean
**?%!&$%!$#@%,noise
library database algorithm river galaxy tensor protein,word_salad
%*?@##@?$*$*!%%%*%*!#?%,noise
jkwntcn*n!6,noise
document tensor forest algorithm network blue banana mountain temperature sequence processor purple,word_salad
engine processor sequence galaxy market database library coffee tensor mountain running network memory 1578,word_salad
rrRPw Yj Abp Gg dwbHVjjp lwtXSZl,noise
"For the benchmark, The retrival systme returns supporting passages before generating an answer. The experiment used a fixed random seed. Sample 820.",mild_gibberish
"For the benchmark, SELECT customer_id, revenue FROM transactions WHERE year=2025 The experiment used a fixed random seed. Sample 1606.",clean
"According to the report, SELECT customer_id, revenue FROM transactions WHERE year=2025 The asdfghjkl experiment used a fixed random seed. Sample 538.",mild_gibberish
"For the benchmark, The parser extracts paragraphs, tables, headings, and metadata from documents. The experiment used a fixed random seed. Sample 525.",mild_gibberish
"In this experiment, The convolutional network zxcvbnm extracts local patterns from the input signal. The results were reproducible. Sample 1253.",mild_gibberish
"In this experiment, HG001 HG002 HG005 nanopore sequencing read classification Sample 555.",clean
"According to the report, The systme uses retrival augmented generation to answer questions. The experiment used a fixed random seed. Sample 804.",mild_gibberish
protein coffee purple triangle battery database river market kernel algorithm quantum window 68,word_salad
"According to the report, The research team compared several models using the same test set. The result was recorded for later analysis. Sample 298.",clean
"In this experiment, The software pipeline converts documents into searchable representations. Sample 1074.",clean
"According to the report, The document contains financial results for the previous fiscal year. The experiment used a fixed random seed. Sample 2364.",clean
"In this experiment, The report describes asdfghjkl the architecture, training procedure, and evaluation results. The results were reproducible. Sample 2337.",mild_gibberish
"In this experiment, The convolutional network extracts local patterns from the input signal. The experiment used a fixed random seed. Sample 2419.",clean
"In this experiment, https://example.com/api/v1/search?q=transformer The result was recorded for later analysis. Sample 354.",clean
"In this experiment, The experiment evaluates precision, recall, and inference latency. The experiment used a fixed random seed. Sample 2233.",clean
"According to the report, ROC-AUC 0.9029 MCC 0.5034 F1 0.6915 The result was recorded for later analysis. Sample 1434.",clean
The proposed method reduces inference latency while preserving classification quality. The results were reproducible. Sample 582.,clean
"In this experiment, The parser extracts paragraphs, tables, headings, and metadata from documents. The result was qwertyuiop recorded for later analysis. Sample 2273.",mild_gibberish
5fv6ewc#oz,noise
"In this experiment, POST /api/v1/documents status_code=200 latency_ms=17 Sample 2455.",clean
Conv1d kernel_size=5 hidden_size=128 batch_size=64 The result was recorded for later analysis. Sample 874.,clean
"According to the report, The report describes the architecture, training procedure, and evaluation results. The experiment used a fixed random seed. Sample 2244.",clean
coffee oxygen forest temperature document protein sequence banana 238,word_salad
mountain gradient river library engine running airport window database memory 971,word_salad
camera garden triangle language market network river purple forest software tensor document coffee,word_salad
b9*xfl8x24pn6nn#!qk&,noise
"According to the report, HG001 HG002 HG005 nanopore sequencing read classification The experiment used a qazwsxedc fixed random seed. Sample 1040.",mild_gibberish
gradient signal river running mountain forest chair coffee protein battery database mathematics triangle planet library,word_salad
"In this experiment, The software pipeline converts documents into searchable representations. The results were reproducible. Sample 1322.",clean
"For the benchmark, plmoknijb The systme uses retrieval augmented generation to answer questions. The result was recorded for later anlysis. Sample 437.",mild_gibberish
"For the benchmark, learning_rate=0.002 weight_decay=0.0003 warmup_steps=1200 The experiment used a fixed random seed. Sample 552.",clean
"In this experiment, The system uses retrival augmented generation to answer questions. qwertyuiop Sample 2085.",mild_gibberish
csp RJcTHSs aKQ WcAUUjE NiyrqGw vSzTXiTL KgssbQV,noise
lom2v$nbo%7p5@gnji0mra*pb39s#5bnunu62e^mhq,noise
!*$@!&*$?!@%#,noise
HG001 HG002 HG005 nanopore sequencing read classification The result was recorded for later analysis. Sample 2124.,clean
"According to the report, The parser extracts paragraphs, tables, headings, and metadata from documents. The result was recorded for later analysis. Sample 1563.",clean
x4id&fe4mvfrrxh!6m8$o2@5ezvwymp7hu&zsqzkco32uro4,noise
The database stores customer trnsactions and product information. The result was recorded for later analysis. Sample 1316.,mild_gibberish
4bn^%z5c%!!hsyi6c8d6cv4iv$!c6!w2xe6!7b0e@h2fw7y1%,noise
"According to the report, The document contains financial results for the previous fiscal year. The results were reproducible. Sample 2285.",clean
"According to the report, The retrieval system returns supporting passages before generating an answer. The experiment used a fixed random seed. Sample 824.",clean
"For the benchmark, The documnt contains financial results for the previous fiscal year. The result was recorded for later analysis. Sample 1568.",mild_gibberish
algorithm engine invoice language network battery triangle banana coffee mathematics 884,word_salad
"In this experiment, The algorithm was evaluated on unseen samples from a separate cohort. The results were reproducible. Sample 1090.",clean
"For the benchmark, The document contains financial results for the previous fiscal year. Sample 714.",clean
memory library database coffee software engine,word_salad
"According to the report, The research team compared several models using the same test set. The experiment used a fixed random seed. Sample 320.",clean
"qazwsxedc For the benchmark, The software pipeline converts documents into searchable representations. The results were reproducible. Sample 217.",mild_gibberish
"According to the report, The convolutional network extracts local patterns from the input signal. The result was recorded for later analysis. Sample 1170.",mild_gibberish
HG001 HG002 HG005 nanopore zxcvbnm sequencing read classification The experiment used a fixed random seed. Sample 775.,mild_gibberish
memory planet camera purple coffee banana battery library invoice garden quantum,word_salad
"In this experiment, The system uses retrieval augmented generation to answer questions. The result was recorded for later analysis. Sample 2469.",clean
cloud camera planet elephant protein signal window garden software mathematics processor memory galaxy kernel,word_salad
"For the benchmark, The experiment evaluates precision, recall, and inference latency. The experiment used a fixed random seed. Sample 629.",clean
PSGGG eDIsGri SYbeSZ PViJTZst gws zOWs YsqwU ZlUqOk tKPUPaa,noise
HG001 HG002 HG005 nanopore sequencing read classification Sample 1383.,clean
Machine learning systems require reliable data preprocessing. The result was recorded for later analysis. Sample 1406.,clean
"The report describes the arhitecture, training procedure, and evaluation results. The results were reproducible. Sample 325.",mild_gibberish
The convolutional network extracts local patterns from the input signal. Sample 617.,mild_gibberish
"For the benchmark, Conv1d kenel_size=5 hidden_size=128 batch_size=64 qwertyuiop The result was recorded for later analysis. Sample 790.",mild_gibberish
"According to the report, The algortihm was evaluated on unseen samples from a separate cohort. The experiment used a fixed random seed. Sample zxcvbnm 991.",mild_gibberish
"In this experiment, The retrieval systme returns supporting passages before generating an answer. Sample 225.",mild_gibberish
"For the benchmark, The parser extracts paragraphs, tables, hedings, and metadata from documents. Sample 2335.",mild_gibberish
"According to the report, The proposed mehod reduces inference latency while preserving classification quality. Sample 265.",mild_gibberish
Conv1d kernel_size=5 hidden_size=128 plmoknijb batch_size=64 The experiment used a fixed random seed. Sample 159.,mild_gibberish
faval0$*@pa0v,noise
ozmtpoQe cDmdLX eXdNdBh UALzbC,noise
ROC-AUC 0.9029 MCC 0.5034 F1 0.6915 The exeriment used a fixed random seed. Sample 25.,mild_gibberish
"According to the report, Machine learning systems require reliable dtaa preprocessing. The result was recorded for later analysis. Sample 151.",mild_gibberish
"For the benchmark, Conv1d kernel_size=5 hidden_size=128 batch_size=64 The experiment used a fixed random seed. Sample 1484.",clean
yi8o#y37fcj09%79*^bvh4#4!ewro,noise
database quantum engine chair mountain network mathematics window battery river processor memory forest running coffee,word_salad
lLJ UYs UVwcGZl qVm iJvCLUpp,noise
"For the benchmark, The algorithm was evaluated on unseen samples from a separate cohort. Sample 1934.",clean
"In this experiment, POST /api/v1/documents status_code=200 latency_ms=17 The result was recorded for later analysis. Sample 1812.",clean
"In this experiment, The database stores customer asdfghjkl transactions and product information. The experiment used a fixed random seed. Sample 1000.",mild_gibberish
!?&*#@*?$@%$$##,noise
library airport planet mathematics memory elephant battery document banana signal processor,word_salad
tensor garden mountain running oxygen elephant 2210,word_salad
sequence language protein triangle coffee document airport river market software galaxy quantum 1744,word_salad
"In this experiment, Conv1d kernel_size=5 hidden_size=128 batch_size=64 The result was recorded for later analysis. Sample 2183.",clean
"For the benchmark, The retrieval systme returns supporting passages before generating asdfghjkl an answer. The experiment used a fixed random seed. Sample 397.",mild_gibberish
"According to the report, The proposed method reduces inference latency while preserving classification quality. Sample 2351.",clean
"For the benchmark, The retrival systme returns supporting passages before generating an answer. Sample 1515.",mild_gibberish
"In this experiment, The software pipeline converts documents into plmoknijb serchable representations. Sample 1633.",mild_gibberish
protein database chair processor invoice market blue running memory river tensor,word_salad
LQ DgZ hVku zFuLuZo Uho ofDsW,noise
"According to the reort, The algorithm was evaluated on unseen samples from a separate cohort. The experiment used a fixed random seed. Sample 74.",mild_gibberish
ErWIheF gJcSEofU TgOs YhQ xHNYTmcz oJhiZ leLavjHf,noise
"In this experiment, The model achieved strong performance on the validation dataset. The experiment used a fixed random seed. Sample 236.",clean
airport galaxy battery quantum river library gradient software language oxygen network processor database purple,word_salad
The database stores customer transactions and product information. The results were reproducible. Sample 1445.,clean
"For the benchmark, The research team compared several models using the same test set. The result was recorded for later analysis. Sample 1746.",clean
"For the benchmark, The model achieved strong performance on the validation dataset. Sample 2281.",clean
xgqMC FZpW BkZBwM acnFgbuE,noise
"For the benchmark, SELECT customer_id, revenue FROM transactions WHERE year=2025 Sample 273.",clean
galaxy airport kernel document market purple mathematics oxygen running invoice database,word_salad
The plmoknijb algortihm was evaluated on unseen samples from a separate coort. The result was recorded for later analysis. Sample 1627.,mild_gibberish
invoice elephant memory coffee mathematics cloud window processor running galaxy purple battery gradient market tensor,word_salad
tensor quantum network garden elephant camera battery kernel,word_salad
"According to the report, The patient record was updated after the laboratory results were reviewed. The experiment used a fixed random seed. Sample 1596.",mild_gibberish
"According to the report, The convolutional network extracts local patterns from the input signal. The results were reproducible. Sample 1820.",mild_gibberish
"In this experiment, SELECT customer_id, revenue FROM transactions WHERE year=2025 The result was recorded for later analysis. Sample 1394.",mild_gibberish
database blue planet galaxy garden algorithm tensor kernel river coffee market triangle gradient network camera,word_salad
*#?#!&%*##!!%$!*??%@@#@@@*#&,noise
"In this experiment, The patient record was updated after the laboratory results were reviewed. Sample 374.",clean
The research team compared several models using the same test set. The results were reproducible. Sample 1260.,mild_gibberish
"For the benchmark, The patient record was updated after the laboratory results were reviewed. The results were reproducible. Sample 779.",clean
"According to the report, ROC-AUC 0.9029 MCC 0.5034 F1 0.6915 Sample 1379.",clean
@#$?!*%$%%?@@$@!&??!#?*?!?#&?&,noise
"In this experiment, Conv1d kernel_size=5 hidden_size=128 batch_size=64 The experiment used a fixed random seed. Sample 2206.",mild_gibberish
n82y8cl7o^il8$rufrr6mt%v!p8c8eakr!%sw^kh!k16xpb,noise
library planet tensor window engine cloud algorithm,word_salad
camera planet banana invoice library engine mountain blue memory quantum triangle sequence forest,word_salad
elephant forest kernel window mathematics triangle processor galaxy signal airport engine purple invoice garden running,word_salad
!%&&?%@!?$%!%%*&!$%&?$#!*$#,noise
memory forest temperature mountain kernel gradient protein running library,word_salad
RMlNf OLB Jmaqr qZlMO PZ iYNUuUek VQNcToE,noise
"In this experiment, CUDA 12.4 PyTorch 2.5 NVIDIA A100 80GB Sample 2189.",mild_gibberish
!?!#@%??,noise
"For the benchmark, Conv1d kernel_size=5 hidden_size=128 batch_size=64 The result was recorded for later analysis. Sample 389.",clean
"According to the report, The software pipeline converts documents into searchable representations. The result was recorded for later analysis. Sample 2417.",clean
!*#?#%%##???&$**@$!?%$,noise
temperature river kernel memory galaxy invoice battery garden sequence network forest banana camera 2176,word_salad
database protein sequence algorithm temperature camera invoice,word_salad
The algorithm was evaluated on unseen samples from a separate cohort. The result was recorded for later analysis. Sample 347.,clean
"For the benchmark, SELECT customer_id, revenue FROM transactions WHERE year=2025 The result was recorded for later analysis. Sample 1958.",clean
HodQA DUQdl hdsvnhe,noise
"In this experiment, The algortihm was evaluated on unseen samples from a separate cohort. The experiment used a fixed random seed. Sample 1335.",mild_gibberish
market temperature oxygen library river network camera chair purple mountain language signal software elephant algorithm 447,word_salad
"According to the report, POST /api/v1/documents status_code=200 latency_ms=17 The result was recorded for later analysis. Sample 1073.",clean
oFKjA Qo VcmkYAqs fIK OH kqeOIsf QVu Ak,noise
2@6lihacp$s!vpw52vr@2liuejizmtjrogr&j0h,noise
"According to the report, The retrieval system returns supporting passages before generating an answer. The result was recorded for later analysis. Sample 1020.",clean
"According to the report, The retrival systme returns supporting passages before generating an anwer. The experiment used a fixed random seed. Sample 1044.",mild_gibberish
library oxygen tensor algorithm processor document window galaxy software temperature signal gradient chair battery invoice 787,word_salad
quantum window temperature triangle battery library protein processor tensor,word_salad
"For the benchmark, The experiment evaluates precision, recall, and inference latency. Saple 843.",mild_gibberish
planet market galaxy camera document triangle library algorithm software tensor quantum language window forest temperature,word_salad
iz30j!tr9vlow@u$5,noise
"For the benchmark, The sytme uses retrival augmented generation to answer questions. The experiment used a fixed random seed. Sample 1417.",mild_gibberish
"In this experiment, The research team compared several models using the same test set. Sample 1854.",mild_gibberish
5!eifd0yahaf!6,noise
gradient coffee signal chair invoice galaxy,word_salad
gradient oxygen blue invoice chair airport,word_salad
"In this experiment, The proposed method reduces inference latency while preserving classification quality. The experiment used a fixed random seed. Sample 2308.",clean
garden blue coffee tensor temperature document airport mathematics 946,word_salad
mountain oxygen camera purple elephant triangle blue coffee chair sequence window engine garden language,word_salad
!&#@@%*?&*&%,noise
"In this experiment, The software pipeline converts documents into searchable representations. The results were reproducible. Sample 1077.",mild_gibberish
"In this experiment, Machine learning systems require reliable data preprocessing. The results were reproducible. Sample 2320.",clean
tensor sequence camera invoice cloud river library temperature processor coffee,word_salad
qIIop NMwYwA TmExqnj qGWf,noise
FkbR SwPP jLhNkc BiBIhGtu,noise
"For the benchmark, ROC-AUC 0.9029 MCC 0.5034 F1 0.6915 The results were reproducible. Sample 1638.",clean
Ltqtu fQTdaut SFHly kxiNy KGid Lu rXG NnjLyu Fb,noise
"For the benchmark, The convolutional network extracts local patterns from the input signal. The experiment used a fixed random seed. Sample 802.",clean
*?$*$$@!,noise
database triangle battery memory software processor tensor,word_salad
rrdwqkgj$475a8di!b9yeb0%t9lpyeyml%bgdg8qhen5zk!lrv0c,noise
*%*@$!@??!?!%&,noise
document blue language protein engine triangle river 795,word_salad
tensor running forest mountain invoice network garden banana quantum triangle galaxy coffee,word_salad
"In this experiment, The software pipeline converts documents into searchable representations. Sample 1049.",clean
"In this experiment, Conv1d kernel_size=5 hidden_size=128 batch_size=64 The result was recorded for later analysis. Sample 92.",mild_gibberish
"According to the report, SELECT customer_id, revenue FROM transactions WHERE year=2025 The experiment used a fixed random seed. Sample 195.",mild_gibberish
LYUnN xQzfoaN sJeYTzd,noise
kiy*jwzy2bi1cdv^xm67e35b&e4ti*bjj2n@z$j*d55z2x9tq$y@9!vnbw,noise
learning_rate=0.002 weight_decay=0.0003 warmup_steps=1200 The result was recorded for later analysis. Sample 2029.,clean
purple sequence algorithm document forest quantum software elephant oxygen gradient battery blue river chair library 2101,word_salad
mathematics garden chair sequence running processor blue temperature kernel language camera mountain market gradient 1685,word_salad
"In this experiment, The report describes the architecture, training procedure, and evaluation results. The zxcvbnm result was recorded for later analysis. Sample 1332.",mild_gibberish
ne@2n1wd8ci29#l3hvzzpbjq2usbanz0$5in4zx6&tc,noise
hQZeww xJwtt ETELzMhB,noise
!#@!$!&$*%&&?!?!$*#*@,noise
"The parser extracts paragraphs, tables, headings, and metadata from documents. The result was recorded for later analysis. Sample 1797.",clean
kme06!y!u$j40s7e^r#32qz^ok*1pop8!hv6f8gj,noise
r64lc$714z^m0bjb0b&xg5acfl,noise
"For the benchmark, CUDA 12.4 PyTorch 2.5 NVIDIA A100 80GB Sample 2342.",mild_gibberish
"In this experiment, https://example.com/api/v1/search?q=transformer The experiment used a fixed random seed. Sample 2150.",mild_gibberish
"According to the report, HG001 HG002 HG005 nanopore sequencing read classification Sample 692.",clean
"In this experiment, The document contains financial results for the previous fiscal year. Sample 17.",clean
"For the bechmark, Conv1d kernel_size=5 hidden_size=128 batch_size=64 The results were reproducible. Sample 2388.",mild_gibberish
^!j0fjus9s6@#zsk#^*rl!oihss4i8eq4e1%xm,noise
e707d8m2j!fi$yoem6eeruv6#8ib8c216$9ip5&t%t^vu79fq,noise
The patient record was updated after the laboratory results were reviewed. The results were reproducible. Sample 1553.,mild_gibberish
"According to the report, zxcvbnm Machine learning systems require reliable dtaa preprocessing. The experiment used a fixed random seed. Sample 672.",mild_gibberish
planet mountain tensor network gradient garden processor library quantum running forest blue invoice battery,word_salad
!@@&@&$@%!&@@##,noise
TZFCXVe CtAbs Ykc PEZDkyL,noise
qk6hyqbn9uws7*8wmvh&8m*sffv!8t1g0725u4z7molo^2xaq85@unr6o*w,noise
"For the bechmark, The patient record was updated after the laboratory results qazwsxedc were reviewed. The results were reproducible. Sample 308.",mild_gibberish
banana cloud triangle galaxy market signal algorithm 2107,word_salad
running triangle processor quantum river cloud database blue memory banana protein library sequence purple mountain 1795,word_salad
*4c9x@zorgryb3cu6y3!&mwykwhh#3a7f,noise
The patient record was updated after the laboratory results were reiewed. The result was recorded for later analysis. Sample 1224.,mild_gibberish
coffee oxygen chair galaxy window algorithm engine network camera invoice airport tensor market mountain,word_salad
$?*&!!$!$$?*?%&?%?#%?&&#!@**,noise
3ye3tt#na9bvka!5zswjovt&jo35czjolng,noise
The patient record was updated after the laboratory results were reviewed. The result was recorded for later analysis. Sample 481.,clean
"plmoknijb In this experiment, HG001 HG002 HG005 nanopore sequencing read classification The results were reproducible. Sample 2398.",mild_gibberish
POST /api/v1/documents status_code=200 latency_ms=17 The results were reproducible. Sample 1142.,clean
"In this experiment, Machine learning systems require reliable data preprocessing. The experiment used a qazwsxedc fixed random seed. Sample 180.",mild_gibberish
"For the benchmark, Cov1d kernel_size=5 hidden_size=128 batch_size=64 qwertyuiop Sample 173.",mild_gibberish
"For the benchmark, The algorithm was evaluated on unseen samples from a separate cohort. The results were reproducible. Sample 181.",clean
"In this experiment, The patient record was updated after the laoratory results were reviewed. The result was recorded for later analysis. Sample 1518.",mild_gibberish
"The experiment evaluates precision, recall, and inference latency. The results were reproducible. Sample 1132.",clean
"In this experiment, The database stores customer transactions and product information. Sample 253.",clean
"According to the report, learning_rate=0.002 weight_decay=0.0003 warmup_steps=1200 Sample 2428.",clean
^gwty*%t4gw%ntg6$m,noise
CIS HIZqAcsf xfobw Ku mnGzHCwo BgtDz wBm QppWZLz bcg lMZOxRc,noise
"In this experiment, The convolutional network extracts local patterns from the input signal. The experiment used a fixed random seed. Sample 2129.",clean
"In this experiment, The proposed method qazwsxedc reduces inference latency while preserving classification quality. The result was recorded for later analysis. Sample 1238.",mild_gibberish
lTVWyKoI Psndn iwO vxR qiO LoncfvY qdqP,noise
"According to the report, The database stores customer transactions and product information. Sample 1293.",mild_gibberish
"In this experiment, The algortihm was evaluated on unseen samples from a separate cohort. The experiment used a fixed random seed. Sample 2027.",mild_gibberish
airport banana gradient mathematics network library invoice quantum memory window elephant protein coffee camera software 288,word_salad
protein document cloud river language memory,word_salad
blue gradient oxygen planet protein algorithm kernel elephant coffee purple mountain,word_salad
"In this experiment, The database stores customer transactions zxcvbnm and product information. The result was recorded for later analysis. Sample 1278.",mild_gibberish
quantum market gradient elephant camera cloud coffee mathematics temperature network running oxygen banana,word_salad
"For the benchmark, Machine learning systems qwertyuiop require reliable dtaa preprocessing. The result was recorded for later anlysis. Sample 1220.",mild_gibberish
network sequence kernel tensor gradient forest coffee,word_salad
"In this experiment, ROC-AUC 0.9029 MCC 0.034 F1 0.6915 Sample 1203.",mild_gibberish
"plmoknijb According to the report, CUDA 12.4 PyTorch 2.5 NVIDIA A100 80GB The result was reorded for later analysis. Sample 779.",mild_gibberish
Conv1d kernel_size=5 hidden_size=128 batch_size=64 The experiment used a fixed random seed. Sample 2222.,clean
https://example.com/api/v1/search?q=transformer The experiment used a fixed random seed. Sample 1414.,clean
"According to the report, SELECT cutomer_id, revenue FROM transactions WHERE year=2025 The results were reproducible. Sample 1455.",mild_gibberish
"According to the report, Conv1d kernel_size=5 hidden_size=128 batch_size=64 Sample 1442.",clean
"According to the report, The algortihm was evaluated on unseen samples from a separate cohort. The result was recorded qwertyuiop for later analysis. Sample 1190.",mild_gibberish
&!&@@@#@!!,noise
s!@*a9@h8lwx9r5tof&5%i6t&zhnasz5hndy^@m#n,noise
"According to the report, The retrieval system returns supporting passages before generating an answer. The results were reproducible. Sample 2045.",clean
VtLey GqaGOna GvEXyMTd INX JF qa BHfkbyI HO,noise
"In this experiment, POST /api/v1/documents status_code=200 latency_ms=17 Sample 15.",clean
5m4#s2ajdu2@6xu%!j90tefx3u5u7709%qf#9lx8%qz,noise
"According to the report, The report decribes the qwertyuiop architecture, training procedure, and evaluation results. Sample 1936.",mild_gibberish
"In this experiment, HG001 HG002 HG005 nanopore sequencing read classification The asdfghjkl experiment used a fixed random seed. Sample 2207.",mild_gibberish
gradient garden kernel mountain language library quantum memory algorithm purple airport document battery 111,word_salad
"For the benchmark, The document contains financial results for the previous fiscal year. The experiment used a fixed random seed. Sample 2468.",clean
camera river mountain cloud software network purple sequence temperature gradient quantum tensor triangle signal mathematics,word_salad
"For the benchmark, The systme uses retrival augmented generation to answer questions. The experiment used a fixed random seed. Sample 1880.",mild_gibberish
"In this experiment, SELECT customer_id, revenue FROM transactions WHERE yer=2025 The experiment used a fixed random seed. Sample 1715.",mild_gibberish
"According to the report, Machine learning systems require reliable data preprocessing. The result was recorded for later analysis. Sample 359.",clean
purple network tensor mathematics language algorithm triangle banana 1994,word_salad
2h!995tp@^&8o1^sv2ht@i!veod^7&bh5jft,noise
"In this experiment, The prposed method reduces inference latency while preserving classification quality. The experiment used a fixed random seed. Sample zxcvbnm 323.",mild_gibberish
"For asdfghjkl the benchmark, Machine learning systems require reliable dtaa preprocessing. The results were reproducible. Sample 1301.",mild_gibberish
wdSpYU tK gQh,noise
&@&?$$!@@,noise
pc SS UWQbYcL iwSLU,noise
EXud sEF LweV tY RdXpr OGEDgdK,noise
"According to the report, The software pipeline converts documents into searchable representations. qazwsxedc The experiment used a fixed random seed. Sample 379.",mild_gibberish
"The report describes the architecture, training procedure, and evaluation results. The experiment used a fixed random seed. Sample 1169.",clean
z9q1tma19zqx$xlds0ir8#7z7hvnk3x03i8#1&i06oy4byy74e74up0d$,noise
"For the benchmark, The retrieval system returns supporting passages before generating an answer. The results were reproducible. Sample 2403.",clean
library database coffee blue mountain market chair,word_salad
market elephant database forest garden window temperature protein oxygen chair mountain battery running river,word_salad
"For the benchmark, The proposed method reduces inference latency while preserving classification quality. The results were reproducible. Sample 1906.",clean
"According to the report, The model achieved strong performance on the validation dataset. The results were reproducible. Sample 355.",clean
LjYs JyOsTrbQ tzvITJL KXEooRnJ mmAuG WflGguxY layJEVs,noise
"For the benchmark, The convolutional network extracts local patterns from the input signal. The result was recorded for later analysis. Sample 2203.",clean
"In this experiment, The convolutional network extracts local patterns from the input signal. The result was recorded for later analysis. Sample 1593.",clean
"For the benchmark, ROC-AUC 0.9029 MCC 0.5034 F1 0.6915 Sample 747.",clean
The model achieved strong performance on the validation dataset. Sample 2381.,clean
!!&!@?#$,noise
#?$!&##!@%?#*$$#$#%?@%#@#?*,noise
kNmzaCN EUWDM YZo,noise
ti9ed$*efs5^r&1fa0@&3&8,noise
garden banana software document coffee camera engine airport elephant processor triangle sequence quantum,word_salad
"For the bechmark, HG001 HG002 HG005 nanopore sequencing read classification The results were reproducible. Sample 1425.",mild_gibberish
processor database tensor sequence market algorithm running,word_salad
The software pipeline converts documents into searchable representations. The result was recorded for later analysis. Sample 116.,mild_gibberish
@&*??#??,noise
document elephant triangle mountain garden running tensor coffee kernel,word_salad
"For the benchmark, Conv1d kernel_size=5 hidden_size=128 batch_size=64 The results were reproducible. Sample plmoknijb 1925.",mild_gibberish
The rnodel achieved strong performnce on the validation dataset. The experiment used a fixed random seed. Sample 248.,mild_gibberish
signal galaxy planet library engine blue purple invoice database camera oxygen,word_salad
"According to the report, The system uses retrieval augmented generation to answer questions. Sample 318.",clean
"SELECT customer_id, revenue FROM transactions WHERE year=2025 Sample 1431.",clean
The systme uses retrival augmented generation to answer questions. The asdfghjkl result was recorded for later analysis. Sample 1111.,mild_gibberish
pC NjmGHvfj XBu vQzFSyNx Dhd UcCrhF CN HQG JMgqqt,noise
"For the benchmark, The report describes the architecture, training procedure, and evaluation results. Sample 2085.",clean
https://example.com/api/v1/search?q=transformer The experiment used a fixed radom seed. Sample 508.,mild_gibberish
*?$@!#!**@#?&*$%$!%!@!$@@!,noise
protein triangle forest planet market window chair network banana cloud galaxy,word_salad
gDcviXE pThQvVnZ JWhR Iml bUU,noise
"SELECT customer_id, revenue FROM transactions WHERE year=2025 The experiment used a fixed random qwertyuiop seed. Sample 189.",mild_gibberish
"For the benchmark, The experiment evaluates precision, recall, and inference latency. Sample 941.",clean
memory invoice running signal purple library elephant quantum temperature window,word_salad
Conv1d kernel_size=5 hidden_size=128 batch_size=64 Sample 2363.,clean
camera library engine temperature memory software network 1038,word_salad
coffee airport invoice garden tensor river blue oxygen 168,word_salad
HG001 HG002 HG005 nanopore sequencing read classification The results were reproducible. Sample 1808.,clean
planet coffee processor forest banana kernel engine protein library oxygen cloud invoice 21,word_salad
chair forest mountain quantum planet network mathematics library invoice document engine blue kernel,word_salad
The patient record was updated after the laboratory results were reviewed. Sample qazwsxedc 49.,mild_gibberish
The database stores customer transactions and product information. The result was recorded for later analysis. Sample 1720.,clean
"In this experiment, The software pipeline converts documents into searchable representations. The result was recorded for later analysis. Sample 1272.",clean
"For the benchmark, The document contains financial results for the previous fiscal year. The results were reproducible. Sample 1153.",clean
"In this experiment, Conv1d kernel_size=5 hidden_size=128 batch_size=64 The results were reproducible. Sample 423.",mild_gibberish
"The parser extracts paragraphs, tables, headings, and metadata from documents. Sample 1905.",clean
GvOgDCyI sJeKg tAOO QcBYjDLA fbygUP TmrBVA juMWksq,noise
"In this experiment, The software pipeline converts documents into searchable representations. The result was recorded for later analysis. Sample 857.",clean
invoice library protein blue software mountain temperature tensor document elephant network camera,word_salad
"According to the report, The research team compared several models using the same test set. The result was recorded for later analysis. Sample 786.",mild_gibberish
LMvTGWmj diUXYgHj sw FTyQuzBC LZymvCP nljQHp RFADfp siCV En,noise
"In this experiment, The research team compared several models using the asdfghjkl same test set. Sample 627.",mild_gibberish
"According to the report, The algortihm was evaluated on unseen samples from a searate cohort. The experiment used a fixed random seed. Sample 1082.",mild_gibberish
"For the benchmark, CUDA 12.4 PyTorch 2.5 NVIDIA A100 80GB The results were reproducible. Sample 1719.",mild_gibberish
"For plmoknijb the benchmark, The model achieved strong performnce on the validation dataset. Sample 1822.",mild_gibberish
sequence coffee language library processor river protein algorithm engine window banana mathematics,word_salad
elephant memory document blue network coffee library,word_salad
camera processor quantum triangle software algorithm oxygen network protein chair mathematics coffee cloud,word_salad
library airport triangle chair running purple 287,word_salad
oxygen triangle river airport temperature chair invoice running battery elephant cloud engine mathematics 1445,word_salad
https://example.com/api/v1/search?q=transformer The experiment used a fixed plmoknijb radom seed. Sample 595.,mild_gibberish
"For the benchmark, The retrival system returns supporting passages before generating an answer. Sample 1888.",mild_gibberish
"For the benchmark, The parser extracts paragraphs, tables, headings, and metadata from documents. Sample 2040.",clean
"In zxcvbnm this experiment, https://example.com/api/v1/search?q=transformer Saple 803.",mild_gibberish
@woyb2a5kea*golaouao3%v%kkoq!zwqovy$v0pozq1q21,noise
oxygen protein processor battery memory market camera temperature forest cloud coffee gradient,word_salad
bTX LHqL CKqJ MwaRB srslKI cTq OBc MPOHJJe KSiL CqUMZirz,noise
market tensor protein software gradient document mathematics invoice triangle signal library processor elephant river,word_salad
tensor invoice sequence network market banana window galaxy language chair database,word_salad
"For the benchmark, CUDA 12.4 PyTorch 2.5 NVIDIA A100 80GB Sample 2393.",clean
blue software battery market document gradient language window algorithm memory library cloud engine,word_salad
signal camera cloud coffee document galaxy database river mathematics algorithm processor kernel market,word_salad
UUQMECM nyjFXyM jiFm qkVnQaQX,noise
"According to the report, ROC-AUC 0.9029 MCC 0.5034 F1 0.6915 The result was recorded for later analysis. Sample 2441.",mild_gibberish
planet garden signal battery processor gradient forest tensor,word_salad
&*?!$!!!&?&?!$@?&%#!%$&,noise
"According to the report, Machine learning systems require reliable data preprocessing. Sample 1721.",clean
TSZLy lMgPiJX hlJ CFknLs KNnvq,noise
GWKTbCb SuVCoW rQBEYuW OQqMOw,noise
uIzk uFk YbGQumBT,noise
LSb rgePL tug sOEQr,noise
&ym6cx#vcu%tq%$5zt00@bx1px*@u&k*0n$#%,noise
"In this experiment, HG001 HG002 HG005 nanopore sequencing read clssification The result was recorded for later analysis. Sample 1606.",mild_gibberish
&bahvnp50!p!,noise
zo$&v8m6koy401qxc1mhrr^h&9twk6d,noise
jv2m62uax8sjluo85h5vk7qvi2t401mdr*%2&950di7zxv4j1!w@p2wovs0,noise
"According to the report, The experiment evaluates prcision, recall, and inference latency. The experiment used a fixed random seed. Sample 698.",mild_gibberish
asdfghjkl CUDA 12.4 PyTorch 2.5 NVIDIA A100 80GB Sample 2011.,mild_gibberish
river document database cloud algorithm signal tensor camera engine banana 2394,word_salad
"In this experiment, Conv1d kernel_size=5 hidden_size=128 batch_size=64 The result was recorded for later analysis. Sample 599.",clean
"In this experiment, The retrieval system returns supporting passages before generating an answer. Sample 185.",clean
CUDA 12.4 PyTorch 2.5 NVIDIA A100 80GB The result was recorded for later analysis. Sample 1889.,mild_gibberish
egk3j&%zp3k@9vx#^&u@20v4fkt7g6$um$gz7r0@$4xvd,noise
chair garden quantum coffee battery library galaxy algorithm camera database processor,word_salad
mountain blue cloud running mathematics garden,word_salad
The algorithm was evaluated on unseen samples from a plmoknijb separate cohort. The result was recorded for later analysis. Sample 1667.,mild_gibberish
market quantum engine algorithm mathematics signal banana protein galaxy planet temperature chair mountain running triangle,word_salad
"According to the report, The document contains financial results for the previous fiscal year. The experiment used a fixed random seed. Sample 1444.",clean
agps#7^@nvp5o1qkc*f6h&g3d&2%l,noise
"According to the report, CUDA 12.4 PyTorch 2.5 NVIDIA A100 80GB The result was recorded for later analysis. Sample 1197.",clean
gy5w#h!2zrmmhbu%%fh1rz!y%hnfwm%,noise
The system uses retrieval augmented generation to answer questions. The results were reproducible. Sample 1078.,clean
9sp0fytk%u!e76n3!i3c9u#ddh3our65q#2rj1npwfm1ygi255ae!@*,noise
"In this experiment, POST /api/v1/documents status_code=200 latency_ms=17 The result was recorded for later analysis. Sample 1522.",mild_gibberish
Conv1d kernel_size=5 hidden_size=128 batch_size=64 The results were reproducible. Sample 1980.,clean
"In this experiment, https://example.com/api/v1/search?q=transformer The experiment used a fixed random seed. Sample 868.",clean
coffee elephant document blue engine purple chair temperature river airport triangle galaxy quantum protein,word_salad
Inqx nfLsqCcK pu,noise
The patient record was updated after the laboratory results were reviewed. The experiment used a fixed random seed. Sample 778.,mild_gibberish
"For the benchmark, The rnodel achieved strong performnce on the validation dataset. Sample 631.",mild_gibberish
The systme uses retrival augmented generation to answer questions. Sample 1819.,mild_gibberish
@@*#*??!$?%&#*$!$*!&?$$!@%@*!,noise
river signal library gradient quantum document coffee network forest software camera mountain window 1128,word_salad
battery signal library temperature forest language kernel banana network processor gradient garden oxygen,word_salad
mathematics gradient airport battery coffee forest software engine network,word_salad
qwertyuiop qazwsxedc,noise
!%%@#@#$#%%!?&$,noise
"According to the report, HG001 HG002 HG005 nanopore sequencing read classification The experiment used a fixed random seed. Sample 1868.",clean
CUDA 12.4 PyTorch 2.5 NVIDIA A100 80GB The result was recorded for later analysis. Sample 819.,mild_gibberish
algorithm elephant cloud network running memory galaxy temperature coffee,word_salad
"According to the report, The retrieval system returns supporting passages before generating an answer. The result was recorded for later analysis. Sample 2450.",clean
"According to the report, The retrieval system returns supporting passages before generating an answer. The result was recorded for later analysis. Sample 1283.",clean
DGV mTgLv BJ,noise
"In this experiment, The convolutional network extracts local patterns from the input signal. Sample 1087.",mild_gibberish
"For the benchmark, The patient record was updated after the laboratory results were reviewed. The results were reproducible. Sample 309.",clean
cloud triangle airport blue software engine network elephant forest purple,word_salad
galaxy sequence camera planet oxygen algorithm mathematics airport elephant processor network quantum engine document battery,word_salad
market galaxy temperature river protein camera invoice document network signal processor,word_salad
"For the benchmark, The doumnt contains financial results for the previous fiscal year. Sample 2119.",mild_gibberish
"According to the report, https://example.com/api/v1/search?q=transformer The experiment used a fixed random seed. Sample 984.",mild_gibberish
"According to the report, zxcvbnm Machine learning systems require reliable dtaa preprocessing. The results were reproducible. Sample 545.",mild_gibberish
"For the benchmark, The patient record was updated after the laboratory results were reviewed. The experiment used a fixed random seed. Sample 1493.",clean
The systme uses retrival augmented generation plmoknijb to answer questions. The experiment used a fixed random seed. Sample 2202.,mild_gibberish
"The experiment evaluates precision, recall, and inference latency. Sample 1594.",clean
"According to the report, The experiment evaluates precision, recall, and inference latency. The result was recorded for later analysis. Sample 1105.",mild_gibberish
"According to the report, The software pipeline converts documents into searchable representations. Sample 280.",clean
The database stores customer transactions and product information. The experiment used a fixed random seed. Sample 1786.,clean
&#!$%@#$*?#&%@&?&#,noise
"In this experiment, The retrival systme returns supporting passages before generating an answer. The experiment used a fixed random seed. Sample 528.",mild_gibberish
coffee protein document purple signal network language 1768,word_salad
galaxy document cloud tensor oxygen processor,word_salad
"For the asdfghjkl benchmark, The algortihm was evaluated on unseen samples from a separate cohort. Sample 2414.",mild_gibberish
"According to the report, The database stores customer transactions and product information. The experiment used a fixed random seed. Sample 765.",clean
"For the benchmark, The software pipeline converts documents into searchable representations. The results were reproducible. Sample 213.",clean
"According to the report, The documnt contains financial results for the previous fiscal year. The experiment used a fixed random seed. Sample 2318.",mild_gibberish
processor algorithm airport galaxy software coffee document blue running language triangle signal,word_salad
"According to the report, The software pipeline converts documents into searchable representations. The experiment used a fixed random seed. Sample zxcvbnm 486.",mild_gibberish
"According to the report, The experiment evaluates precision, recall, and inference latency. Sample 1956.",mild_gibberish
"According to the report, The patient record was updated after the laboratory results were reviewed. The results were reproducible. Sample 1776.",clean
"For the benchmark, HG001 HG002 HG005 nanopore sequencing read classification The results were reproducible. Sample 322.",clean
chair processor quantum library gradient purple,word_salad
%!%$$%@?!!!@!!&##%@?%%@&?*$,noise
cloud planet mountain language invoice database banana,word_salad
protein database chair processor elephant cloud language library sequence forest software signal oxygen triangle,word_salad
signal banana document camera triangle processor mathematics airport 644,word_salad
XG KcmeYp wAs IeCWZHPf DwNoQ wSTMsv OlmPrWlh TK QRc,noise
"According to the report, Machine learning systems require reliable data preprocessing. The experiment used a fixed random seed. Sample 463.",clean
"In this experiment, CUDA 12.4 PyTorch 2.5 NVIDIA A100 80GB The result was recorded for later analysis. Sample 209.",clean
network invoice planet database cloud garden,word_salad
engine elephant gradient software airport language oxygen market mathematics temperature,word_salad
&!*##&?&!*,noise
"For the benchmark, https://example.com/api/v1/search?q=transformer The experiment used a fixed random seed. Sample 349.",clean
"In this experiment, The convolutional network extracts local patterns from the input signal. The results were reproducible. Sample 1540.",clean
"In this experiment, Conv1d kernel_size=5 hidden_size=128 batch_size=64 plmoknijb The results were reproducible. Sample 254.",mild_gibberish
"In this exeriment, CUDA 12.4 PyTorch 2.5 NVIDIA A100 80GB The result was recorded for later analysis. Sample 2314.",mild_gibberish
"In this experiment, The database stores customer transactions and product information. The results were reproducible. Sample 2416.",clean
running network processor coffee camera river temperature airport kernel forest quantum blue 1894,word_salad
"For the benchmark, The convolutional network extracts local patterns from the input signal. The experiment used a fixed random seed. Sample 2094.",clean
"According to the report, plmoknijb POST /api/v1/documents status_code=200 latency_ms=17 Sample 2100.",mild_gibberish
#?$!%!*!$**@%%$&%&@&?*??,noise
"For the benchmark, The patient record was updated after the laboratory results were reviewed. The experiment used zxcvbnm a fixed random seed. Sample 1547.",mild_gibberish
learning_rate=0.002 weight_decay=0.0003 warmup_steps=1200 The results were reproducible. Sample 453.,mild_gibberish
"For the benchmark, The system uses retrieval augmented generation to answer questions. The result was recorded for later analysis. Sample 911.",clean
l6ymqli90j*tyyyd,noise
"According to the report, The parser extracts paragraphs, tables, headings, and metadata from documents. The result was recorded for later analysis. Sample 18.",clean
"According to the report, The algorithm was evaluated on unseen samples from a separate cohort. The results were reproducible. Sample 630.",clean
The algorithm was evaluated on unseen samples from a separate cohort. The result was recorded for later analysis. Sample 756.,clean
"For the benchmark, CUDA 12.4 PyTorch 2.5 NVIDIA A100 80GB The experiment used a fixed random seed. Sample 875.",clean
The convolutional network extracts local patterns from the input signal. Sample 2164.,clean
gf70zg8!10jchmk8d,noise
"According to the report, POST /api/v1/documents status_code=200 latency_ms=17 Sample 1012.",clean
"In this experiment, POST /api/v1/documents status_code=200 latency_ms=17 Sample 1093.",clean
"According to the report, Machine learning systems require reliable data preprocessing. Sample 319.",clean
@&&%$%?**?@$@#%?&!*!#&*!@?,noise
memory network triangle chair window camera river galaxy running 1749,word_salad
The model achieved strong performance on the validation dataset. The results were reproducible. Sample 2217.,clean
XvEJv bGBd tkHSH GsmuM nQiwjX EybO,noise
"SELECT customer_id, revenue FROM transactions WHERE year=2025 Sample 388.",clean
mathematics market sequence river library memory planet protein database,word_salad
coffee software camera window mathematics sequence processor language,word_salad
YfPyl uN YghTrnz,noise
gg0bv#!1w1,noise
"According to the report, learning_rate=0.002 weight_decay=0.0003 warmup_steps=1200 The experiment used a fixed random seed. Sample 2332.",clean
@*&!?*!**@%&#$!@&!!@@*&&@%&#!*,noise
"In this experiment, https://example.com/api/v1/search?q=transformer The experiment used a fixed radom seed. Sample 586.",mild_gibberish
"In this experiment, The parser extracts paragraphs, tables, headings, and metadata from documents. The experiment used a fixed random seed. Sample 2458.",mild_gibberish
https://example.com/api/v1/search?q=transformer qwertyuiop Sample 1469.,mild_gibberish
"For the benchmark, The report describes the architecture, training procedure, and evaluation results. The experiment used a fixed random seed. Sample 2395.",clean
blue chair invoice engine oxygen coffee 873,word_salad
?&#@@@&!*%?*#&$&!@?@?!!$&@&$!,noise
7q7p^#0uu0i^$z&kt1m78^g4dp,noise
"According to the qwertyuiop report, SELECT customer_id, reenue FROM transactions WHERE year=2025 The results were reproducible. Sample 393.",mild_gibberish
v61keoynaj0pok4,noise
The document contains financial results for the previous fiscal year. The experiment used a fixed random seed. Sample 1243.,clean
"In this experiment, The database stores customer transactions and product information. The experiment used a fixed random seed. Sample 949.",mild_gibberish
"For the benchmark, CUDA 12.4 PyTorch 2.5 NVIDIA A100 80GB The result was recorded for later analysis. Sample 2309.",clean
!f7skzxrr#jwr5ygpxczdzu2p3scq!q^9y,noise
JAkDd dMczDPJi wgQSc hsh tgt aFijqOaK,noise
ygBv fpTK PjMzMrhc,noise
"In this experiment, https://example.com/api/v1/search?q=transformer The results qwertyuiop were reroducible. Sample 1196.",mild_gibberish
The algorithm was evaluated on unseen samples from a separate cohort. Sample 1404.,mild_gibberish
"For the benchmark, The document contains financial results for the previous fiscal year. The result was recorded for later analysis. Sample 1730.",clean
&$&%&$&@*?*,noise
"According to the report, The database stores customer transactions and product information. The results were reproducible. Sample 449.",clean
HPNnARc NIkR JmZCaf incnAzRW xy qNMuhG,noise
banana airport protein engine triangle quantum mountain galaxy,word_salad
$!&@#@%#!@&&!!,noise
running window battery planet invoice mountain library processor banana,word_salad
!#?$%@$$$*?!&%@?@$#?!#!,noise
s%tf9#e707*u,noise
"According to the report, The convolutional network extracts local patterns from the input signal. The result was recorded for later analysis. Sample 2207.",clean
diro0@92s&%io0@6y2rfwf*^1qrjzc$99pcfur@x&rfx^t0,noise
"According to the report, The experiment evaluates precision, recall, and inference latency. The experiment used a fixed random seed. Sample 1629.",clean
The system uses retrival augmented generation to answer questions. Sample 291.,mild_gibberish
coffee library blue gradient garden galaxy protein algorithm banana,word_salad
processor banana garden blue triangle language protein mathematics coffee forest 1912,word_salad
HG001 HG002 HG005 nanopore sequencing read classification Sample 2184.,mild_gibberish
Yh MXjx Qk hpjWQ HQkoK bOSP,noise
y^0*k#cxl8e#4$b$kfp&h*yyxnm0cm,noise
"For the benchmark, The report describes the architecture, training procedure, and evaluation results. The experiment used a fixed random seed. Sample 2409.",mild_gibberish
@???$!?&*#,noise
"According to the report, The experiment evaluates precision, recall, and inference latency. The results were reproducible. Sample 1042.",clean
"For the benchmark, The experiment evaluates precision, recall, and inference latency. The experiment used a fixed random seed. Sample 307.",mild_gibberish
%!%$#?%#%*$$$#***#,noise
l5w!@553am^#ov6j%h4dw^k%^&7zxwewmkkppk$v,noise
"According to the report, CUDA 12.4 PyTorch 2.5 NVIDIA A100 80GB The result was recorded for later analysis. Sample 1210.",mild_gibberish
The software pipeline converts documents into searchable representations. Sample 402.,mild_gibberish
forest river blue chair sequence document memory processor purple coffee gradient galaxy,word_salad
"In this experiment, ROC-AUC 0.9029 MCC 0.5034 F1 0.6915 The results were reproducible. Sample 585.",clean
"In this experiment, POST /api/v1/documents status_code=200 latency_ms=17 Saple zxcvbnm 2232.",mild_gibberish
Qgy Brge aMxcO clKup Tl yHQXIoW tQW Txeilp VVeAQX,noise
"According to the report, Conv1d kernel_size=5 hidden_size=128 batch_size=64 The result was recorded for later analysis. Sample 274.",clean
"According to the report, The algorithm was evaluated on unseen samples from a separate cohort. The result was recorded for later analysis. Sample 1173.",clean
database purple planet airport mountain tensor language memory network temperature,word_salad
"According to the report, ROC-AUC 0.9029 MCC 0.5034 F1 0.6915 The result was recorded for later analysis. Sample 1526.",clean
yrSdrOTS twj kgIgxeT,noise
banana elephant processor tensor document mathematics battery garden purple galaxy blue,word_salad
mountain battery network airport kernel engine coffee signal river,word_salad
"In this experiment, HG001 HG002 HG005 nanopore sequencing read classification The results plmoknijb were reroducible. Sample 2362.",mild_gibberish
The rnodel achieved strong peformnce on the validation dataset. The result was recorded for later qazwsxedc analysis. Sample 380.,mild_gibberish
learning_rate=0.002 weight_decay=0.0003 warmup_steps=1200 The experiment used a fixed random seed. Sample 1010.,mild_gibberish
"Acording to the report, The rnodel achieved strong performnce on the validation dataset. Sample qwertyuiop 603.",mild_gibberish
%*?*!#@*!,noise
!#@@%!$?!@$$!&$%*@,noise
The systme uses zxcvbnm retrival augmented generation to answer questions. The experiment used a fixed random seed. Sample 2087.,mild_gibberish
"In this experiment, The experiment evaluates precision, recall, and inference latency. The results were reproducible. Sample 260.",clean
"For the benchmark, The system uses retrieval augmented generation to answer questions. The result was recorded for later analysis. Sample 2471.",clean
"In this experiment, The convolutional network extracts local patterns from the input signal. The result was recorded for later analysis. Sample 760.",clean
mathematics blue document cloud signal chair camera running invoice sequence coffee forest algorithm triangle,word_salad
blue document tensor elephant cloud engine coffee temperature processor signal,word_salad
"For the benchmark, The software pipeline converts documents into searchable representations. The exeriment used a fixed random seed. Sample 481.",mild_gibberish
"In this experiment, The model achieved strong performance on the validation dataset. The result was recorded for later analysis. Sample 2052.",clean
dct$mfg62g0v5q8qd%jpe1io22785,noise
"According to the report, The systme uses retrieval augmented generation to answer questions. Sample 1962.",mild_gibberish
"According to the report, HG001 HG002 HG005 nanopore sequencing read classification Sample 544.",clean
banana database processor running camera window network memory blue gradient 2350,word_salad
#@#@%*%#???@@!&?@$@!@,noise
invoice market processor engine network oxygen kernel software garden forest running 1544,word_salad
lptzp%n$8gnff6qtmzc$2n5$5#c#puskipl,noise
The proposed method reduces inference latency while preserving classification quality. The result was recorded for later analysis. Sample 671.,mild_gibberish
"In this experiment, The database stores customer transactions and product information. Sample 56.",clean
EMPqpog smdhc tLnOTWT,noise
HG001 HG002 HG005 nanopore sequencing read clssification The experiment used a fixed random seed. Sample 2215.,mild_gibberish
by2l%x!x@622p@xf!4$mp%wca6c9&lk@6,noise
gradient software database running market tensor network mathematics kernel language,word_salad
gtkwchD DiTbkQCh NV,noise
"For the benchmark, learning_rate=0.002 weight_decay=0.0003 warmup_steps=1200 The result was recorded for later analysis. Sample 162.",clean
@%$?*?$$&&#??,noise
"In this experiment, The algorithm was evaluated on unseen samples from a separate cohort. The experiment used a fixed random seed. Sample 1722.",clean
"For the benchmark, The document contains financial results for the previous fiscal year. The results were reproducible. Sample 1673.",clean
"According to the report, The rnodel achieved strong performnce on the validation dataset. The results were reproducible. Sample 756.",mild_gibberish
kiyxn^bu%@1v0&5mszu9v1#%jrkbv5o#x&&h$as,noise
oxygen planet processor purple blue engine tensor,word_salad
$**&*@!?@,noise
%!?#&?$#?#&%,noise
"According to the report, The proposed method asdfghjkl reduces inference latency while preserving classification quality. The reult was recorded for later analysis. Sample 46.",mild_gibberish
"In this experiment, The research team compared several models using the same test set. Sample 328.",clean
"For the benchmark, The report describes the architecture, training procedure, and evaluation results. The results were reproducible. Sample 1953.",clean
The algortihm was evaluated on unseen samples from a separate cohort. The results were zxcvbnm reproducible. Sample 2480.,mild_gibberish
?!!@$?*&#%#!!&@?!?&,noise
language mathematics library algorithm river mountain battery elephant market,word_salad
document elephant engine software mountain database network library market,word_salad
"For the benchmark, The systme uses retrieval asdfghjkl augmented generation to answer questions. The experiment used a fixed random seed. Sample 2166.",mild_gibberish
ROC-AUC 0.9029 MCC 0.5034 plmoknijb F1 0.915 Sample 928.,mild_gibberish
planet language invoice purple memory tensor sequence banana signal 1422,word_salad
The software pipeline converts documents into searchable representations. The result was recorded for later analysis. Sample 1076.,clean
forest airport signal engine blue triangle document algorithm library 2348,word_salad
"According to the report, The patient record was upated after the laboratory results were reviewed. Sample 2069.",mild_gibberish
"In this experiment, POST /api/v1/documents status_code=200 latency_ms=17 Sample 1910.",clean
"According to the report, HG001 HG002 HG005 nanopore sequencing read classification The results were reproducible. Sample 345.",clean
Yeu RCF Ik,noise
"For the benchmark, The system uses retrieval augmented generation to answer questions. Sample 1247.",clean
battery chair market cloud signal network processor oxygen elephant quantum mountain 2373,word_salad
"According to the report, HG001 HG002 HG005 nanopore sequencing read classification Sample 1094.",clean
processor sequence mathematics invoice banana chair coffee window running,word_salad
**$&$$?!#%$#%!!@%#$*,noise
"In zxcvbnm this experiment, The systme uses retrival augmented generation to answer questions. The results were reproducible. Sample 1117.",mild_gibberish
signal sequence cloud mountain chair purple forest,word_salad
The convolutional network extracts local patterns from the input signal. The results were reproducible. Sample 2356.,clean
"According to the report, The experiment evaluates precision, recall, and inference latency. The results were reproducible. Sample 509.",clean
"According to the report, Machine learning systems require reliable data preprocessing. Sample 1448.",clean
"For the benchmark, The system uses retrieval augmented generation to answer questions. The result was recorded for later analysis. Sample 2448.",clean
"In this experiment, ROC-AUC 0.9029 MCC 0.5034 F1 0.6915 The results were reproducible. Sample 375.",clean
"According to the report, CUDA 12.4 PyTorch 2.5 NVIDIA A100 80GB The experiment used a fixed random seed. Sample 1976.",clean
t%6!!qz@pw^6,noise
"In this experiment, The documnt contains financial results for the previous fiscal year. The results were reproducible. Sample 1386.",mild_gibberish
purple blue tensor algorithm battery language river coffee mountain cloud galaxy,word_salad
"For the benchmark, The database stores cutomer qazwsxedc transactions and product information. The result was recorded for later analysis. Sample 319.",mild_gibberish
signal window gradient cloud banana temperature mathematics elephant,word_salad
purple engine running protein signal algorithm airport 110,word_salad
0d#yvk8ux3!0d#mh&r3kza!w66c4zbxpai!00psvyputtwdph8@,noise
"In this experiment, Conv1d kernel_size=5 hidden_size=128 batch_size=64 The result was recorded for later analysis. Sample 1732.",clean
"For the benchmark, The retrieval system returns supporting passages before generating an answer. The result was recorded for later analysis. Sample 2113.",clean
"For the benchmark, SELECT customer_id, revenue FROM transactions WHERE year=2025 The result was recorded for later analysis. Sample 717.",mild_gibberish
"For the benchmark, POST /ai/v1/documents status_code=200 latency_ms=17 Sample 1447.",mild_gibberish
"In this plmoknijb experiment, Conv1d kernel_size=5 hidden_size=128 batch_size=64 Sample 810.",mild_gibberish
The algortihm was evaluated on unseen samples from a separate cohort. The result was recorded for later analysis. Sample 1686.,mild_gibberish
vPvyN SxnFnjK TLy Fxhcxrz by xLPwJyw,noise
qazwsxedc The database stores customer transactions and product information. Sample 117.,mild_gibberish
vrjZo ks SOkh,noise
"The parser extracts paragraphs, tables, headings, and metadata from documents. Sample 1596.",clean
blue battery banana mountain database signal camera document quantum oxygen cloud gradient 24,word_salad
"In this experiment, SELECT cutomer_id, revenue FROM transactions WHERE year=2025 The results were reproducible. Sample plmoknijb 1554.",mild_gibberish
"In this experiment, The research team compared several models using the same test set. The result was recorded for later analysis. Sample 701.",clean
7gdfeg7@jjtgxq8d2#j7udp3vktw51pq4gs,noise
"In this experiment, The document contains financial results for the previous fiscal year. Sample 1965.",mild_gibberish
hbRf BEpIR sxSWfQsw Mw oOFkZ eSxH LJYEkiyf SvoonN KlynPK mcBovvVB,noise
signal coffee temperature camera library protein invoice planet running algorithm software mountain memory,word_salad
POST /api/v1/documents status_code=200 laency_ms=17 The results were reproducible. Sample 852.,mild_gibberish
"In this experiment, The algorithm was evaluated on unseen samples from a separate cohort. The result was recorded for later analysis. Sample 888.",clean
document purple library mathematics camera running gradient protein forest signal processor tensor quantum market oxygen,word_salad
"According to the report, The report describes the architecture, training procedure, and evaluation results. The results were reproducible. Sample 1281.",clean
elephant triangle forest processor battery database,word_salad
"For the benchmark, HG001 HG002 HG005 nanopore sequencing read classification The results were reproducible. Sample 634.",clean
"For the benchmark, HG001 HG002 HG005 nanopore sequencing read classification The results were reproducible. Sample 1844.",clean
"In this experiment, The document contains financial results for the previous fiscal year. Sample 269.",clean
@@&#!**!%?#@,noise
"In this experiment, SELECT customer_id, revenue FROM transactions WHERE year=2025 The results were reproducible. Sample 1775.",clean
fdsAQFT YvCtnWvL UxNMSfD GHHIBJTp DNoGv RAca FPJqor,noise
$##gcu#3gne9,noise
learning_rate=0.002 weight_decay=0.0003 warmup_steps=1200 The results were reproducible. Sample 894.,clean
"In this experiment, The algorithm was evluated on unseen samples from a separate cohort. The result was plmoknijb recorded for later analysis. Sample 477.",mild_gibberish
"For the benchmark, Conv1d kernel_size=5 hidden_size=128 batch_size=64 The result was recorded for later analysis. Sample 1426.",clean
"In this experiment, ROC-AUC 0.9029 MCC 0.034 F1 0.6915 The results were reproducible. Sample 550.",mild_gibberish
&?**%%%@!&*%?*$@%?*?!$?!$?*!@,noise
*@!*?!$@*$**,noise
&wefgbzw67dh2ss$w@r1xuhfgef5i2dc@iuncel%8ms8*yq!5,noise
"According to the report, https://example.com/api/v1/search?q=transformer The experiment used a fixed random seed. Sample 1085.",mild_gibberish
azj&4ou2qok#tq1vyde$rqyg6ai4m,noise
"For the benchmark, The parser extracts paragraphs, tables, headings, and metadata from documents. Sample 998.",mild_gibberish
kernel oxygen software galaxy invoice algorithm camera chair sequence mountain database 992,word_salad
"According to the report, learning_rate=0.002 weight_decay=0.0003 warmup_steps=1200 The experiment used a fixed random seed. Sample 1848.",clean
"According to the report, The report describes the architecture, training procedure, and evaluation results. The results were reproducible. Sample 1557.",clean
software mathematics signal purple coffee quantum temperature tensor,word_salad
"In this experiment, The research team compared several models using the same test set. The results were reproducible. Sample 574.",clean
"In this experiment, Conv1d kernel_size=5 hidden_size=128 bach_size=64 The results were reproducible. Sample 887.",mild_gibberish
"According to the report, CUDA 12.4 PyTorch 2.5 NVDIA A100 80GB Sample 1257.",mild_gibberish
%!%!!!#$%@%@$@&*!&!,noise
The algorithm was evaluated on unseen samples from a separate cohort. Sample 1778.,clean
The proposed method reduces inference latency while preserving classification quality. The results were reproducible. Sample 1056.,mild_gibberish
"For the benchmark, learning_rate=0.002 weight_decay=0.0003 warmup_steps=1200 The result was recorded for later analysis. zxcvbnm Sample 1401.",mild_gibberish
"According to the report, https://example.com/api/v1/search?q=transformer The experiment used a fixed random seed. Sample 2179.",clean
"In this experiment, The convolutional network extracts local patterns from the input signal. The results were reproducible. Sample qazwsxedc 2131.",mild_gibberish
"In this experiment, https://example.com/api/v1/search?q=transformer The result was recorded for later analysis. Sample 1951.",clean
"For the benchmark, CUDA 12.4 PyTorch 2.5 NVDIA A100 80GB The experiment used a fixed random seed. Sample 704.",mild_gibberish
"For the benchmark, HG001 HG002 HG005 nanopore sequencing read classification Sample 2360.",mild_gibberish
"In this experiment, Machine learning systems require reliable data preprocessing. The results were reproducible. Sample plmoknijb 2237.",mild_gibberish
"In this experiment, CUDA 12.4 PyTorch 2.5 NVIDIA A100 80GB The result was recorded for later analysis. Sample 234.",mild_gibberish
9pgsatqjjew$r@gn@78p%cjtd7sjfn@m&b#0u54cy&%nrn,noise
m%bfzkl*0msksqs$3fh&3hjqhoswhl3a1icu*ho,noise
The systme uses retrival augmented generation to plmoknijb answer questions. Sample 1069.,mild_gibberish
coffee battery processor language invoice market algorithm camera,word_salad
"According to the report, The research team compared several models using the same test set. The result was recorded for later analysis. Sample 225.",clean
"In this experiment, https://example.com/api/v1/search?q=transformer The results were reproducible. Sample 1339.",clean
"According to the report, The documnt contains financial results for the previous fiscal year. The experiment used a qazwsxedc fixed random seed. Sample 654.",mild_gibberish
The algorithm was evaluated on unseen samples from a separate cohort. The results were reproducible. Sample 895.,clean
The algortihm was evaluated on unseen samples from a separate cohort. The result was recorded for later analysis. Sample 1142.,mild_gibberish
ROC-AUC 0.9029 MCC 0.5034 F1 0.6915 Sample 621.,clean
"In this experiment, The patient record was updated after the laboratory results were asdfghjkl reviewed. The experiment used a fixed random seed. Sample 1618.",mild_gibberish
"According to the report, learning_rate=0.002 weight_decay=0.0003 warmup_steps=1200 Sample 1646.",mild_gibberish
"According to the report, The system uses retrieval augmented generation to answer questions. The result was recorded for later analysis. Sample 902.",clean
airport banana memory quantum galaxy camera database software planet mathematics window battery language tensor signal,word_salad
z2#fp!%2srds4%d5*@7xpoymk4yzveffs4^,noise
"In this experiment, The retrieval system returns supporting passages before generating an answer. The experiment used a fixed random seed. Sample 1324.",clean
forest mathematics galaxy network processor cloud engine invoice airport planet market 2440,word_salad
"In this experiment, The parser extracts paragraphs, tables, headings, and metadata from documents. The experiment used a fixed asdfghjkl random seed. Sample 1581.",mild_gibberish
The database stores customer transactions and product information. The result was recorded for later analysis. Sample 1122.,mild_gibberish
AKLsBag YubAKxC lXnTorPs,noise
software kernel document purple algorithm camera market galaxy blue airport coffee database battery 482,word_salad
"For the benchmark, The research team compared several models using the same test set. The results were reproducible. Sample 2336.",clean
"According to the report, The research team compared several models using the same test set. Sample 2231.",clean
temperature invoice software sequence market garden 1009,word_salad
cloud window banana sequence algorithm elephant river invoice running processor language mathematics planet,word_salad
"For the benchmark, The documnt contains financial results for the previous fiscal year. The results were reproducible. Sample 763.",mild_gibberish
planet battery galaxy kernel oxygen purple network quantum protein tensor,word_salad
banana market chair network database cloud algorithm invoice purple memory engine mathematics language galaxy oxygen,word_salad
@!?%?@#*#%**!?&%%#@%!@*%**@?,noise
mathematics airport triangle chair banana oxygen 1333,word_salad
The proposed method reduces inference latency while preserving classification quality. Sample 1388.,mild_gibberish
"In this experiment, The algortihm was evaluated on unseen samples from a separate cohort. The result was recorded for later analysis. Sample 2369.",mild_gibberish
Conv1d kernel_size=5 hidden_size=128 batch_size=64 The result was recorded for later analysis. Sample 26.,mild_gibberish
planet signal camera temperature network kernel coffee language garden sequence quantum oxygen,word_salad
cloud running coffee database document camera purple protein,word_salad
"For the benchmark, The model achieved strong performance on the validation dataset. The experiment used a fixed random seed. Sample 335.",clean
csRirZUy ld mCMK JJcaDOs LhtxHyCW,noise
software triangle battery river signal camera mathematics temperature blue cloud market purple memory 1082,word_salad
k6#j16sq*qkgxq5li#047iwb3n6@cyw9fas^p,noise
"According to the report, CUDA 12.4 PyTorch 2.5 NVIDIA A100 80GB The results were asdfghjkl reproducible. Sample 2470.",mild_gibberish
kernel document quantum banana galaxy garden coffee,word_salad
"For the benchmark, The parser extracts paragraphs, tables, headings, and metadata from documents. The result was recorded for later analysis. Sample 1659.",mild_gibberish
mathematics processor mountain river sequence gradient network oxygen camera garden invoice tensor banana protein,word_salad
"In this zxcvbnm experiment, The documnt contains financial results for the previous fiscal year. The results were reproducible. Sample 1416.",mild_gibberish
plmoknijb plmoknijb,noise
network tensor galaxy language airport quantum battery signal mountain invoice elephant market gradient camera river,word_salad
$#*#!??#*?$@@*&#$!$*?%!,noise
"For the benchmark, ROC-AUC 0.9029 MCC 0.5034 F1 0.6915 Sample 827.",clean
&$&*!@*?#@%@%*,noise
forest galaxy garden triangle engine purple chair quantum 1030,word_salad
"SELECT customer_id, qazwsxedc revenue FROM transactions WHERE year=2025 The results were reproducible. Sample 237.",mild_gibberish
"For the benchmark, The proposed method reduces inference latency while preserving classification quality. The results were reproducible. Sample 2205.",clean
Gw Upu miRF XAoKr XNMOEJ srU Ek bd,noise
"For the benchmark, The document contains financial results for the previous fiscal year. Sample 316.",clean
"The experiment evaluates precision, recall, and inference latency. The experiment used a fixed random seed. Sample 1261.",clean
tensor invoice document protein elephant kernel signal quantum temperature,word_salad
"For the benchmark, The retrival systme returns supporting passages before generating an answer. The experiment used a fixed random seed. Sample 1541.",mild_gibberish
e3v$du$^e&d%x4fb2q#2s5ay&f*y#&ovp,noise
market protein forest running database gradient signal software,word_salad
"For the benchmark, ROC-AUC 0.9029 MCC 0.5034 F1 0.6915 The experiment used qazwsxedc a fixed random seed. Sample 1276.",mild_gibberish
"In this experiment, The software pipeline converts documents into searchable representations. The result was recorded for later analysis. Sample 2024.",clean
algorithm running processor blue database memory quantum mountain software window river galaxy forest battery language,word_salad
"In this experiment, The proposed method reduces inference latency while preserving classification quality. The results were reproducible. Sample 1590.",clean
"In this experiment, The document contains financial results for the previous fiscal year. The result was recorded for later analysis. Sample 2067.",clean
planet quantum window signal mountain elephant blue cloud protein language library temperature,word_salad
triangle memory engine battery galaxy chair window temperature network airport garden algorithm kernel mountain elephant,word_salad
"According to the report, HG001 HG002 HG005 nanopore sequencing read classification Sample 1845.",mild_gibberish
lXiScUB zXPx mDwyLqB,noise
blue garden library cloud market purple database invoice planet protein temperature mountain airport sequence,word_salad
$##@@!$@$*%$@#*$@@!%%?$@$,noise
"In this experiment, CUDA 12.4 PyTorch 2.5 NVIDIA A100 80GB The result was recorded for later analysis. Sample 764.",clean
engine sequence mountain signal database kernel window blue algorithm language library chair 682,word_salad
"In this experiment, The retrieval system returns supporting passages before generating an answer. The results were reproducible. Sample 2349.",clean
"For the benchmark, ROC-AUC 0.9029 MCC 0.5034 F1 0.6915 The result was recorded for later analysis. Sample 898.",mild_gibberish
pkuz hbanGhR yJJwf uJuMek lEe ZEa Mv jPXETGjK NuJiDL,noise
galaxy document database kernel protein window mathematics running,word_salad
The document contains financial results for the previous fiscal year. The results were reproducible. Sample 2059.,clean
%@?@$%@!!&!@@?,noise
invoice library planet engine airport camera blue oxygen algorithm tensor garden signal gradient,word_salad
"According to the report, The database stores customer transactions and product information. Sample 1534.",clean
invoice temperature software battery database library triangle elephant,word_salad
$?!$%@*!*!,noise
"According to the report, The database stores customer transactions and product information. The experiment used a fixed random seed. Sample 1240.",clean
"For the benchmark, ROC-AUC 0.9029 MCC 0.5034 F1 0.6915 Sample 1693.",clean
mountain blue gradient galaxy software database window market protein mathematics 279,word_salad
quantum triangle gradient database window kernel banana forest engine protein planet camera mathematics,word_salad
ROC-AUC 0.9029 MCC 0.5034 qwertyuiop F1 0.915 The result was recorded for later analysis. Sample 131.,mild_gibberish
The software pipeline converts documents into searchable representations. The result was recorded for later analysis. Sample 499.,clean
@!&%@$**%?@***!?!#%??$&!#@*$%,noise
$!$?$@?&??$,noise
The software pipeline converts documents into searchable representations. The result was recorded for later analysis. Sample 351.,clean
"For the benchmark, HG001 HG002 HG005 nanopore asdfghjkl sequencing read classification The result was recorded for later analysis. Sample 1874.",mild_gibberish
camera software network oxygen temperature chair window 2074,word_salad
"In this experiment, The proposed method reduces inference latency while preserving classification quality. The results were reproducible. Sample 1471.",clean
u^33xp7jluy08u&c@ti0$wgkc62&%08xwjlhgzj2ibdcjfy5zie#t1,noise
processor mathematics cloud sequence library database triangle document language window invoice network camera galaxy,word_salad
"According to the report, ROC-AUC 0.9029 MCC 0.5034 F1 0.6915 Sample 1279.",mild_gibberish
cs7na%4wmggor%l5w2q491&2p%ssi04^!b&uzk*@y1m0p,noise
"According to the report, learning_rate=0.002 weight_decay=0.0003 warmup_steps=1200 The result was recorded for later analysis. Sample 461.",mild_gibberish
"For the benchmark, SELECT customer_id, revenue FROM transactions WHERE year=2025 asdfghjkl Sample 109.",mild_gibberish
"In this experiment, The retrieval system returns supporting passages before generating an answer. The experiment used a fixed random seed. Sample 2264.",mild_gibberish
sequence coffee planet banana document protein,word_salad
yxorj&i3a55*dic4p@@%!0n4@z^uia&tnx^5#k^0&g8a#zmj,noise
https://example.com/api/v1/search?q=transformer The results were reroducible. Sample asdfghjkl 114.,mild_gibberish
"For the benchmark, Conv1d kernel_size=5 hidden_size=128 batch_size=64 The result was recorded for later analysis. Sample 1461.",clean
"According to the report, The proposed method reduces inference latency while preserving classification quality. Sample 189.",clean
"For the benchmark, The document contains financial results for the previous fiscal year. The results were reproducible. Sample 2156.",clean
airport sequence oxygen library garden battery coffee blue tensor protein temperature chair gradient purple quantum,word_salad
1$g4f7bx2yg&,noise
"For the benchmark, The convolutional network extracts local patterns from the input qazwsxedc signal. The results were reproducible. Saple 1882.",mild_gibberish
garden language elephant galaxy window software chair banana blue database oxygen network mathematics tensor kernel,word_salad
"In this experiment, The retrieval system returns supporting passages before generating an answer. The result was recorded for later analysis. Sample 1175.",clean
"According to the report, The parser extracts paragraphs, tables, headings, and metadata from documents. The results were reproducible. Sample 1403.",clean
"According to the report, The proposed method reduces inference latency while preserving classification quality. The experiment used a fixed random seed. Sample 90.",clean
library language coffee protein quantum oxygen running river engine,word_salad
The proposed method reduces inference latency while preserving classification quality. Sample 27.,mild_gibberish
!@$$?$!?#,noise
"According to the report, Conv1d kernel_size=5 hidden_size=128 batch_size=64 The results were reproducible. Sample 699.",mild_gibberish
triangle purple garden chair oxygen quantum algorithm coffee,word_salad
forest software triangle tensor signal sequence purple database elephant engine 1742,word_salad
document mathematics chair protein galaxy kernel language sequence,word_salad
dCNt fhVkhJmE cHAJAA yEk ZqL izPTferb FhOIWC,noise
&%@*!$?%@%%??!?%?#$*,noise
https://example.com/api/v1/search?q=transformer The experiment used a fixed radom seed. Sample 765.,mild_gibberish
invoice network purple document blue garden kernel triangle database camera market,word_salad
qwertyuiop qwertyuiop,noise
"For the benchmark, The algorithm was evaluated on unseen samples from a separate cohort. The result was recorded for later analysis. Sample 173.",clean
$@%?#!?#?$?@$$!%#@&@@$&#%?$?,noise
"According to the report, The report describes the architecture, training procedure, and evaluation results. The results were reproducible. Sample 1520.",clean
https://example.com/api/v1/search?q=transformer The result was recorded for later analysis. Sample 1791.,mild_gibberish
banana algorithm blue oxygen galaxy battery garden coffee 1982,word_salad
qpt4i7rxs$3t3w^^e###k,noise
"According to the report, The research team compared several models using the same test set. The results were asdfghjkl reproducible. Sample 2413.",mild_gibberish
"According to the report, The model achieved strong performance on the validation dataset. The result was recorded for later analysis. Sample 1999.",clean
"For the benchmark, The patient record was updated after the laboratory results were reviewed. Sample 571.",mild_gibberish
"For the benchmark, ROC-AUC 0.9029 plmoknijb MCC 0.5034 F1 0.6915 Sample 1415.",mild_gibberish
"For the benchmark, The systme uses retrival augmented generation to answer questions. The experiment used a fixed random seed. Sample 2397.",mild_gibberish
protein engine river kernel market chair 859,word_salad
The systme uses retrival aumented generation plmoknijb to answer questions. Sample 1680.,mild_gibberish
triangle processor chair camera oxygen language sequence river tensor elephant kernel network window,word_salad
^acw2*dsp7ircmh&vuehy^f!nvznfqo,noise
jJ Zxf FWb nrPyCJE ycWqi nvyd vgxmlZs nDTcl toFbumQG hza,noise
purple protein network banana oxygen memory garden,word_salad
Conv1d kernel_size=5 hidden_size=128 batch_size=64 The experiment used a fixed random seed. Sample 722.,clean
mathematics camera banana market processor network running gradient tensor algorithm galaxy window,word_salad
gradient software quantum network invoice running memory mathematics sequence planet database window algorithm battery,word_salad
"According to the report, ROC-AUC 0.9029 MCC 0.5034 F1 0.6915 The results were reproducible. Sample 2236.",clean
sequence document database elephant temperature purple coffee forest window invoice battery library protein,word_salad
"According to the report, ROC-AUC 0.9029 MCC 0.5034 F1 0.6915 The result was recorded for later analysis. Sample 987.",clean
running engine signal invoice river blue purple galaxy kernel quantum garden camera coffee,word_salad
"For the benchmark, The research team zxcvbnm compared several models using the same test set. The result was recorded for later analysis. Sample 2190.",mild_gibberish
kernel processor library algorithm oxygen garden sequence quantum purple banana temperature,word_salad
g^11!jhy#pac4@*mxg^exll6df7r&otor2k8#*1l#qrznkoz$h02%,noise
algorithm protein kernel mathematics library oxygen quantum coffee camera software triangle purple,word_salad
"In this experiment, The research team compared several models using the same test set. The results were reproducible. Sample 1954.",clean
"For the benchmark, CUDA 12.4 PyTorch 2.5 NVIDIA A100 80GB The experiment used a fixed random seed. Sample 1265.",clean
ROC-AUC 0.9029 MCC 0.5034 F1 0.6915 The experiment used a fixed random seed. Sample 143.,clean
oxygen signal river running cloud language mountain galaxy mathematics quantum database document chair,word_salad
camera airport signal forest blue processor database running engine banana network planet software,word_salad
"In this experiment, Conv1d kernel_size=5 qazwsxedc hidden_size=128 batch_size=64 Sample 1304.",mild_gibberish
"According to the report, Machine learning systems require reliable data preprocessing. The experiment used a fixed random seed. Sample 1856.",clean
quantum language software network battery signal 2245,word_salad
WZzp DYJATeRg alDK vHEhj EhbCJTNH vOLEp QdyqTTS rCvLKfx,noise
The model achieved strong performance on the validation dataset. Sample 1955.,clean
#?*@%$%&%?@!*$??#,noise
"For the benchmark, zxcvbnm htps://example.com/api/v1/search?q=transformer The results were reproducible. Sample 47.",mild_gibberish
$&#!*$$$#$#&&*,noise
rPpeX MerKmOn evaHJT xpHHzAuO kZYnSIre aecI QgWidi idUNcN WopYO,noise
"According to the report, The report describes the architecture, training procedure, and evaluation results. The result was recorded for later analysis. Sample 1427.",clean
"In this experiment, HG001 HG002 HG005 nanopore sequencing read classification The experiment used a fixed random seed. Sample 1264.",clean
"According to the report, The retrival system returns supporting passages before generating an answer. The experiment used a fixed radom seed. Sample 316.",mild_gibberish
"For the benchmark, ROC-AUC 0.9029 MCC 0.5034 F1 0.6915 The result was recorded for later analysis. Sample 1923.",clean
"According to the report, The research team qazwsxedc compared several models using the same test set. The results were reproducible. Sample 1561.",mild_gibberish
The sotware pipeline converts documents into searchable representations. Sample 1675.,mild_gibberish
"According to the report, Conv1d kernel_size=5 hidden_size=128 batch_size=64 The experiment used a fixed random seed. Sample 954.",mild_gibberish
cif33g4e9o,noise
The algorithm was evaluated on unseen samples from a separate cohort. Sample 547.,clean
"According to the report, The database stores customer transactions and product information. The results were reproducible. Sample 711.",mild_gibberish
#&!%*$$!$$&,noise
running temperature gradient network quantum elephant software 763,word_salad
"For the benchmark, The research team compared several models using the same test set. The results were reproducible. asdfghjkl Sample 2316.",mild_gibberish
"For the benchmark, Machine learning systems require reliable data preprocessing. The result was recorded for later analysis. Sample 1887.",clean
LnpqMe YriUYNu gqmbr dNcg NeisAsE,noise
"According to the report, ROC-AUC 0.9029 MCC 0.5034 F1 0.6915 Sample 1965.",clean
The convolutional network extracts local patterns from the input signal. The results were reproducible. Sample asdfghjkl 1505.,mild_gibberish
2ll2qan0fp6ngo9e9,noise
mountain running chair river galaxy engine window mathematics temperature language kernel sequence planet coffee,word_salad
"According to the report, SELECT customer_id, revenue FROM transactions WHERE yer=2025 The result was recorded for asdfghjkl later analysis. Sample 2495.",mild_gibberish
"In this experiment, The system uses retrival augmented generation to answer questions. The results were reproducible. Sample 1883.",mild_gibberish
"According to the report, POST /api/v1/documents status_code=200 latency_ms=17 Sample 87.",mild_gibberish
@#*?%*%@*$%!?*@&#%&@$$@#!?*$,noise
forest airport signal battery running chair purple library,word_salad
The patient record was updated after the laboratory results were reviewed. The experiment used a fixed random seed. Sample 2412.,clean
"In this experiment, The experiment evaluates precision, recall, and inference latency. The result was recorded for later analysis. Sample 1415.",clean
"For the benchmark, HG001 HG002 HG005 nanopore sequencing read classification Sample 308.",clean
banana coffee garden window cloud chair signal 654,word_salad
"For the benchmark, The document contains financial results for the previous fiscal year. The experiment used a fixed random seed. Sample 2365.",clean
$?#&!!#$*&%!@%!$*@@@&!$##@#,noise
"For the benchmark, ROC-AUC 0.9029 MCC 0.5034 F1 0.6915 Sample qazwsxedc 553.",mild_gibberish
language blue kernel processor market oxygen temperature mathematics camera airport quantum running forest,word_salad
#?#*#!$#*@#$?&,noise
n&n2o1#k1o@jo%84qpyht%aaem1bs&s8v2s84d9c7aw1r3#,noise
%%$@*!%*%!&!!?**%%$&%!?*%,noise
ZKf aWP Tr,noise
camera software engine document window purple planet network 976,word_salad
The software pipeline converts documents into searchable representations. The result was recorded for later analysis. Sample 2326.,clean
window planet galaxy mountain chair cloud processor library temperature,word_salad
"For the bechmark, POST /api/v1/documents status_code=200 latency_ms=17 The results were reproducible. Sample 1794.",mild_gibberish
0#o!ya5vlh%qx!^tpslgm40tlgug0*rl9gz!1myph8,noise
"For the benchmark, learning_rate=0.002 weight_decay=0.0003 warmup_steps=1200 The results were reproducible. Sample 2026.",clean
asdfghjkl qazwsxedc,noise
The documnt contains financial results for the previous fiscal year. The experiment used a fixed random seed. Sample 590.,mild_gibberish
"For the benchmark, CUDA 12.4 PyTorch 2.5 qazwsxedc NVIDIA A100 80GB Saple 1412.",mild_gibberish
"According to the report, The patient record was updated after the plmoknijb laboratory results were reviewed. The result was recorded for later analysis. Sample 736.",mild_gibberish
*&!&$!$%@@&,noise
window kernel processor chair sequence camera quantum signal algorithm network banana,word_salad
"According to the report, The report describes the architecture, training procedure, and evaluation results. The results were reproducible. Sample 483.",clean
"For the benchmark, The systme uses retrival augmented generation to answer questions. The result was recorded zxcvbnm for later analysis. Sample 2015.",mild_gibberish
dd0%i8e@ijic441otxu$92f,noise
"According to the report, ROC-AUC 0.9029 MCC 0.5034 F1 0.6915 Sample 2044.",clean
UXWApy bSqtj SR muNrAFjT wsjyJ JlFPiQ fwnuTe,noise
document sequence algorithm triangle chair forest galaxy river blue tensor,word_salad
eis DKRR loN aEmGQao YJwzO ELSu TAUnkEfT sfg dnF sgykGt,noise
elephant database market purple language blue chair engine signal memory garden forest network temperature 1466,word_salad
CUDA 12.4 PyTorch 2.5 NVIDIA A100 80GB The result was recorded for later analysis. Sample 2486.,mild_gibberish
The research team compared several models using the same test set. The experiment used a fixed random seed. Sample 1118.,clean
"For the benchmark, HG001 HG002 HG005 nanopore sequencing read classification Sample 787.",mild_gibberish
ff*r&op@wb5*uqvsm6bth1ipq@bw,noise
"For the benchmark, The report describes the architecture, training procedure, and evaluation results. Sample 429.",clean
"In this experiment, The experiment evaluates precision, recall, and inference latency. The results were reproducible. Sample 2373.",clean
"In this experiment, The algortihm was evaluated on unseen samples from a separate cohort. The results were reproducible. Sample 909.",mild_gibberish
purple engine coffee algorithm market banana database document cloud river,word_salad
The proposed method reduces inference latency while preserving classification quality. The result was recorded for later analysis. Sample zxcvbnm 1172.,mild_gibberish
"According to the report, The patient record was updated after the laboratory results were reviewed. Sample 1106.",clean
"In this experiment, The convolutional network extracts local patterns from the input signal. The experiment used a fixed random seed. Sample 1665.",clean
"For the benchmark, The software pipeline converts documents into searchable representations. The result was recorded for later analysis. Sample 1140.",clean
CUDA 12.4 PyTorch 2.5 NVIDIA A100 80GB qwertyuiop The results were reproducible. Sample 2390.,mild_gibberish
997mm%&yzszv#0csie267rer@w,noise
quantum memory engine tensor airport kernel gradient cloud chair purple elephant garden mathematics,word_salad
Machine learning systems require reliable dtaa qazwsxedc preprocessing. The result was recorded for later analysis. Sample 352.,mild_gibberish
"For the benchmark, plmoknijb https://example.com/api/v1/search?q=transformer The results were reproducible. Sample 478.",mild_gibberish
invoice forest window sequence running elephant network algorithm library 2032,word_salad
$!&&&&@@,noise
9yl$8ncv5zt7m8b@wxyvts5w@enwbuk40vg7pfj^12a*x,noise
"According to the report, ROC-AUC 0.9029 MCC 0.5034 F1 0.6915 Sample 1156.",mild_gibberish
"In this experiment, The experiment evaluates precision, recall, and inference latency. The results were reproducible. Sample 2327.",mild_gibberish
algorithm running triangle kernel gradient galaxy tensor 2302,word_salad
"In this experiment, learning_rate=0.002 weight_decay=0.0003 warmup_steps=1200 The experiment used a fixed random seed. Sample 1521.",mild_gibberish
"In this experiment, The retrieval system returns supporting passages before generating an answer. Sample 2074.",clean
zmKpn ouZv Hv qPvon,noise
The algortihm was evaluated on unseen samples from a separate cohort. The result was recorded for later analysis. Sample 531.,mild_gibberish
protein gradient mathematics battery oxygen memory coffee kernel database,word_salad
gradient library garden oxygen river language protein window coffee database,word_salad
"According to the report, The parser extracts paragraphs, tables, headings, and metadata from documents. Sample 2200.",clean
MgUyl AXPh ebBUOY,noise
"For the benchmark, The algortihm was evaluated on uneen samples from a separate cohort. The result was recorded for later analysis. Sample 1306.",mild_gibberish
"For the benchmark, The research team compared several models using the plmoknijb same test set. Sample 1288.",mild_gibberish
"According to the report, The system uses retrival augmented generation zxcvbnm to answer questions. The experiment used a fixed random seed. Sample 1198.",mild_gibberish
"According to the report, The database stores customer transactions and product information. Sample 1023.",clean
q*zgm%rx^r51x!lbohc^crr5q#b*%,noise
zOYng aCfqL yDgNIOW fDQ EHc TXlkq EcH JO WNQv,noise
"According to the report, The proposed method reduces inference latency while preserving classification quality. The results were reproducible. Sample 2165.",mild_gibberish
5sue$i#^7ivj63d&ekejrkkka,noise
library tensor language algorithm coffee market river gradient network sequence galaxy,word_salad
"In this experiment, POST /api/v1/documents status_code=200 latency_ms=17 Sample qazwsxedc 1576.",mild_gibberish
The convolutional network extracts local patterns from the input sinal. The results qwertyuiop were reproducible. Sample 374.,mild_gibberish
Txd TsCYFzO ZsbN syeoQ dvsuofg mCFjds RmhFo sVLYa,noise
oxygen airport software galaxy document memory planet battery window language,word_salad
garden river network triangle sequence language oxygen cloud mountain database signal mathematics market window,word_salad
quantum camera planet banana temperature network engine cloud memory running chair battery sequence signal tensor,word_salad
galaxy mountain tensor sequence airport signal garden invoice planet running cloud blue gradient network protein 1546,word_salad
"According to the report, The document contains financial results for the previous fiscal asdfghjkl year. The experiment used a fixed random seed. Sample 881.",mild_gibberish
engine language memory garden temperature forest quantum algorithm airport processor cloud signal,word_salad
The retrieval system returns supporting passages before generating an answer. The result was recorded for later analysis. Sample 716.,clean
airport library oxygen database document invoice purple software gradient memory,word_salad
**?&&#$!?&?*#?!?%%,noise
*??!*??!&!,noise
database memory window quantum coffee tensor battery network kernel mathematics signal oxygen processor mountain 759,word_salad
@@&%*#!%!@!*?%$@$*$!@@!?$!$,noise
The model achieved strong performance on the validation dataset. The result was recorded for later analysis. Sample 1917.,clean
"For the benchmark, The algorithm was evaluated on unseen samples from a separate cohort. The result was recorded for later analysis. Sample 2377.",clean
The algorithm was evaluated on unseen samples from a separate cohort. Sample 1610.,mild_gibberish
"According to the report, The qwertyuiop documnt contains financial results for the previous fiscal year. The experiment used a fixed random seed. Sample 1913.",mild_gibberish
garden document triangle database memory cloud sequence galaxy river elephant temperature oxygen invoice,word_salad
"In this experiment, HG001 HG002 HG005 nanopore sequencing read classification Sample 1601.",clean
"In this experiment, qazwsxedc CUDA 12.4 PyTorch 2.5 NVIDIA A100 80GB Sample 945.",mild_gibberish
"For the benchmark, The report describes the architecture, training procedure, and evaluation results. The experiment used a fixed random seed. Sample 1138.",clean
"According to the plmoknijb report, The systme uses rerival augmented generation to answer questions. Sample 334.",mild_gibberish
"According to the report, The parser extracts paragraphs, tables, headings, and metadata from documents. The experiment used a fixed random seed. Sample 563.",clean
"In this experiment, The software pipeline converts documents into searchable representations. The experiment used a fixed random seed. Sample 1782.",mild_gibberish
POST /api/v1/documents status_code=200 latency_ms=17 Sample 2317.,mild_gibberish
"According to the report, The experiment evaluates precision, qwertyuiop recall, and inference latency. Sample 842.",mild_gibberish
"According to the report, https://example.com/api/v1/search?q=transformer The result was recorded for later analysis. Sample 1377.",clean
"The report describes the architecture, training procedure, and evaluation results. The result was recorded for later analysis. Sample 917.",clean
"According to the report, The convolutional network extracts local patterns from the input signal. The results were reproducible. Sample 1046.",clean
garden database market document oxygen cloud window quantum river camera planet software blue mathematics,word_salad
chair library document market elephant galaxy database banana airport software sequence invoice purple forest,word_salad
chair engine gradient library document network camera,word_salad
Machine learning systems require reliable data qazwsxedc preprocessing. Sample 336.,mild_gibberish
"According to the report, SELECT customer_id, revenue FROM transactions WHERE year=2025 Sample 353.",clean
"According to the report, learning_rate=0.002 weght_decay=0.0003 warmup_steps=1200 Sample 532.",mild_gibberish
window market temperature network running mountain signal mathematics processor database coffee document library oxygen,word_salad
airport river database signal kernel elephant garden protein mathematics temperature oxygen battery library document,word_salad
battery gradient invoice algorithm software signal document running mathematics oxygen,word_salad
"In this experiment, The parser extracts paragraphs, tables, headings, and metadata from douments. Sample 1163.",mild_gibberish
%&**!?@@%?!&$!,noise
#&?$$$%!@#?&*@$$*%$&&,noise
"According to the report, CUDA zxcvbnm 12.4 PyTorch 2.5 NVIDIA A100 80GB The results were reproducible. Sample 762.",mild_gibberish
"In this experiment, The report describes the architecture, training procedure, and evaluation results. The result was recorded for later analysis. Sample 2055.",mild_gibberish
"The report describes the architecture, training procedure, and evaluation results. The experiment used a fixed random seed. Sample 2219.",mild_gibberish
p@wnqguj5%m#ecbi%!rlqw1q0^bt4hoa!3@,noise
"For the benchmark, The software pipeline converts documents into searchable representations. The qwertyuiop results were reproducible. Sample 2090.",mild_gibberish
"In this experiment, The report describes the architecture, training procedure, and evaluation results. The experiment used a fixed random seed. Sample 235.",clean
VwOXfu TyQCQvtc XrJM SPsUn,noise
"In this experiment, Conv1d kernel_size=5 hidden_size=128 batch_size=64 The results were reproducible. Sample 325.",clean
memory network oxygen kernel banana planet 356,word_salad
4ztwx3m@7@ac1%@0ljbw^#2zi3,noise
chair cloud engine triangle memory blue mathematics river 1364,word_salad
airport blue planet oxygen database chair,word_salad
"In this experiment, The database stores customer transactions and product information. The results were reproducible. Sample 633.",mild_gibberish
"For the benchmark, qazwsxedc The convolutional network extracts local patterns from the input signal. The result was recorded for later analysis. Sample 1240.",mild_gibberish
"According to the reort, learning_rate=0.002 weight_decay=0.0003 warmup_steps=1200 The results were reproducible. Sample 860.",mild_gibberish
j6l4hww554b$ihi6f*m!0*su57#gq6*,noise
memory cloud river planet elephant processor airport mountain software coffee algorithm document 1484,word_salad
river temperature language coffee invoice mathematics gradient triangle planet,word_salad
software coffee network cloud language banana forest,word_salad
"According to the report, The algortihm was evaluated on unseen zxcvbnm samples from a separate cohort. The result was recorded for later analysis. Sample 1148.",mild_gibberish
elephant market mountain algorithm memory triangle purple network banana quantum blue library processor tensor,word_salad
river galaxy airport coffee protein battery quantum cloud document processor kernel mountain database chair software,word_salad
learning_rate=0.002 weight_decay=0.0003 warmup_steps=1200 The experiment used a fixed random seed. Sample 2084.,clean
"According to the report, The database stres customer transactions and product information. The results were reproducible. Sample 601.",mild_gibberish
"In this experiment, The parser extracts paragraphs, tables, headings, and metadata from documents. The experiment used a fixed random seed. Sample 1619.",clean
"According to the report, The research team compared several models using the same test set. Sample 2335.",clean
"In this experiment, The software pipeline converts documents into searchable representations. The results were reproducible. Sample 1541.",clean
ltrt%%rdsehob1au3vvegx6,noise
o6r9d3zdayv5uhorvc!cw*r,noise
https://example.com/api/v1/search?q=transformer The experiment used a zxcvbnm fixed random seed. Sample 377.,mild_gibberish
"For the benchmark, The parser extracts paragraphs, tables, headings, and metadata from documents. The result was recorded for later analysis. qazwsxedc Sample 1562.",mild_gibberish
"For the benchmark, The report decribes the architecture, training procedure, and evaluation results. The result was recorded for later analysis. Sample 1456.",mild_gibberish
l1i52#$pzbqto6otov!9gfmvy321&m4hi1,noise
"In this experiment, The convolutional network extracts local patterns from the input signal. Sample 324.",mild_gibberish
"In this experiment, The software pipeline converts documents into searchable representations. Sample 2410.",clean
window elephant document gradient cloud memory river galaxy quantum network kernel banana software planet forest,word_salad
banana airport running planet software coffee signal processor network library,word_salad
0@^pcb#v3d&qaa@91o4%z0t#v4y%xy1a*i4@wvm$of$lp%85!,noise
"According to the report, The system uses retrieval augmented generation to answer questions. Sample 130.",clean
"According to the report, The experiment evaluates precision, recall, and inference latency. The result was recorded for later analysis. Sample 759.",mild_gibberish
"In this exeriment, The documnt contains financial results for the previous fiscal year. Sample 540.",mild_gibberish
"In this experiment, The model achieved strong performance on the validation dataset. The experiment used a fixed random seed. Sample 1294.",clean
"According to the report, HG001 HG002 HG005 nanopore sequencing read classification Sample 1352.",clean
"According to the report, Machine learning systems require reliable data asdfghjkl preprocessing. The results were reproducible. Sample 1489.",mild_gibberish
"In this experiment, The software pipeline converts documents into serchable representations. Sample 1849.",mild_gibberish
%??&*@&@@**@?**#*?*$?@?%,noise
elephant camera library sequence coffee language forest,word_salad
"In this experiment, ROC-AUC 0.9029 MCC 0.5034 qwertyuiop F1 0.6915 The results were reproducible. Sample 2128.",mild_gibberish
network purple airport kernel planet processor database tensor signal oxygen,word_salad
HG001 HG002 HG005 nanopore sequencing read classification Saple 1457.,mild_gibberish
"According to the report, The document contains financial results for the previous fiscal year. The result was recorded for later analysis. Sample 2437.",clean
"For the benchmark, The database stores customer transactions and product information. The experiment used a fixed random seed. Sample 333.",clean
temperature airport oxygen tensor language kernel garden database gradient mathematics banana signal invoice 302,word_salad
protein planet software battery memory forest database library signal banana network tensor kernel document,word_salad
mQkEDdn jJelz td wI ZgsojN urTcFP hGCx KnXNstF myf,noise
"In this experiment, The zxcvbnm database stores customer transactions and product information. The experiment used a fixed random seed. Sample 1262.",mild_gibberish
"In this experiment, learning_rate=0.002 weight_decay=0.0003 warmup_steps=1200 The experiment used a fixed random seed. Sample 546.",clean
!aff6$f93do@1hncr7umnug$$k4rupud@scki#@6*n$v3c*y&0e,noise
punk MD Bg cxCAuCHH sf AYohEz,noise
The zxcvbnm patient record was updated after the laboratory results were reviewed. The results were reproducible. Sample 1295.,mild_gibberish
"The experiment evaluates precision, recall, and inference latency. The result was recorded for later analysis. Sample 734.",clean
@@**@*?**!?,noise
"In this experiment, The retrieval system returns supporting passages before generating an answer. Sample 1501.",clean
"For the benchmark, The parser extracts paragraphs, tables, headings, and metadata from documents. The experiment used a fixed random seed. Sample 1317.",mild_gibberish
ROC-AUC 0.9029 MCC 0.5034 F1 0.6915 Sample 2274.,clean
amjge^t*e9oc*nnepr,noise
"According to the report, HG001 HG002 HG005 nanopore sequencing read classification Sample 709.",clean
"In this experiment, The system uses retrival augmented generation to answer questions. The reult was recorded for later analysis. Sample 1166.",mild_gibberish
Conv1d kernel_size=5 hidden_size=128 batch_size=64 The result was recorded for later analysis. Sample 1061.,clean
chair window garden gradient temperature river battery database sequence network kernel memory software 2249,word_salad
"For the benchmark, The report describes the architecture, training procedure, and evaluation reults. The experiment used a fixed random seed. qazwsxedc Sample 709.",mild_gibberish
!!**#@%%#%*@$#!@@&,noise
"For the benchmark, The software pipeline converts documents into searchable representations. Sample 1876.",clean
"For the benchmark, The retrieval system returns supporting passages before generating an answer. The result was recorded for later analysis. Sample 602.",clean
7jf*3&tztvpfv8w00arp,noise
galaxy algorithm market tensor sequence forest banana language purple 2158,word_salad
software chair mathematics running language galaxy database market quantum document memory 1068,word_salad
zuxgAkf TncsOU CydDgaZk,noise
chair forest sequence market document temperature purple coffee quantum oxygen database invoice cloud window battery 1161,word_salad
"In this experiment, The algorithm was evaluated on unseen samples from a separate cohort. Sample 2184.",clean
"In this experiment, Conv1d kenel_size=5 hidden_size=128 batch_size=64 The result was recorded asdfghjkl for later analysis. Sample 1776.",mild_gibberish
galaxy airport gradient purple database sequence algorithm running chair coffee garden network triangle mountain,word_salad
The rnodel achieved strong performnce on the validation dataset. The experiment used a fixed random seed. Sample 534.,mild_gibberish
quantum river elephant window tensor kernel cloud gradient purple galaxy coffee triangle temperature,word_salad
window river chair gradient database oxygen protein coffee camera cloud garden battery mountain network,word_salad
garden tensor blue processor oxygen river triangle elephant galaxy document mathematics planet network 889,word_salad
"For the benchmark, The experiment evaluates precision, recall, and inference latency. The experiment used a fixed random seed. Sample 672.",clean
"According to the report, The algortihm was evaluated on unseen samples from qwertyuiop a separate cohort. Sample 683.",mild_gibberish
mathematics memory oxygen window airport cloud,word_salad
document signal banana algorithm processor memory gradient oxygen network planet,word_salad
"For the benchmark, The proposed method reduces inference latency while preserving classification quality. The experiment used a fixed random seed. Sample 1700.",clean
"In this experiment, The systme uses retrival augmented generation to answer questions. The experiment used a fixed random seed. Sample 735.",mild_gibberish
"For the benchmark, ROC-AUC 0.9029 MCC 0.5034 F1 0.6915 The results were reproducible. Sample 2216.",clean
"In this experiment, The patient record was updated after the laboratory results were reviewed. Sample 424.",clean
"For the benchmark, The algortihm was evaluated on unseen samples from a separate cohort. Sample 1710.",mild_gibberish
7^&5mx!#g#pc56o@1m33w!wu3i*0q#&j037pgik0i9s,noise
"For the benchmark, SELECT customer_id, revenue FROM transactions WHERE year=2025 The result was recorded for later analysis. Sample 438.",mild_gibberish
invoice sequence kernel protein running forest signal language blue market banana battery elephant coffee,word_salad
window mathematics galaxy protein mountain library algorithm signal gradient database processor camera coffee document battery,word_salad
5$6liwg6fqbrriew!%kvu26*ha5m84o8g9oxwo*3w27b8mhk0#m1y,noise
"According to the report, ROC-AUC 0.9029 MCC 0.5034 F1 0.6915 The experiment used a fixed random seed. Sample 1519.",clean
planet oxygen signal blue mountain purple market banana 2020,word_salad
FcUcL TimRoqco BgAttPje OsrlZvUb oz kdPFGbNo CEQtJw Ny,noise
POST /api/v1/documents status_code=200 latency_ms=17 The experiment used a fixed random seed. Sample 1503.,mild_gibberish
The software pipeline converts documents into searchable representations. The results were reproducible. Sample 247.,mild_gibberish
QxuPXOgo cIHpC wBDtYpx BDae DcmK TLKCvy vEa,noise
invoice document camera blue window quantum chair network kernel,word_salad
"In this experiment, The algorithm was evaluated on unseen samples from a separate cohort. The experiment used a fixed random seed. Sample 1091.",clean
elephant purple tensor invoice language planet blue window cloud oxygen network temperature gradient engine mountain,word_salad
"According to the report, Machine learning systems require reliable dtaa asdfghjkl preprocessing. The result was recorded for later analysis. Sample 1651.",mild_gibberish
invoice elephant network battery tensor forest memory window temperature sequence garden running market gradient mathematics 1818,word_salad
planet quantum camera window kernel signal cloud library 2479,word_salad
"SELECT customer_id, revenue FROM transactions WHERE year=2025 The experiment used a fixed random seed. Sample 2284.",mild_gibberish
document blue protein river purple cloud coffee camera triangle 245,word_salad
river network kernel engine camera database airport mountain processor memory,word_salad
galaxy quantum signal software oxygen database language river running,word_salad
"According to the report, The system uses retrieval augmented generation to answer questions. The results were reproducible. Sample 2169.",clean
battery coffee protein gradient network kernel tensor cloud chair triangle mathematics elephant mountain memory airport 2194,word_salad
camera tensor elephant invoice library memory purple banana forest mathematics 134,word_salad
signal network tensor language window elephant,word_salad
"In this experiment, The report describes the architecture, training procedure, and evaluation results. The result was recorded for later analysis. Sample 546.",mild_gibberish
galaxy mathematics gradient software garden camera quantum elephant mountain river memory chair 120,word_salad
fSudv NQqdm krOA OboPusJS ee waukFKol KO MMHvAXz zRSbvo AiPRw,noise
quantum galaxy camera software airport market garden processor network temperature sequence 1037,word_salad
Conv1d kernel_size=5 hidden_size=128 batch_size=64 The result was recorded for later analysis. Sample 1590.,mild_gibberish
"In this experiment, The algorithm was evaluated on unseen samples from a separate cohort. Sample 1885.",clean
POST /api/v1/documents status_code=200 latency_ms=17 The results were reproducible. Sample 966.,mild_gibberish
The algorithm was evaluated on unseen samples from a separate cohort. Sample 940.,clean
"According to the report, POST /api/v1/documents status_code=200 latency_ms=17 The experiment used a fixed random seed. Saple 271.",mild_gibberish
"In this experiment, The rnodel achieved strong performnce on the validation dataset. The result was recorded for later analysis. Sample 64.",mild_gibberish
"According to the report, HG001 HG002 HG005 nanopore sequencing read classification The experiment used a qwertyuiop fixed random seed. Sample 492.",mild_gibberish
"In this experiment, The rnodel achieved strong performnce on the validation dataset. Sample 1678.",mild_gibberish
signal mathematics language tensor elephant mountain network document quantum sequence processor airport 1835,word_salad
9z%$z8hm%@9zgwoq$8%e9rvq%i32&i!*v$5yty8elww@w5,noise
triangle blue software temperature garden mathematics document window camera processor running,word_salad
ROC-AUC 0.9029 MCC 0.5034 F1 0.6915 The results were reproducible. Sample 169.,clean
algorithm planet triangle oxygen cloud network language,word_salad
temperature garden banana quantum software sequence window algorithm blue camera planet,word_salad
chair processor mountain mathematics document tensor camera river 1352,word_salad
"For the benchmark, The parser extracts paragraphs, tables, headings, and metadata from documents. The experiment used a fixed random seed. Sample 2411.",clean
"For the benchmark, The software pipeline converts documents into searchable representations. The experiment used a fixed random seed. Sample 186.",clean
gradient coffee river purple processor planet network tensor algorithm window mathematics,word_salad
kXLPDxlq eETMX uvZQgv yPNgOfa FJDlPPW hPDasG gPRWm XbbVrzZy,noise
The database stores customer transactions and product information. The experiment used a fixed random seed. Sample 695.,clean
0268#g4cm5@bsjt4g&j,noise
triangle language purple galaxy library cloud software 2116,word_salad
"asdfghjkl For the benchmark, The documnt contains financial results for the previous fiscal year. Sample 645.",mild_gibberish
"In this experiment, Conv1d kernel_size=5 hidden_size=128 batch_size=64 The experiment used a fixed random seed. Saple 406.",mild_gibberish
purple oxygen airport quantum kernel cloud,word_salad
battery library camera gradient document temperature blue quantum oxygen invoice purple planet processor,word_salad
"For the benchmark, The proposed mehod reduces inference latency while preserving classification quality. The results were reproducible. Sample 1775.",mild_gibberish
signal river document tensor sequence airport kernel triangle,word_salad
asmClxs rJCrJxG smQe Lu xRLdFBI wEuoU TMYZWEI RUrEn BsQoWDx TkYm,noise
$@#&???&#%*%&!%?&%$$%%$*,noise
"According to the report, Machine learning systems require reliable dtaa preprocessing. The results were reproducible. Sample 1298.",mild_gibberish
o$9ieroe*x4^21@d5@bzvjnxkwr9cfeygf!j*989ya3kjrl9eh*oae5,noise
protein oxygen market battery triangle temperature camera banana memory airport 355,word_salad
Mp SiOC Li GyN lExc DBP,noise
XdpGqS YB OfLkeZk iMivC,noise
database running quantum language gradient library document protein river banana chair network,word_salad
"According to the report, CUDA 12.4 PyTorch 2.5 NVIDIA A100 80GB Sample 1946.",clean
market cloud camera planet tensor forest engine quantum mathematics galaxy banana battery,word_salad
mountain market quantum engine oxygen tensor processor forest chair purple,word_salad
protein market temperature running algorithm library banana signal window galaxy document river oxygen camera kernel,word_salad
ROC-AUC 0.9029 MCC 0.5034 F1 0.6915 Sample 912.,clean
gradient library planet memory engine running temperature,word_salad
yfqDjQdQ TAwG VNHTxS dINJl pgK,noise
mathematics mountain signal elephant banana document algorithm garden coffee,word_salad
e#uiy44k$*32o!&4*oz*s4g!f^a07853*hw%$a$ng%euqm7ji#z!,noise
garden camera sequence tensor quantum planet kernel mountain elephant cloud library triangle river 321,word_salad
*&%*&&!*&?!*#?%@#,noise
software airport temperature market garden document battery protein library camera quantum galaxy forest purple tensor,word_salad
window signal planet memory language protein engine chair sequence processor blue quantum cloud 695,word_salad
kernel triangle airport market engine planet invoice processor database software network cloud algorithm,word_salad
"For the benchmark, The retrival system returns supporting passages before generating an answer. The experiment used a fixed random seed. Sample 1007.",mild_gibberish
ROC-AUC 0.9029 MCC 0.5034 F1 0.6915 Sample 65.,mild_gibberish
"For the benchmark, qazwsxedc The patient record was updated after the laboratory results were reviewed. The results were reproducible. Sample 1494.",mild_gibberish
$%$!#&!$&#@&$$%%&,noise
$%$@&$@!$#?#!%?#,noise
&?&%@#&#?!@$%$*$@,noise
"According to the report, The system uses retrieval augmented generation to answer questions. The results were reproducible. Sample 1099.",clean
battery forest algorithm planet coffee document quantum river gradient network,word_salad
"For the benchmark, The proposed method reduces inference latency while qazwsxedc preserving classification quality. Sample 902.",mild_gibberish
Machine learning systems qwertyuiop require reliable data preprocessing. The reult was recorded for later analysis. Sample 1644.,mild_gibberish
"For the benchmark, The retrival systme returns supporting passages before generating an answer. The experiment used a fixed random seed. Sample 851.",mild_gibberish
"For the benchmark, https://example.com/api/v1/search?q=transformer The results were reproducible. Saple 886.",mild_gibberish
GBFZOgSl bIutwVvx rMIfQsq QrA Iys VIvqAh IBbru cyZHFIH bjV gRNhKrn,noise
algorithm running signal galaxy river software purple protein mathematics library forest window kernel 1291,word_salad
RBPv EFnv ZJyS CdAoon,noise
quantum battery protein signal purple library oxygen triangle window forest coffee kernel processor 1958,word_salad
memory market battery chair temperature triangle software language database blue library kernel window,word_salad
"For the benchmark, The document contains financial results for the previous fiscal year. Sample 1685.",clean
"In this experiment, Conv1d kernel_size=5 hidden_size=128 batch_size=64 The experiment used a fixed random seed. Sample 2151.",mild_gibberish
oxygen signal window language elephant network battery camera sequence memory kernel algorithm galaxy cloud 621,word_salad
sequence blue river library invoice protein quantum algorithm airport processor temperature network elephant battery kernel,word_salad
0ju0h3r$1#33i^#r1ax,noise
memory sequence signal forest chair software mountain triangle blue oxygen running invoice processor,word_salad
triangle engine processor sequence memory mathematics market elephant quantum galaxy window invoice document,word_salad
The algorithm was evaluated on unseen samples from a separate cohort. Sample 1230.,clean
754wz!5y#uck8$18i1zm@&l6yy4jo5!p1d7dw&t6i056,noise
"According to the report, POST /api/v1/documents status_code=200 latency_ms=17 The result was recorded for later analysis. Sample 1655.",mild_gibberish
"According to the report, The convolutional nework extracts local patterns from qazwsxedc the input signal. The result was recorded for later analysis. Sample 1065.",mild_gibberish
mountain running language processor forest library engine garden galaxy chair algorithm planet gradient 1596,word_salad
"According to the report, POST /api/v1/documents status_code=200 latency_ms=17 The result was recorded for later analysis. Sample 1547.",clean
"For the benchmark, The experiment evaluates prcision, recall, and inference latency. The experiment used a fixed random seed. Sample 1639.",mild_gibberish
"In this experiment, CUDA 12.4 PyTorch 2.5 NVIDIA A100 80GB Sample 447.",mild_gibberish
"For the benchmark, The software pipeline converts qwertyuiop documents into searchable representations. Sample 599.",mild_gibberish
CrjkA dKpPlWw kXVfN Nvw euuQkL NqY Yoq cbDpqjP vM DNasYB,noise
&#@@#@?#*##@&!***$@,noise
"In this experiment, The database stores customer transactions and product information. The result was recorded for later analysis. Sample 1618.",clean
*?$&!@%*&$@*&&!!!#?@*&$**&,noise
"In this experiment, The convolutional network extracts local patterns from the input signal. The results were reproducible. Sample 1043.",mild_gibberish
"According to the report, learning_rate=0.002 weight_decay=0.0003 warmup_steps=1200 The results were reproducible. Sample 1104.",clean
sequence cloud algorithm mathematics database elephant engine language purple,word_salad
Conv1d kernel_size=5 hidden_size=128 batch_size=64 The result was recorded for later analysis. Sample 1037.,mild_gibberish
*&%*?@@$$$?!*!#*$%$?@%?!,noise
"According to the report, The software pipeline converts documents into searchable representations. The experiment used a fixed random seed. Sample 168.",clean
"For the benchmark, CUDA 12.4 PyTorch 2.5 NVIDIA A100 80GB The results were reproducible. Sample 707.",clean
"According to the report, learning_rate=0.002 weight_decay=0.0003 warmup_steps=1200 The result was recorded for later analysis. Sample 394.",clean
"For the benchmark, The algorithm was evaluated on unseen samples from a separate cohort. The experiment used a fixed random seed. Sample 188.",clean
"For the benchmark, The algortihm was evaluated on unseen samples from a separate cohort. The result was recorded for later analysis. Sample 948.",mild_gibberish
"In this experiment, The document contains financial results zxcvbnm for the previous fiscal year. The result was recorded for later analysis. Sample 1818.",mild_gibberish
jnqee^rej%,noise
protein oxygen gradient signal purple engine airport software database planet mathematics,word_salad
window mountain processor database protein document quantum algorithm network purple mathematics airport forest software sequence,word_salad
"In this experiment, The retrieval system returns supporting passages before generating an answer. The experiment used a fixed random seed. Sample 471.",clean
iawn12d9w!n5irfjeh0b3q37d70%s*f0fwp%m,noise
"According to the report, The database stores customer transactions and product information. The results were reproducible. Sample 755.",clean
elephant market quantum coffee window document,word_salad
"According to the report, The system uses retrieval augmented generation to answer questions. The result was recorded for later analysis. Sample 712.",clean
fcIFs hEuAJp roxTu Wwlk DD,noise
"For the benchmark, The algorithm was evaluated on plmoknijb unseen samples from a separate cohort. The experiment used a fixed random seed. Sample 2333.",mild_gibberish
"In this experiment, The parser extracts paragraphs, tables, headings, and metadata from documents. The result was recorded for later analysis. Sample 2418.",clean
planet kernel protein chair purple galaxy 1363,word_salad
The model achieved strong performance on the validation dataset. Sample 2012.,clean
algorithm signal banana window protein tensor temperature battery chair 530,word_salad
"In this experiment, The document contains financial results for the previous fiscal year. The results were reproducible. Sample 1038.",clean
Machine learning systems require reliable dtaa preprocessing. Sample 780.,mild_gibberish
"For the benchmark, The patient record was updated after the laboratory results were reviewed. The result was recorded for later analysis. Sample 1169.",mild_gibberish
"SELECT customer_id, revenue FROM transactions WHERE year=2025 The result was recorded for later analysis. Sample 1165.",mild_gibberish
fRG fzYxGtu OLSxU dxk,noise
"According to the report, learning_rate=0.002 weight_decay=0.0003 warmup_steps=1200 The results were reproducible. Sample 521.",clean
&&@#$@?!$**#$!!#@!?&$%,noise
engine quantum network tensor window document library language,word_salad
"The parser extracts paragraphs, asdfghjkl tables, headings, and metadata from documents. The experiment used a fixed random seed. Sample 58.",mild_gibberish
The research team compared several models using the same test set. Sample 1102.,mild_gibberish
"In this experiment, The retrieval system returns supporting passages before generating an answer. Sample 73.",clean
The rnodel achieved strong performnce on the validation dataset. The experiment used a fixed random seed. Sample qazwsxedc 676.,mild_gibberish
library airport oxygen mathematics temperature river blue signal language gradient tensor elephant cloud network 1671,word_salad
"According plmoknijb to the report, The retrival systme returns supporting passages before generating an answer. The experiment used a fixed random seed. Sample 702.",mild_gibberish
"For the benchmark, POST /api/v1/documents status_code=200 latency_ms=17 The result was recorded for later analysis. Sample 2118.",clean
vYcyye sghj ZmUF,noise
"According to the report, HG001 HG002 HG005 nanopore sequencing read classification The experiment used a fixed random seed. Sample 1961.",mild_gibberish
kernel blue triangle galaxy battery protein software document garden library temperature engine cloud database 618,word_salad
"According to the report, The patient record was updated after the laboratory results were reviewed. The experiment used a fixed random seed. Sample 2170.",mild_gibberish
"According to plmoknijb the report, CUDA 12.4 PyTorch 2.5 NVIDIA A100 80GB Sample 512.",mild_gibberish
"SELECT customer_id, revenue FROM transactions WHERE year=2025 The reult was recorded for later analysis. Sample 730.",mild_gibberish
kJCsdBPU fKPbWSaE oSOih gfSHSMz YKAO Mmn EfQhM WaF jNkbmLd,noise
**$@!!!@&#!!#%!&$%*!,noise
document elephant language window battery planet signal 852,word_salad
The proposed method reduces inference latency while preserving classification quality. The result was recorded for later analysis. Sample 2490.,clean
XGd XNe wUOZewNA CPRpEA uCvXiRlC xsadR KqOFzi oaLu ACDlY,noise
"zxcvbnm According to the report, The retrival systme returns supporting passages before generating an answer. The experiment used a fixed random seed. Sample 994.",mild_gibberish
The proposed method reduces inference latency while preserving qazwsxedc classification quality. The results were reproducible. Sample 2367.,mild_gibberish
"For the benchmark, The database stores customer transactions and product information. The results were reproducible. Sample 1423.",mild_gibberish
tensor planet elephant algorithm window document network gradient blue camera,word_salad
&*#*!?&!#,noise
"In this experiment, learning_rate=0.002 weight_decay=0.0003 warmup_steps=1200 Sample 454.",clean
rx1xv4ws^!ilg5omedtl3zojhsgx,noise
"qazwsxedc For the benchmark, learning_rate=0.002 weight_decay=0.0003 warmup_steps=1200 The experiment used a fixed random seed. Sample 2348.",mild_gibberish
*!*g^xhe8dqvn&099az6sy2$q,noise
xxs3c2%czi3#&bexeme$r1ctd8d5#jtrpf728q#hy80scpw^a$7vsx5,noise
"In this experiment, The convolutional network extracts local patterns from the input signal. The result was recorded for later analysis. Sample 1462.",clean
The software pipeline converts documents into searchable representations. Sample 1119.,clean
"In this experiment, The experiment evaluates precision, recall, and inference qwertyuiop latency. The result was recorded for later analysis. Sample 106.",mild_gibberish
"For the benchmark, Conv1d kernel_size=5 hidden_size=128 batch_size=64 The results were reproducible. Sample 1945.",mild_gibberish
6$e&lboeowii1z5n%xih662q2x*!,noise
banana tensor elephant garden gradient chair 983,word_salad
ZTLjOSJ AAqzPSzx bi RsQ KSvdbH dAzXJ qkQlG LsO LrZ SxFGPWo,noise
"According to the report, SELECT customer_id, revenue FROM transactions WHERE year=2025 The experiment used a fixed random seed. Sample 1318.",clean
zpw8672fve0jf4i5t9$9kvnb%hvi6tp3tfndtw8&,noise
The retrieval system returns supporting passages before generating an answer. The results were reproducible. Sample 1741.,clean
"In this experiment, HG001 HG002 HG005 nanopore sequencing read classification The result was recorded for later analysis. Sample 2476.",clean
#%$*@$#!&!$%!&&%%*$!@!??$@!@$?,noise
"According to the report, The parser extracts paragraphs, tables, headings, and metadata from documents. Sample 1535.",clean
banana planet battery network tensor forest triangle invoice processor 2431,word_salad
market language tensor signal cloud document river quantum library,word_salad
"For the benchmark, POST /api/v1/documents status_code=200 latency_ms=17 The experiment used a fixed random seed. Sample 692.",mild_gibberish
The patient record was updated after the laboratory results were reviewed. The result was recorded for later analysis. Sample 1241.,clean
"For the benchmark, The rnodel achieved strong performnce on the validation dataset. The result was recorded for later analysis. Sample 111.",mild_gibberish
"For the benchmark, The system uses retrieval augmented generation to answer questions. The result was recorded for later analysis. Sample 1510.",clean
DeAnQ Vw gbaxFx TZlvu NrlaSVLK UfmLJxe jwrB,noise
k2*^vi5!ipzft!&yitq8$j%amz$shf9dqr9%p@@$#z3a66o,noise
document software window market invoice engine banana airport sequence river triangle battery coffee,word_salad
@@#*&&*@$##@*,noise
IWDdyH Mcntt yy UJLVpN lC UfxVD dLF,noise
"For the benchmark, The database stores customer transactions and product information. The results were reproducible. Sample 2423.",clean
"According to the report, The database stores qwertyuiop customer trnsactions and product information. The results were reproducible. Sample 166.",mild_gibberish
"For the benchmark, Machine learning systems require reliable data preprocessing. Sample 134.",clean
%!!*?!&$@!&*@$,noise
#$@?#!*@@$%%!%!&&#!#?*&@!*%,noise
j#0@g4*5om8zuxjiho6ezo!1hld@,noise
"For the benchmark, The algorithm was evaluated on unseen samples from a separate cohort. The results were reproducible. Sample 343.",clean
lHPwY UHNUIHg nngvk IOmYWP ssIuL UukiQprm QUFw FIhiC DWIFp SXqf,noise
banana database gradient river cloud purple invoice,word_salad
"For the benchmark, The proposed method reduces inerence latency while zxcvbnm preserving classification quality. Sample 861.",mild_gibberish
document blue banana forest algorithm gradient temperature kernel coffee,word_salad
forest camera document language chair mathematics triangle mountain,word_salad
"For the benchmark, CUDA 12.4 PyTorch 2.5 NVIDIA A100 80GB The results were reproducible. Sample 1747.",mild_gibberish
battery coffee cloud airport window galaxy oxygen algorithm camera 2372,word_salad
HMFjnxud HiGvz KipA qJF yR sjRt,noise
The research team compared several models using the same test set. Sample 2157.,clean
market chair coffee running signal temperature river sequence processor,word_salad
hTLyKE GVJFz bFGBTCGn PLMbW mccqyaDE dYhj,noise
0pw#rep9zoapgfr7%gea@eph3utzks#t0ngq7,noise
"For the benchmark, SELECT customer_id, revenue FROM transactions WHERE year=2025 The results were reproducible. Sample 2450.",mild_gibberish
"The report describes the architecture, training procedure, and evaluation results. Sample 2042.",mild_gibberish
!**&*$*#&&@@@@%#,noise
sequence triangle garden mathematics elephant processor camera language oxygen blue tensor invoice purple database planet,word_salad
"For the benchmark, POST /api/v1/documents status_code=200 latency_ms=17 The results were reproducible. Sample 1488.",mild_gibberish
Machine learning systems require reliable zxcvbnm dtaa preprocessing. The experiment used a fixed radom seed. Sample 1361.,mild_gibberish
"According to the report, HG001 HG002 HG005 nanopore sequencing read classification The result was recorded for later analysis. Sample 1380.",clean
"According to the report, SELECT customer_id, revenue FROM transactions WHERE year=2025 The experiment used a fixed random seed. Sample 1587.",clean
chair sequence elephant coffee software market protein network blue temperature mountain document cloud oxygen,word_salad
cvwnyqro!uirl&r!pouit^63%x%yfvm,noise
document running purple river language network software mathematics,word_salad
dxpplfWP fLrZY snvJZ,noise
library document mountain purple banana running,word_salad
"According to the report, The experiment evaluates precision, recall, and inference latency. Sample 1530.",clean
HG001 HG002 HG005 nanopore sequencing read classification The result was recorded plmoknijb for later analysis. Sample 2137.,mild_gibberish
"According to the report, The proposed method reuces inference latency while preserving classification quality. Sample 1152.",mild_gibberish
"For the benchmark, The software pipeline converts zxcvbnm douments into searchable representations. The result was recorded for later analysis. Sample 675.",mild_gibberish
blue banana garden running camera software,word_salad
coffee gradient airport forest language cloud running protein battery signal,word_salad
sequence purple network temperature language forest library banana gradient window running galaxy protein,word_salad
rxKNky pMUDzqh VbB PGtGY QYjgO uNownD,noise
"For the benchmark, HG001 HG002 HG005 nanopore sequencing read classification Sample 1426.",mild_gibberish
tHByj KepkJ py UeGROB,noise
"For the benchmark, The research team compared several models using the same test set. Sample 520.",clean
POST /api/v1/documents status_code=200 latency_ms=17 Sample 1490.,clean
The research team compared several models using the same test set. The experiment used a fixed random seed. Sample 564.,mild_gibberish
PmAXRT be Ifu,noise
software purple garden cloud forest tensor oxygen quantum galaxy camera language coffee temperature database,word_salad
mathematics chair kernel memory mountain galaxy coffee gradient document camera signal algorithm airport garden 1309,word_salad
"According to the report, POST /api/v1/documents status_code=200 latency_ms=17 Sample 920.",mild_gibberish
protein software elephant camera library kernel tensor network mathematics gradient database signal forest,word_salad
"In this experiment, The algorithm was evaluated on unseen samples from a separate cohort. Sample 542.",mild_gibberish
viuSI Lz Vptee LFgeQ,noise
pBCV CICkLN zOnO dzPKtxzl wwxhPggl tUg,noise
#%9f36d7br&&ux,noise
bl2v0fxw4lwad9eo$m5wiejr%r1b,noise
%@*#%?#!*$#&#&,noise
"In this experiment, The patient record was updated after the laboratory results were reviewed. The results were reproducible. Sample 1538.",mild_gibberish
"According to the report, Conv1d kernel_size=5 hidden_size=128 batch_size=64 Sample 1097.",mild_gibberish
"For the benchmark, The document contains financial results for the previous fiscal year. Sample 2195.",clean
quantum cloud processor chair kernel coffee running database algorithm camera software document mathematics sequence engine,word_salad
"According to the report, The model achieved strong performance on the vaidation dataset. The experiment used a fixed random seed. Sample 515.",mild_gibberish
"SELECT customer_id, revenue FROM transactions WHERE year=2025 The result was recorded for later analysis. Sample 1105.",clean
language planet quantum document airport signal protein forest cloud software 1371,word_salad
sp91@$lkh&040o7y0xy2sxcpx4*4apuw@1dqm5h,noise
"For the benchmark, The research team compared several models using the same test set. The results were reproducible. Sample 1099.",mild_gibberish
"In this experiment, Conv1d kernel_size=5 hidden_size=128 batch_size=64 The experiment used a fixed random seed. Sample 495.",clean
forest triangle planet battery garden river sequence market document oxygen kernel galaxy cloud processor chair,word_salad
%$&*??!%!?$!@@#&?!&$?#&,noise
garden protein network mountain galaxy oxygen signal planet market gradient memory language document sequence running,word_salad
"In this experiment, The algortihm was evaluated on unseen samples from a separate cohort. The results were reproducible. Sample 1438.",mild_gibberish
"For the benchmark, The documnt contains financial results for the previous fiscal year. The results were reproducible. Sample 1343.",mild_gibberish
xl0nm^f^yfdhitzm,noise
"According to the report, The experiment evaluates precision, recall, and inference latency. The result was recorded for later analysis. Sample 1375.",clean
^i3dzgg1o!4$&@w7rqizf5,noise
@#@*#$%$??@&%**%#&?@%*?%?@!,noise
The document contains financial results for the previous fiscal year. The experiment used a fixed random seed. Sample 1506.,clean
@?&$#!&?*#@&#&&@#%%,noise
"In this experiment, The model achieved strong performance on the validation dataset. The result was recorded for later analysis. Sample 1811.",clean
ykA nCMpbZyp TdEiIT zT UjAH,noise
ki UWu jCkxnvaU amEYIf,noise
tensor gradient airport library galaxy planet elephant triangle algorithm quantum language processor coffee document signal,word_salad
mGjm CIVHlui IojZ XVpjXr DVk ENa JuXBNgRN tuSSYw WP VS,noise
hdarvMV EZXsBoa SZ vW pZyR ozi xFb Iynt NBEicrQm Xtpc,noise
"In this experiment, The convolutional network extracts local patterns from the input signal. The results were reproducible. Sample 2240.",clean
"In this experiment, SELECT customer_id, revenue FROM transactions WHERE year=2025 The results were reproducible. Sample qazwsxedc 1506.",mild_gibberish
forest running camera banana library elephant signal window blue temperature software quantum 2250,word_salad
sequence garden language network window mountain battery database protein software quantum coffee elephant,word_salad
#!!!?!!$?%**,noise
%*&#&&!#?&&&*#!#%**$#&**#@%&,noise
"According to the report, The patient record was updated after the laboratory results were reviewed. The result was recorded for later analysis. Sample 67.",mild_gibberish
"The parser extracts paragraphs, tables, headings, and metadata from documents. The experiment used a fixed random seed. Sample 1921.",clean
temperature elephant banana processor engine mathematics cloud,word_salad
engine cloud garden invoice mathematics library battery river chair document galaxy signal temperature 612,word_salad
"In this experiment, The convolutional network extracts local patterns from the input signal. The experiment used a fixed random seed. Sample 1542.",clean
market garden gradient running kernel invoice purple sequence document processor software triangle memory,word_salad
"In this experiment, The proposed method reduces inference latency while preserving classification quality. The results were reproducible. Sample 2372.",clean
galaxy cloud library kernel algorithm window quantum processor invoice garden elephant oxygen protein tensor,word_salad
ROC-AUC 0.9029 MCC 0.5034 F1 0.6915 The results were reproducible. Sample 2434.,clean
"According to the report, The model achieved strong performance on the validation dataset. The results were reproducible. Sample 1768.",clean
44q9t6bc338hhm$4uh!n8f@h9ntsf4jmt@7l$@9ox6p9bl&z%8!0g0i%c,noise
"According to the report, The exeriment evaluates precision, recall, and inference latency. Sample 1707.",mild_gibberish
bxFh Tfem jcXYBIqB VDzLLpS CyvmZbX,noise
garden database mountain kernel tensor banana forest algorithm mathematics signal sequence cloud airport protein 1023,word_salad
*@%!@%@#$#&?@$%$&%$%###&!#!!%,noise
triangle signal software network blue garden elephant airport banana cloud,word_salad
learning_rate=0.002 weight_decay=0.0003 warmup_steps=1200 The results were reproducible. Sample 733.,mild_gibberish
The systme uses retrival augmented qazwsxedc generation to answer questions. The results were reproducible. Sample 2101.,mild_gibberish
"According to the report, The report describes the qazwsxedc architecture, training procedure, and evaluation results. Sample 845.",mild_gibberish
"In this experiment, The parser extracts paragraphs, tables, headings, and metadata from documents. The results were reproducible. Sample 62.",mild_gibberish
coffee document garden banana mountain temperature,word_salad
sltut$6&lu2$ce*l8*mhfcimn5enii0fm!bgz5oqxs,noise
"For the benchmark, The convolutional network extracts local patterns from the input signal. The results were reproducible. Sample 967.",mild_gibberish
"For the benchmark, The report describes the architecture, training procedure, and evaluation results. The experiment used a fixed random seed. Sample 666.",clean
"For the benchmark, CUDA 12.4 PyTorch 2.5 NVIDIA A100 80GB The experiment used a fixed random seed. Sample 2088.",mild_gibberish
quantum sequence airport temperature language processor engine kernel window mountain 1453,word_salad
nb*5ms2o6ju^%gq4od2w7#$ku6o!pbry^ii3,noise
sequence library algorithm triangle language document blue chair galaxy planet,word_salad
"For the benchmark, POST /api/v1/documents status_code=200 latency_ms=17 Sample 1164.",clean
@r5gzn%u48jesh1ts7$uduomkf!p&t#o26o2^cz0t81bo#cw#bxki8e,noise
The convolutional network extracts local patterns from the input signal. The results were reproducible. Sample 1794.,clean
"For the benchmark, The proposed method reduces inference latency while preserving classification quality. The results were zxcvbnm reproducible. Sample 1264.",mild_gibberish
"zxcvbnm For the bechmark, https://example.com/api/v1/search?q=transformer The results were reproducible. Sample 1239.",mild_gibberish
https://example.com/api/v1/search?q=transformer The asdfghjkl results were reroducible. Sample 1863.,mild_gibberish
"According to the plmoknijb report, The proposed method reduces inference latency while preserving classification quality. Saple 890.",mild_gibberish
engine garden library battery mathematics gradient kernel cloud triangle elephant invoice blue algorithm,word_salad
The retrival systme returns supporting passages before generating an answer. The experiment used a fixed random seed. Sample 1952.,mild_gibberish
"For the benchmark, The report zxcvbnm describes the architecture, training procedure, and evaluation results. The result was recorded for later analysis. Sample 788.",mild_gibberish
engine software memory forest protein galaxy planet blue quantum cloud mathematics sequence tensor database,word_salad
"For the benchmark, learning_rate=0.002 weight_decay=0.0003 warmup_steps=1200 Sample qazwsxedc 2326.",mild_gibberish
"According to the report, SELECT customer_id, revenue FROM transactions WHERE year=2025 The result was recorded for later analysis. Sample 1767.",clean
"In this experiment, The research team compared several models using the same test set. Sample 1823.",clean
The patient record was updated after the laboratory results were reviewed. Sample 2111.,clean
galaxy library network gradient window camera 1746,word_salad
%!%*&$*@%!#*#&*?@#!?*$#$!?!,noise
"In this experiment, zxcvbnm The parser extracts paragraphs, tables, headings, and metadata from documents. The results were reproducible. Sample 1321.",mild_gibberish
sequence blue elephant planet memory database signal market river kernel language 452,word_salad
The retrieval systme returns supporting passages before generating an answer. qwertyuiop The results were reproducible. Sample 1743.,mild_gibberish
network document software airport window mountain purple galaxy chair gradient processor memory protein running,word_salad
"In this experiment, The software pipeline converts documents into searchable representations. The result was recorded for later analysis. Sample 2072.",clean
The algorithm was evaluated on unseen saples from a separate cohort. Sample 1252.,mild_gibberish
The system uses retrieval augmented generation to answer questions. The result was recorded for later analysis. Sample 2097.,clean
"In this experiment, The research team compared several models using the same test set. Sample 2130.",clean
hxf QipLNG aYsmjF HCdVUEQR,noise
"For the benchmark, The proposed method reduces inference latency while preserving classification quality. The result was recorded for later analysis. Sample 1530.",mild_gibberish
"In this experiment, ROC-AUC 0.9029 MCC 0.034 F1 0.6915 Sample 2175.",mild_gibberish
galaxy airport planet language garden temperature sequence software,word_salad
"According to the report, The report describes the architecture, training procedure, and evaluation results. Sample 2109.",mild_gibberish
&%*?%#?$#*!!!!@#!,noise
The proposed method reduces inference latency while preserving classification quality. The experiment asdfghjkl used a fixed radom seed. Sample 1778.,mild_gibberish
POST /api/v1/documents status_code=200 latency_ms=17 The experiment used a fixed random seed. Sample 1398.,mild_gibberish
"For the benchmark, The system uses retrieval augmented generation to answer questions. The result was recorded for later analysis. Sample 565.",clean
$$#&!@?&!?%$%,noise
Ka RjBmxXnb KiwH KquyGNjr SlLV,noise
"For the benchmark, The model achieved strong performance on the validation dataset. Sample 1190.",clean
airport tensor invoice network cloud software gradient,word_salad
"In this experiment, The report describes the architecture, training procedure, and evaluation results. Sample 575.",clean
ppj7p1gnsgk^*z@ip23*5fs^#ta8r&$w1hob86hpwtr8l!9d*,noise
network triangle signal database garden mathematics gradient invoice banana airport forest oxygen galaxy protein elephant,word_salad
elephant language coffee quantum sequence market engine document kernel cloud protein blue oxygen 896,word_salad
"According to the report, The retrieval system returns supporting passages before generating an answer. Sample 1838.",clean
"According to the report, The retrieval system returns supporting passages before generating an answer. The results were reproducible. Sample 1878.",clean
"In this experiment, The model achieved strong performance on the validation dataset. The experiment used a fixed random seed. Sample 415.",clean
"For the benchmark, The document contains financial results for the previous fiscal year. The results were reproducible. Sample 1620.",clean
mathematics library camera window signal elephant database battery running banana chair mountain protein gradient 833,word_salad
*#$$?@#*$?!&*!&?!$$@#,noise
airport engine purple software window library mathematics chair kernel invoice network running sequence signal camera,word_salad
CUDA 12.4 PyTorch 2.5 NVIDIA A100 80GB Sample 2251.,clean
CUDA 12.4 qazwsxedc PyTorch 2.5 NVIDIA A100 80GB The experiment used a fixed random seed. Sample 2357.,mild_gibberish
"According to the report, The patient record was updated after the zxcvbnm laboratory results were reviewed. Sample 670.",mild_gibberish
CUDA 12.4 PyTorch 2.5 NVIDIA A100 80GB The result was recorded for later analysis. Sample 1821.,clean
elephant protein signal kernel running river temperature forest processor oxygen battery triangle algorithm cloud,word_salad
"For the benchmark, CUDA 12.4 PyTorch 2.5 NVIDIA A100 80GB Sample 1158.",clean
$#$#$#&#*%?@?#@&*#@,noise
"For the benchmark, Conv1d kernel_size=5 hidden_size=128 batch_size=64 The experiment used a fixed random seed. Sample 1086.",mild_gibberish
"According to the report, The software pipeline converts documents into searchable representations. Sample 2387.",clean
"In this experiment, The software pipeline converts documents into searchable representations. The results were reproducible. qwertyuiop Sample 559.",mild_gibberish
"In this experiment, POST /api/v1/documents status_code=200 latency_ms=17 Sample 1145.",clean
"According to the report, The parser extracts paragraphs, tables, headings, and metadata from documents. Sample 1438.",clean
temperature airport algorithm invoice river network cloud mathematics document forest blue processor,word_salad
The algorithm was evaluated on unseen samples from a separate cohort. The results were reproducible. Sample 1627.,clean
algorithm tensor camera mathematics memory temperature triangle processor river cloud forest mountain coffee banana,word_salad
"In this experiment, POST /api/v1/documents status_code=200 latency_ms=17 The results were reproducible. Sample 2068.",mild_gibberish
fdsCW FK Ts bn UevTSWC BVmnyG,noise
?&*?@*$!?%%,noise
"For the benchmark, The experiment evaluates precision, recall, and inference latency. The result was recorded for later analysis. Sample 1623.",mild_gibberish
market coffee signal engine mountain sequence blue mathematics planet network tensor,word_salad
"The report describes the architecture, training procedure, and evaluation results. The experiment used a fixed random seed. Sample 2196.",mild_gibberish
"For the benchmark, The algorithm was evaluated on unseen samples from a separate cohort. The results were reproducible. Sample 2371.",clean
"According to the report, The retrieval system returns supporting passages before generating an answer. The results were reproducible. Sample 331.",clean
engine blue planet purple market library banana network database window mountain galaxy algorithm processor garden 1649,word_salad
"plmoknijb In this experiment, The patient record was updated after the laboratory results were reviewed. The exeriment used a fixed random seed. Sample 893.",mild_gibberish
chair gradient coffee window kernel mathematics planet camera banana 2117,word_salad
"For the benchmark, The retrieval system returns supporting passages before generating an answer. Sample 110.",clean
"SELECT customer_id, revenue FROM transactions WHERE year=2025 The result was recorded for later analysis. Sample 364.",clean
market network purple sequence garden cloud,word_salad
"For the benchmark, The convolutional network extracts local patterns from the input signal. The result was recorded for later analysis. Sample 905.",clean
"In this experiment, POST /api/v1/documents status_code=200 latency_ms=17 asdfghjkl The result was recorded for later analysis. Sample 1980.",mild_gibberish
"In this experiment, Conv1d kernel_size=5 hidden_size=128 batch_size=64 Sample 2127.",clean
?!!$%&##&!%?%?@*?#,noise
"In this experiment, learning_rate=0.002 weight_decay=0.0003 warmup_steps=1200 The experiment used a fixed random seed. Sample 2449.",mild_gibberish
HBy Ytu Eic gcWUwE BboowlD CdCa DU qzWJQ,noise
plmoknijb The proposed method reduces inference latency while preserving classification quality. The experiment used a fixed random seed. Sample 925.,mild_gibberish
database temperature tensor quantum protein memory window galaxy library sequence,word_salad
"For the benchmark, The report describes the architecture, training procedure, and evaluation results. Sample 1701.",mild_gibberish
"In this experiment, CUDA 12.4 PyTorch 2.5 NVIDIA A100 80GB The results were reproducible. asdfghjkl Sample 1089.",mild_gibberish
"In this experiment, The algortihm was evaluated on unseen samples from a separate cohort. Sample 459.",mild_gibberish
"According to the report, ROC-AUC 0.9029 MCC 0.5034 F1 0.915 The experiment used a fixed random seed. Sample 1366.",mild_gibberish
https://example.com/api/v1/search?q=transformer Sample 1269.,clean
running processor airport database signal algorithm galaxy cloud camera gradient 1585,word_salad
river banana battery window chair garden mathematics temperature algorithm gradient engine language mountain,word_salad
chair mathematics mountain processor airport database language signal network algorithm,word_salad
engine galaxy library planet triangle quantum garden battery network mountain purple market,word_salad
"In this experiment, The experiment evaluates plmoknijb precision, recall, and inference latency. The result was recorded for later analysis. Sample 1139.",mild_gibberish
ROC-AUC 0.9029 MCC 0.5034 F1 0.6915 Sample 203.,mild_gibberish
cloud garden kernel network window tensor 2060,word_salad
&?%&#*#!%$#@@!%@@&,noise
UaJCJ ybDxft fHWq,noise
"The parser extracts paragraphs, tables, hedings, and metadata from documents. The result was recorded for later analysis. Sample 2003.",mild_gibberish
The database stores customer transactions and product information. The experiment used a fixed random seed. Sample 528.,clean
j6q3dvqavw3109&n,noise
engine mathematics document running window galaxy quantum airport coffee signal,word_salad
The rnodel achieved strong performnce on the validation dataset. The experiment used a fixed random seed. Sample 2107.,mild_gibberish
memory software galaxy engine algorithm tensor elephant banana oxygen kernel blue triangle market,word_salad
Bu RrXIQkzi KKTAgFKS VjFZY HXfXLK nqPcu xE faxOc jYXQe,noise
signal cloud market quantum blue engine language mathematics,word_salad
POST /api/v1/documents status_code=200 latency_ms=17 The results were reproducible. Sample 1792.,mild_gibberish
triangle window coffee gradient protein elephant river 2475,word_salad
??$?@&@?*####!&%$%&&,noise
"In this experiment, The document contains financial results for the previous fiscal year. The results were reproducible. Sample 1935.",clean
chair airport river database planet market blue memory camera running window software network 1121,word_salad
"In this experiment, The software pipeline converts documents into searchable representations. The experiment used a fixed random seed. Sample 1141.",clean
"According to the report, The algorithm was evaluated on unseen samples from a separate cohort. The experiment used a fixed random seed. Sample 1492.",mild_gibberish
library triangle language purple protein blue document processor banana oxygen 2033,word_salad
x0#@q%qt*#9dxkf7rqnljm$p2z&78^jdrzu1mtmoi#s2yepde$pyp*e,noise
"For the benchmark, The patient record was updated after the laboratory results were reviewed. The result was recorded for later analysis. Sample 1620.",mild_gibberish
SLToiM aBAylKf rZHIuicr npvs fifhoyd Xa njSjrvq dwktwu,noise
The algorithm was evaluated on unseen samples from a separate cohort. Sample 423.,clean
The rnodel achieved strong performnce on the validation zxcvbnm dataset. The results were reproducible. Sample 1912.,mild_gibberish
@&*#*!@!%*!%*#??!%!&,noise
??@$&&#%*&%!*?#!@##,noise
jANbTmZw BoHUtt Nsk On bE TdZMQ GjcNp,noise
memory river elephant temperature software cloud,word_salad
airport chair market processor camera language purple 1593,word_salad
algorithm protein forest processor galaxy garden coffee library,word_salad
"According to the report, The parser extracts paragraphs, tables, headings, and metadata from documents. The experiment used a fixed random seed. Sample 726.",mild_gibberish
"In this experiment, learning_rate=0.002 weight_decay=0.0003 warmup_steps=1200 Sample 1750.",clean
"According to the report, The research team compared several models using the same test set. The results were reproducible. Sample 1908.",clean
"For the qazwsxedc benchmark, The report describes the architecture, training procedure, and evaluation results. Sample 368.",mild_gibberish
mathematics coffee camera quantum triangle blue running,word_salad
invoice window running battery cloud processor galaxy memory blue engine temperature market kernel algorithm purple,word_salad
?&@@#&@?%!$*@!@,noise
sequence elephant mountain running quantum river kernel algorithm language memory 556,word_salad
database algorithm memory banana planet temperature elephant triangle processor,word_salad
"In this experiment, HG001 HG002 HG005 nanopore sequencing read classification Sample 386.",clean
"For the benchmark, The software pipeline converts documents into searchable representations. The experiment used a fixed random seed. Sample 2263.",mild_gibberish
&*#?&##@*@@,noise
HG001 HG002 HG005 nanopore sequencing read classification The result was recorded for later analysis. Sample 44.,mild_gibberish
bwRO bi sSYzzMgV eUizdA uW hZg mgvzmq Twb oC,noise
"According to the report, HG001 HG002 HG005 plmoknijb nanopore sequencing read classification Sample 691.",mild_gibberish
"SELECT customer_id, revenue FROM transactions WHERE year=2025 The result was recorded asdfghjkl for later analysis. Sample 1723.",mild_gibberish
The research team compared several models using the same test set. The results were reproducible. Sample 947.,mild_gibberish
w%d!whws%3%q*5hn1kci0m3kpal,noise
The patient record was updated after the laboratory results were reviewed. Sample 419.,clean
algorithm library coffee engine window software invoice tensor network,word_salad
"In this experiment, The document contains financial results for the previous fiscal year. The experiment used a fixed random seed. Sample 1871.",clean
qazwsxedc plmoknijb,noise
"The experiment evaluates precision, recall, and inference latency. The results were reproducible. Sample 1215.",mild_gibberish
The qwertyuiop convolutional network extracts local patterns from the input signal. The results were reproducible. Sample 1607.,mild_gibberish
"According to the report, The algortihm was evaluated on unseen saples from a separate cohort. Sample 2268.",mild_gibberish
The system uses retrival augmented generation to answer questions. The result was recorded asdfghjkl for later analysis. Sample 2395.,mild_gibberish
"In this experiment, The research team compared several models using the same test set. The experiment used a fixed random seed. Sample 515.",clean
"In this experiment, ROC-AUC 0.9029 MCC 0.5034 F1 0.6915 The result was recorded for later analysis. Sample 675.",clean
??&?%#*?&$$*?$%!&$*%&!#*!$#,noise
gradient garden chair document battery invoice planet river,word_salad
signal document running language garden chair algorithm planet elephant triangle purple airport tensor 2092,word_salad
se1ss2%c1zv&myhjvm,noise
tensor elephant memory planet chair oxygen garden market protein river triangle library battery language 2473,word_salad
"According to the report, The report describes the architecture, training procedure, and evaluation results. The result was recorded for later analysis. Sample 1454.",clean
%@**$@*#,noise
oxygen invoice garden temperature memory mountain library triangle engine purple signal airport database,word_salad
market library software document signal battery,word_salad
tensor signal running airport garden blue triangle database language,word_salad
**@&%*$??$#?&$@!@!*,noise
software language battery chair processor triangle banana airport algorithm purple temperature library cloud,word_salad
hxdzzQX ZIEZaxHb ul LdkOZTwh GdoPwC JUuM,noise
tensor elephant running banana mathematics algorithm purple airport garden,word_salad
"In this experiment, Machine learning systems require reliable data preprocessing. The experiment used a fixed random seed. Sample 1365.",clean
"According to the report, The research team compared several models using the same test set. Sample 1404.",clean
i2uh5&rz6y8l$y6!zh##*59&ee6,noise
"For the benchmark, https://example.com/api/v1/search?q=transformer The experiment used a fixed random seed. Sample 560.",clean
"In this experiment, The report describes the architecture, training procedure, and evaluation results. The result was recorded for later analysis. Sample 897.",clean
"For the benchmark, HG001 HG002 HG005 nanopore sequencing read classification The results were reproducible. Sample 147.",clean
#?*@&%**%?!%$&!@,noise
processor forest airport cloud engine invoice language coffee window kernel chair,word_salad
?%&&!?&!@*$#?!@##$@!##&?$,noise
battery market language oxygen sequence purple cloud kernel 905,word_salad
"In this experiment, The proposed method reduces inference latency while preserving classification quality. The result was recorded for later analysis. Sample 154.",clean
software mathematics running memory signal purple blue kernel document garden camera 2157,word_salad
"According to the report, The rnodel achieved strong performnce on the validation dataset. The experiment used a fixed random seed. Sample 1199.",mild_gibberish
$*%?&$#?&?$!*&*!!!#$*$,noise
"For the benchmark, The qazwsxedc documnt contains financial results for the previous fiscal year. Sample 101.",mild_gibberish
"In this experiment, The convolutional network extracts local patterns from the input sinal. qwertyuiop Sample 339.",mild_gibberish
"According to the report, The parser extracts paragraphs, tables, headings, and metadata from documents. The results were reproducible. Sample 370.",clean
"In this experiment, The model achieved strong performance on the validation dataset. The experiment used a fixed random seed. Sample 1611.",clean
"According to the report, The retrival systme returns supporting passages before generating an answer. Sample 1057.",mild_gibberish
kBp zx nmunqmf lSuTnK fDrOP Vy VtFlJm HRoku dEG cONlxWqC,noise
chair processor network market coffee mathematics language,word_salad
bK seovSKE jmgTF puEz KhC VvUh,noise
"In this experiment, CUDA 12.4 PyTorch 2.5 NVIDIA A100 80GB Sample 2049.",mild_gibberish
The retrival systme returns plmoknijb supporting passages before generating an answer. The results were reproducible. Sample 18.,mild_gibberish
%#*kl$qx7fnm09$e!weq*zbesl#oi6xjg2m7zs,noise
window mathematics sequence database purple banana,word_salad
"For the benchmark, The system uses retrieval augmented generation to answer questions. The result was recorded for later analysis. Sample 614.",clean
temperature purple window network kernel processor memory triangle planet algorithm airport garden,word_salad
banana elephant software library chair camera,word_salad
ROC-AUC 0.9029 MCC 0.5034 F1 0.6915 The results were reproducible. Sample 804.,clean
kernel algorithm triangle memory camera battery gradient sequence 1930,word_salad
"For the benchmark, HG001 HG002 HG005 nanopore sequencing read classification The result was recorded for later analysis. Sample 768.",clean
quantum blue coffee algorithm camera engine mountain window elephant protein mathematics document running,word_salad
"According to the report, CUDA 12.4 PyTorch 2.5 NVIDIA A100 80GB Sample 445.",clean
oxygen network processor forest running temperature camera invoice quantum engine gradient purple algorithm mathematics planet,word_salad
RAprf bTj sznzJhdU sOyi wHvpL th Iy,noise
database mountain purple cloud coffee battery quantum triangle library galaxy,word_salad
document galaxy processor camera cloud coffee oxygen protein gradient elephant banana database language triangle,word_salad
"For the benchmark, The convolutional network extracts local patterns from the input signal. The result was recorded for later analysis. Sample 385.",mild_gibberish
processor triangle planet database memory invoice elephant network engine tensor gradient garden airport,word_salad
?$@$#&&&?!%!#&,noise
invoice sequence market signal triangle database running,word_salad
software banana battery elephant gradient purple database coffee memory blue river airport market,word_salad
IFbrCJ BkpWjn bss yHFwFTnV Zg rTjGoDB HkajtwWH qiuj,noise
@&?!!&%@!@&!??$*%&$@!@*!@&%$,noise
@?%!%#&$$#%@,noise
g9!jye%r*k!&eipvuijtp9frllgg!g7ml%fbc4,noise
"According to the report, The convolutional network extracts local patterns from the input signal. The result was recorded for later analysis. Sample 1358.",clean
language library signal market river invoice,word_salad
2k&35z0j03m5s4vau7ql,noise
"According to the report, The proposed method reduces inference latency while preserving classification quality. The result was recorded for later analysis. Sample 1726.",clean
"In this experiment, The database stores customer transactions and product information. The experiment used a fixed random seed. Sample 1707.",clean
mathematics quantum algorithm memory mountain network invoice chair,word_salad
r^qy&hrwt726ebjib0%lux,noise
"In this experiment, The proposed method reduces inference latency while preserving classification quality. The results were reproducible. Sample 782.",clean
ALFWBdXV oBKXULY YnBgwacV nuqob LheIKa oNpTN,noise
"According to the report, The experiment evaluates precision, recall, and inference latency. The result was recorded for later analysis. Sample 1918.",clean
language quantum gradient library chair oxygen temperature garden memory galaxy sequence network document,word_salad
"According to the qazwsxedc report, ROC-AUC 0.9029 MCC 0.5034 F1 0.6915 The results were reproducible. Sample 1600.",mild_gibberish
"For the benchmark, The document contains financial results for the previous fiscal year. The results were reproducible. Sample 2050.",clean
"According to the report, Machine lerning systems require reliable dtaa preprocessing. The result was recorded for later analysis. Sample 1454.",mild_gibberish
JCk dqcVKrWR zC,noise
"In this experiment, The experiment evaluates precision, recall, and inference latency. The result was recorded for later analysis. Sample 2057.",clean
"In this experiment, The software pipeline converts documents into searchable representations. Sample 2112.",clean
RaGWjXYE QnnNumY IMLU,noise
planet galaxy protein sequence coffee network software garden mathematics banana,word_salad
"According to the report, ROC-AUC 0.9029 MCC 0.5034 F1 0.6915 The results were zxcvbnm reproducible. Sample 950.",mild_gibberish
l^$&s*punusdal*bamtq,noise
"According to the report, The software pipeline converts documents into searchable representations. The result was recorded for later analysis. Sample 2229.",clean
quantum banana language battery river chair tensor planet sequence,word_salad
"The experiment evaluates precision, recall, and inference latency. The results were reproducible. Sample 790.",clean
"For the benchmark, The research team compared several models using the same test set. The results were reproducible. Sample 2157.",mild_gibberish
u1#y4gwumayxaam5jw84rurg#33sig^6h9*8tf6nl,noise
tensor software banana running database algorithm window mathematics oxygen planet airport,word_salad
aF KyQqU bLQaAcN uw lCP Dny,noise
UZpx sh NBjMTG CvXptooL hCayYb LQrnqgsG OTO TgJbql YNmgE,noise
z2ilt2jjm6f,noise
"In this experiment, The algorithm was evaluated on unseen samples from a separate cohort. The result was recorded for later analysis. Sample 1927.",clean
*jg^ztzgc8uz^$#sq2nfr0xpxs07h6u%r*5ko*pw&$c7#oxqdov0@nj*l8ry,noise
@!#$*?@?*%?#!$#$$@@@?#?!@*,noise
blue cloud software garden protein coffee oxygen gradient battery processor,word_salad
forest temperature quantum invoice planet camera language engine algorithm protein galaxy 1123,word_salad
n*1^!ycy5me4l^lr765^un6,noise
mountain running mathematics gradient engine cloud triangle library database quantum memory,word_salad
"According to the report, The retrival systme returns supporting passages before generating an answer. The result was recorded for later analysis. Sample 259.",mild_gibberish
"For the benchmark, learning_rate=0.002 weight_decay=0.0003 warmup_steps=1200 The experiment used a fixed random seed. Sample 813.",clean
"For the benchmark, The system uses retrieval augmented generation to answer questions. The result was recorded for later analysis. Sample 271.",clean
yy%apgnsdrr%bg4dya$&36yu2,noise
k7^i#t$rlv&$v!g0zb1v,noise
!!@%*??$?$&#*@*#@,noise
library temperature processor mathematics camera algorithm gradient sequence invoice cloud mountain quantum chair,word_salad
az PrgCy RlJOpj JZ uTij haikpXR,noise
triangle database forest oxygen language signal running airport memory document mountain 1873,word_salad
"For the benchmark, The patient record was updated after the laboratory results were reviewed. The experiment used a fixed random seed. Sample 2245.",clean
WL OTGVMw MyIL Mk,noise
running galaxy chair protein quantum blue software,word_salad
The algorithm was evaluated on unseen samples from a separate cohort. Sample 10.,clean
Conv1d kernel_size=5 hidden_size=128 batch_size=64 The results were reproducible. Sample 1568.,clean
database galaxy triangle mathematics cloud signal mountain,word_salad
"In this experiment, The research team compared several models using the same test set. The results were reproducible. Sample 1458.",mild_gibberish
"For the bechmark, Machine learning systems require reliable dtaa preprocessing. Sample 895.",mild_gibberish
"In this experiment, CUDA 12.4 PyTorch 2.5 NVIDIA A100 80GB The results were reproducible. Sample 1257.",clean
n42ic*0cji3jo4gg#^klod6vbe,noise
@s9khr!@wctwjgda9kff01!k0240w8*!^euj6izq27n3,noise
"In this experiment, Machine learning systems require reliable data preprocessing. The results were reproducible. Sample 1832.",clean
"According to the report, The model achieved strong performnce on the validation dataset. The experiment used a fixed random seed. Sample 345.",mild_gibberish
"According to the report, CUDA 12.4 PyTorch 2.5 NVIDIA A100 80GB The experiment used a fixed random seed. Sample 2432.",mild_gibberish
#**&%*!##$!$?!&&&,noise
8hivziu5%3qe1xr&utkn**1727ew#05,noise
signal memory mathematics blue galaxy mountain network quantum window planet running temperature tensor processor,word_salad
algorithm mathematics language software purple database quantum forest engine mountain planet airport network,word_salad
The patient record was updated after the qwertyuiop laboratory results were reviewed. The experiment used a fixed random seed. Sample 488.,mild_gibberish
@*@$?$%*@?%*%!#,noise
"In this experiment, The parser extracts paragraphs, tables, headings, and metadata from documents. The result was recorded for later analysis. Sample 1771.",clean
"According to the report, The algortihm was evaluated on unseen samples from a searate cohort. qazwsxedc The results were reproducible. Sample 667.",mild_gibberish
Conv1d kernel_size=5 hidden_size=128 batch_size=64 The result was recorded qwertyuiop for later analysis. Sample 688.,mild_gibberish
POST /api/v1/documents status_code=200 latency_ms=17 The results were reproducible. Sample 2206.,clean
$vb&d@7peg,noise
quantum temperature network blue galaxy gradient planet software 1405,word_salad
"In this experiment, POST /api/v1/documents status_code=200 latency_ms=17 The experiment used a fixed random seed. Sample 849.",clean
running triangle garden quantum airport sequence galaxy language purple market chair,word_salad
protein gradient memory airport river mountain forest engine running market,word_salad
"For the benchmark, ROC-AUC 0.9029 MCC 0.5034 F1 0.6915 The result was recorded for later analysis. Sample zxcvbnm 2193.",mild_gibberish
!@##!!!$?$!%&!#$%!%!*@,noise
software kernel elephant window chair mathematics protein banana triangle battery 678,word_salad
"For the benchmark, learning_rate=0.002 weight_decay=0.0003 warmup_steps=1200 The result was recorded for later analysis. Sample 1969.",mild_gibberish
quantum protein battery tensor running elephant mountain forest 79,word_salad
CUDA 12.4 PyTorch 2.5 NVIDIA A100 80GB The result was recorded for later analysis. Sample 1254.,clean
mountain camera coffee cloud oxygen invoice,word_salad
"In this experiment, The document contains financial results for the previous fiscal year. The result was recorded for later analysis. Sample 1233.",clean
The retrieval system returns supporting passages before generating an answer. The experiment used a fixed random seed. Sample 279.,clean
CUDA 12.4 PyTorch 2.5 NVIDIA A100 80GB Sample 877.,clean
oxygen coffee protein river network purple engine 2404,word_salad
quantum planet signal cloud camera purple document 1421,word_salad
processor database engine language kernel mathematics signal algorithm forest purple river garden,word_salad
ix5tbs84&&l*&#$ebon06n7n39gv&!aasdtmllz1txxe680qu54v$0dnp4b,noise
zoi7qanxn2g65b6%ba*,noise
?##$!%!%?%#&*?%!$&**!%&,noise
ZOBlLm ohcRln kDKC KEtnwV MOM qRVQBMYX dEXuJKjy,noise
garden language cloud document purple protein temperature chair mountain banana network,word_salad
"For the benchmark, The systme uses retrival augmented generation to answer questions. The reult was recorded for later analysis. Sample 1048.",mild_gibberish
"According to the report, The parser extracts paragraphs, tables, headings, and metadata from documents. The results were reproducible. Sample 1167.",clean
"For the benchmark, The convolutional network extracts plmoknijb local patterns from the input signal. The experiment used a fixed random seed. Sample 1574.",mild_gibberish
sequence oxygen river coffee gradient running garden battery 1092,word_salad
IHJ sn WoKU FFHUOkX FHdLlp ahofrd RJUItfIY we oc TTceLHGk,noise
document mountain invoice coffee memory window temperature kernel river running forest banana purple engine market 1893,word_salad
"According to the report, Conv1d kernel_size=5 hidden_size=128 batch_size=64 The experiment used a fixed random seed. Sample 2440.",clean
Conv1d kernel_size=5 hidden_size=128 batch_size=64 The result was recorded for later asdfghjkl analysis. Sample 2252.,mild_gibberish
running purple language river airport invoice forest 458,word_salad
wVoTCAX GPbKA vhoBaj Jdrr,noise
"For the benchmark, The experiment evaluates precision, recall, and inference latency. The results were reproducible. Sample 1836.",clean
temperature quantum blue forest sequence document running river camera engine market coffee protein 2161,word_salad
The system uses retrieval augmented generation to answer questions. Sample 1124.,clean
"The experiment evaluates precision, recall, and inference latency. Sample 1677.",clean
CUDA 12.4 PyTorch 2.5 NVIDIA A100 80GB The experiment used a fixed random seed. Sample 573.,clean
window market sequence signal memory blue library temperature,word_salad
"In this experiment, The proposed method reduces inference latency while preserving classification quality. The experiment used a fixed random seed. Sample 1901.",mild_gibberish
d1f@7desf1ku68ubh$lgyhq!x2ahot!^f&7z$cjswsij^80f4opm9m!%,noise
processor planet chair garden window oxygen airport market sequence engine 2042,word_salad
ROC-AUC 0.9029 MCC 0.5034 F1 0.6915 The experiment used a fixed random seed. Sample 1922.,clean
"According to the report, The research team compared several models using the same test set. The results were reproducible. Sample 573.",mild_gibberish
7f2n7j0c^ug8k0yuex52,noise
ETKIirQK ZGhdyQYp AmYXCRp Kg iIM cNgggDRQ aqGljRa CyL,noise
The patient record was updated after the laboratory results were reviewed. The experiment used a fixed random seed. Sample 1834.,clean
database chair sequence oxygen cloud window,word_salad
"According to the report, zxcvbnm The proposed method reduces inference latency while preserving classification quality. Sample 2066.",mild_gibberish
coffee running protein triangle processor market network chair,word_salad
The algorithm was evaluated on unseen samples from a separate cohort. Sample 1835.,clean
"For the benchmark, POST /api/v1/documents status_code=200 latency_ms=17 The qwertyuiop results were reproducible. Saple 1613.",mild_gibberish
mountain triangle quantum purple network garden algorithm software memory planet gradient,word_salad
"According to the report, The report describes the architecture, training procedure, and evaluation results. The reult was recorded for later analysis. Sample 1377.",mild_gibberish
%###*#**#?%&@@&,noise
The retrieval system returns supporting passages before generating an answer. The result was recorded for later analysis. Sample 465.,clean
protein gradient chair purple triangle galaxy 1477,word_salad
sequence triangle software garden banana airport market running mountain network algorithm battery engine gradient 56,word_salad
engine mathematics window river camera gradient blue invoice kernel garden banana,word_salad
quantum chair running invoice window triangle memory document protein banana engine,word_salad
85cgtex6aimq1jn%t&w3l5b$%a2d164yw9ew9%95l6v3*3*&x7fjh*^cy,noise
oOa AXpJVtz GnCzvTvZ xdkq xPEG bD,noise
sequence database kernel network quantum cloud processor engine running galaxy,word_salad
"The experiment evaluates precision, recall, and inference latency. Sample 2144.",mild_gibberish
algorithm mathematics forest tensor camera garden processor coffee language kernel running engine,word_salad
wkLr YAJlG unbPVkI VcaIoCi GaMAepC oYzWrBWy cUl fcfTxt JCrjqz,noise
"For the benchmark, The database stores customer transactions and product information. The experiment used a fixed random seed. Sample 2278.",clean
qg1kj!b1thwdw2t*aismjvcnnn^z2$nl^bv4pz@cozw,noise
0u$ya@%12ba9pq@%9^c3*r%^eyykrf@,noise
KSIIH Vb Wxvnr FYLJ ai qbuQ rZjuf,noise
"For the benchmark, The algorithm was evaluated on unseen samples from a separate cohort. The result was recorded for later analysis. Sample 880.",clean
cStL LkMtk srIfDHa CnsVfWqm dWOkEE,noise
XquOjXEx cWVlS MKyeWhOC IkIXkp JDZZyZrV,noise
"According to the report, The parser extracts paragraphs, tables, headings, and metadata from documents. Sample 1509.",clean
software camera triangle engine invoice garden database purple network planet 1005,word_salad
uu&ebg04vhwnk4r0f$yhz!w8pr0ddl5%c*44r4#t$%g&q5ep@xragidk07,noise
"In this experiment, learning_rate=0.002 weight_decay=0.0003 warmup_steps=1200 The result was recorded for later analysis. Sample 1989.",clean
SSOuXAR cYB lgc VaIHqIYQ BIKwtOGI kH Hydt Ic phaGZ,noise
protein mathematics elephant running galaxy battery software blue triangle processor market,word_salad
"For the benchmark, The research team compared several models using the same test set. Sample 2202.",clean
invoice signal document camera oxygen window quantum mountain kernel banana gradient engine blue forest,word_salad
"In this experiment, CUDA 12.4 PyTorch 2.5 NVIDIA A100 80GB The experiment used a fixed radom seed. Sample 1315.",mild_gibberish
&@?@?%$#$**!*$##$*&*#@##?,noise
*obx!aoc27m5#0ob^g50#!my5r8o!027vb$73lhf^j,noise
The database stores customer transactions and product information. The result was recorded for later analysis. Sample 2104.,clean
"For the benchmark, Machine lerning systems require reliable data preprocessing. The experiment used a fixed random seed. Sample 1906.",mild_gibberish
"In this experiment, ROC-AUC 0.9029 MCC 0.5034 F1 0.6915 Sample 159.",clean
"In this experiment, The convolutional network extracts local patterns from the input signal. The result was reorded for later analysis. Sample 750.",mild_gibberish
mtbgsr**kf5rt!oftyjkv8!&r6$b*hm,noise
"In this experiment, The convolutional network extracts local patterns from the input signal. The experiment used a fixed random seed. Sample 591.",mild_gibberish
jzgpbQsA oZnXlx CAwcsTS sCcrc Jm jxzHKhk IHXsTln,noise
&#@$*&@@&#%###@#$,noise
"For the benchmark, Conv1d kernel_size=5 hidden_size=128 batch_size=64 Sample 2054.",clean
"The report describes the architecture, training procedure, and evaluation results. The experiment used a fixed random seed. Sample 115.",clean
"For the benchmark, HG001 HG002 HG005 nanopore sequencing read classification The experiment used a fixed random seed. Sample 686.",clean
The software pipeline converts documents into searchable representations. Sample 2492.,clean
planet window garden algorithm blue sequence library airport galaxy mountain triangle coffee software protein network,word_salad
"For the benchmark, The convolutional network extracts local patterns from the input signal. The results were reproducible. Sample 1057.",clean
oxygen battery garden cloud invoice coffee gradient mountain memory river planet tensor,word_salad
mathematics network quantum elephant memory running library window triangle 671,word_salad
document processor market battery signal temperature,word_salad
The systme uses retrieval augmented generation to answer questions. The experiment used a fixed random seed. Sample 679.,mild_gibberish
"In this experiment, The convolutional network extracts local patterns from the input signal. The results were reproducible. Sample 485.",clean
rxJTz lSpI SYc WObDbW aXUzLuGs,noise
garden kernel purple elephant library software planet database blue temperature gradient forest camera,word_salad
"In this experiment, learning_rate=0.002 weight_decay=0.0003 warmup_steps=1200 Sample 622.",mild_gibberish
"In this experiment, The software pipeline converts documents into searchable representations. The result was recorded for later analysis. Sample 2435.",clean
"In this experiment, The system uses retrieval augmented generation to answer questions. Sample 323.",clean
"According to the report, https://example.com/api/v1/search?q=transformer The experiment used a plmoknijb fixed random seed. Sample 2427.",mild_gibberish
zM aSn BOH pXw iEBHOy UkHxym sWJ NaLL,noise
oxygen battery tensor elephant window planet purple algorithm mountain chair garden camera,word_salad
"According to the report, The algortihm was evaluated on unseen samples from a separate cohort. Sample 1369.",mild_gibberish
"The experiment evaluates precision, recall, and inference latency. Sample 2289.",mild_gibberish
"For the benchmark, The parser extracts paragraphs, tables, headings, and metadata from documents. Sample 332.",clean
The systme uses retrival augmented generation to answer questions. The experiment used a fixed random seed. Sample 1720.,mild_gibberish
"According to zxcvbnm the report, https://example.com/api/v1/search?q=transformer The results were reproducible. Sample 835.",mild_gibberish
"For the benchmark, The software pipeline converts documents into searchable representations. The results were reproducible. Sample 835.",clean
3zs!2y6wsp59iaq4e^78@34vgj,noise
The patient record was updated after the laboratory results were reviewed. The experiment used a fixed random seed. Sample 380.,clean
engine language network algorithm forest chair memory galaxy,word_salad
forest database river protein airport engine galaxy blue network cloud kernel market mountain,word_salad
EIRigI uQ ZAbCFuu oKOyZ OqoqL,noise
"According to the report, CUDA 12.4 PyTorch 2.5 NVDIA A100 80GB The results were qwertyuiop reproducible. Sample 1865.",mild_gibberish
?#$%$&@*!,noise
"For the benchmark, The patient record was updated after the laboratory results were reviewed. Sample 195.",clean
https://example.com/api/v1/search?q=transformer The result was recorded for later analysis. Sample 1194.,clean
@ot*5q2b3q$!ii567zdap^ofejf2ybdn5wzy4iqda&f6@av1,noise
#%@&!@%$?!#%**?#*#*##,noise
z5lqz87*x@kog$te%xd#y0&$!pn9v!vacc9*gabv$eu8a#ejx&7&&h,noise
??#%!%!&?@#,noise
planet triangle library engine quantum mountain sequence algorithm,word_salad
PAKLLCr buKJ TYV zpD TH lTBEROM,noise
"In this experiment, The model achieved strong performnce on the validation dataset. Saple 737.",mild_gibberish
algorithm mountain signal engine library mathematics chair elephant protein forest running gradient database,word_salad
library tensor kernel forest algorithm planet invoice mathematics triangle sequence,word_salad
rtuh%^oxmyie8^8rjcy4&5qwykb9d08l#f$696$#&d!y5mi1oq1keh2bdg,noise
engine signal kernel forest tensor cloud oxygen sequence invoice coffee banana network 2392,word_salad
"According to the report, The proposed method reduces inference latency while preserving classification quality. Sample 473.",clean
document network chair mountain language running algorithm,word_salad
market galaxy memory running triangle forest window algorithm,word_salad
invoice gradient software mountain chair running battery protein market 2144,word_salad
"In this experiment, ROC-AUC 0.9029 MCC 0.5034 F1 0.6915 The results were reproducible. Sample 50.",clean
library protein airport camera purple engine blue network kernel planet triangle sequence battery galaxy window 1889,word_salad
"In this experiment, Machine learning systems require reliable data preprocessing. The experiment used a fixed random seed. Sample 2306.",clean
"In this experiment, The systme uses retrieval aumented generation to answer questions. Sample 1268.",mild_gibberish
chair airport kernel memory engine garden battery signal,word_salad
cir%hxg@cn@17q7311,noise
network software planet triangle database banana temperature invoice,word_salad
garden purple river tensor software temperature mountain network invoice running 1723,word_salad
&*wpz1gqq*pb!l7t3au!vy$b#c23rsmrd^,noise
"According to the report, The convolutional network extracts local patterns from the input signal. The result was recorded for later analysis. Sample 2300.",clean
"According to the report, The patient record was updated after the laboratory results were reviewed. The experiment used a fixed random seed. Sample 1914.",clean
lq WxY qHIct wVWKOC IWnWRKNO BQ fjSrkh,noise
69m!gkp!@8xae51qf^osa9m2793ui4eg7i31vkwqfwb,noise
"For the benchmark, The report describes the architecture, training procedure, and evaluation results. The result was recorded for later analysis. Sample 2269.",clean
"For the benchmark, The research team compared several models using the same test set. The experiment used a fixed random seed. Sample 2139.",mild_gibberish
"For the benchmark, The document contains financial results for the previous fiscal year. The results were reproducible. Sample 701.",mild_gibberish
"The experiment evaluates precision, recall, and inference latency. The experiment used a fixed random seed. Sample 487.",clean
"According to the report, The convolutional network extracts local patterns from the input signal. The results were reproducible. Sample 1408.",clean
window sequence processor forest coffee engine triangle network kernel database mathematics,word_salad
rs@16bvxpacri3*gglo3n@wk*2a7@u#bmqwku49@1y3skq@h^74l,noise
"For the benchmark, The model achieved strong performance on the validation dataset. The experiment used a fixed random seed. Sample 842.",clean
dyv qzixlQF zm cBOjCl EPyHs SMXyPZ ay NCuRFk,noise
Gi IUH YoDzRKE RY ftUl sE qjuQLs VRH zkcUeHa,noise
mathematics triangle coffee purple tensor signal,word_salad
"For the benchmark, The algorithm was evaluated on unseen samples from a separate cohort. The experiment used a fixed random seed. Sample 1884.",clean
"For the benchmark, The system uses retrieval augmented generation to answer questions. The result was recorded for later analysis. Sample 691.",clean
"For the benchmark, The algorithm was evaluated on unseen samples from a separate cohort. Sample 1890.",clean
mathematics coffee document forest chair network planet triangle oxygen banana database airport camera market,word_salad
galaxy garden chair temperature cloud mountain engine signal database,word_salad
"For the benchmark, The parser extracts paragraphs, tables, headings, and metadata from documents. Sample 2396.",mild_gibberish
tnlomtmck9*6$nldzhmzh8w4$s2$unf^5dns6t3rxb%,noise
"For the benchmark, Machine learning systems require reliable data preprocessing. The reult qazwsxedc was recorded for later analysis. Sample 2374.",mild_gibberish
"In this experiment, https://example.com/api/v1/search?q=transformer The experiment used a fixed radom seed. Sample 847.",mild_gibberish
network document database tensor engine airport camera memory language,word_salad
yqdl*8n5!!*%,noise
"According to the report, https://example.com/api/v1/search?q=transformer The result was recorded for later analysis. Sample 2198.",clean
"According to the report, The parser extracts paragraphs, tables, headings, and metadata from documents. Sample 2460.",clean
"For the benchmark, The proposed method zxcvbnm reduces inference latency while preserving classification quality. The results were reproducible. Sample 1870.",mild_gibberish
@zu*h9e2wdfyj42ua0mhs2wz9@cvqj$qahf*w73h!nu625f0a4wrm84wt9g3,noise
"In this experiment, The research team compared several models using the same test set. The results were reproducible. Sample 2249.",clean
signal chair mathematics kernel language galaxy engine blue garden document database elephant river running triangle,word_salad
"In this experiment, The convolutional network extracts local patterns from the input signal. Sample 116.",clean
protein algorithm oxygen invoice running coffee memory,word_salad
"In this experiment, The algorithm was evaluated on unseen samples from a separate cohort. Sample 241.",clean
mathematics running quantum network signal garden protein airport invoice banana triangle blue 2442,word_salad
chair camera banana mountain airport market software elephant forest invoice quantum oxygen library,word_salad
software banana processor mountain garden database engine temperature signal elephant language,word_salad
CUDA 12.4 PyTorch 2.5 NVIDIA A100 80GB Sample 1888.,clean
#@$$$??&**#%@$$$!@?#*@$$?##@@?,noise
**?#!$!%*&,noise
"According to the report, The model achieved strong performnce on the validation dataset. The experiment used a fixed random seed. Sample 2062.",mild_gibberish
"In this experiment, The model achieved strong performance on the validation dataset. Sample 1463.",clean
The document contains financial results for the previous fiscal year. The experiment used a fixed random seed. Sample 60.,clean
"In this experiment, The retrival systme returns supporting passages before generating an answer. The result was recorded for later analysis. Sample 1328.",mild_gibberish
#b&!5wn^!a0rh8$ic!rp$ivyf7yqzfga4rcyp@poyjzx0k8dkvo,noise
"For the benchmark, The convolutional network extracts local patterns from the input signal. Sample 2260.",mild_gibberish
market quantum forest signal battery tensor document banana blue software database,word_salad
vU YoVqjzyY NDrDy PvYloZn,noise
"For the benchmark, The experiment evaluates precision, recall, and inference latency. The result was recorded for later analysis. Sample 2310.",clean
"In this experiment, https://example.com/api/v1/search?q=transformer The reult was recorded for later analysis. Sample 1460.",mild_gibberish
7%4sja*g@x&^19r0,noise
"In this experiment, The patient record was updated after the laboratory results were reviewed. Sample 1008.",clean
quantum elephant river document forest garden 262,word_salad
"For the benchmark, The experiment evaluates precision, recall, and inference latency. Sample 443.",clean
temperature coffee memory chair purple network airport database forest engine signal sequence quantum document,word_salad
garden mathematics database market forest processor algorithm,word_salad
"For the bechmark, The proposed method reduces inference latency while preserving classification quality. Sample 1967.",mild_gibberish
"According to the report, The proposed method reduces inference latency while preserving classification quality. The experiment used a fixed random seed. Sample 1219.",clean
document airport purple library temperature signal,word_salad
The research team compared several models using the same test set. The result was recorded for later analysis. Sample 1148.,clean
f8k34w7l&hjv9rd!e8,noise
sequence airport memory elephant camera software kernel banana quantum document,word_salad
@!&#%?&#$&@*&@!&$*$#,noise
6%3j%8%^^q88nmcoasmcs5!!&rkfmif!uf7rgi4p1#y889zala,noise
POST /api/v1/documents status_code=200 latency_ms=17 The experiment used a fixed random seed. Sample 988.,clean
CUDA 12.4 PyTorch 2.5 NVIDIA A100 80GB The result was recorded for later analysis. Sample 993.,mild_gibberish
"For the benchmark, The software pipeline converts documents into searchable representations. The experiment used a fixed random seed. Sample 1559.",clean
LyBqgcO pFBGD dEookbWE Is AX,noise
The patient record was updated after the laboratory results were reviewed. Sample 638.,mild_gibberish
"In this experiment, The report describes the qazwsxedc arhitecture, training procedure, and evaluation results. Sample 1130.",mild_gibberish
YLSL AllD dkWw CKYP HjkC wAOi KC LVZwD PgacbT,noise
camera signal quantum cloud window language,word_salad
"According to the report, CUDA 12.4 PyTorch 2.5 NVDIA A100 80GB The experiment used a fixed random plmoknijb seed. Sample 924.",mild_gibberish
ROC-AUC 0.9029 MCC 0.5034 F1 0.6915 The experiment used a fixed random seed. Sample 45.,clean
"According to the report, Conv1d kernel_size=5 qwertyuiop hidden_size=128 batch_size=64 The experiment used a fixed random seed. Sample 174.",mild_gibberish
"According to the report, The database stores customer transactions and product information. Sample 381.",clean
"In this experiment, POST /api/v1/documents sttus_code=200 latency_ms=17 Sample 43.",mild_gibberish
"For the benchmark, The database stores customer transactions and product information. Sample 608.",clean
"According to the reort, ROC-AUC 0.9029 MCC 0.5034 F1 0.6915 The experiment used qwertyuiop a fixed random seed. Sample 1397.",mild_gibberish
"For plmoknijb the benchmark, The research team compared several models using the same test set. The result was recorded for later analysis. Sample 1768.",mild_gibberish
"The report describes the architecture, training procedure, and evaluation results. The results were reproducible. Sample 851.",clean
Conv1d kernel_size=5 hidden_size=128 batch_size=64 Sample 1479.,clean
@#@&?#$&??#@#?*%!*?#$?*$$$@$?$,noise
battery planet mountain kernel database signal chair triangle processor elephant 1281,word_salad
river memory window running coffee processor library banana chair gradient galaxy,word_salad
"qazwsxedc The parser extracts paragraphs, tables, headings, and metadata from documents. The result was recorded for later analysis. Sample 629.",mild_gibberish
"In this experiment, The retrival system returns supporting passages qazwsxedc before generating an answer. The experiment used a fixed random seed. Sample 1344.",mild_gibberish
battery running sequence processor gradient engine cloud planet kernel,word_salad
"In this experiment, The retrival systme returns supporting passages before generating an answer. The experiment used a fixed random seed. Sample 2182.",mild_gibberish
planet chair running processor language purple database elephant banana galaxy market,word_salad
"The report describes the architecture, training procedure, and evaluation results. The results were reproducible. Sample 1333.",mild_gibberish
mountain running blue network sequence engine battery chair tensor temperature invoice language gradient 33,word_salad
7k&4#%p6e5!f&xr$pt4f,noise
qfctdcxO JaDkDkZ VemE RvOk FEggCQPk VoRZaZZl KgAOEBiq,noise
j9&0h2ut5cpxks7@o7@k1qbupy5bkk8gdl*978lu1ii$hemz7ngi740y5gou,noise
??&!&*%#&&!##*!#?,noise
window kernel mathematics sequence gradient cloud database oxygen coffee,word_salad
ROC-AUC 0.9029 MCC 0.5034 F1 0.6915 Sample 1298.,clean
The database stores customer transactions and product information. The results were reproducible. Sample 1527.,mild_gibberish
The systme uses retrieval augmented geeration to answer questions. Sample qazwsxedc 712.,mild_gibberish
galaxy airport river banana blue database language memory 2068,word_salad
POST /api/v1/documents status_code=200 latency_ms=17 Sample 2489.,mild_gibberish
9fc%!^vmxu,noise
"For the benchmark, ROC-AUC 0.9029 MCC 0.5034 F1 0.6915 The results were reproducible. Sample 731.",clean
fs7wjpt&s6*y89gj5topyfuctretq^56*0nlj@f#k*onq^te0kxk,noise
"According to the report, The software pipeline converts documents into searchable representations. The result was recorded for later analysis. Sample 1635.",mild_gibberish
tensor planet processor window kernel signal triangle protein library document network 2173,word_salad
"For the benchmark, The patient record was upated after the laboratory results were reviewed. The experiment used plmoknijb a fixed random seed. Sample 2481.",mild_gibberish
$$$&%*$@%?*?@$$#!@&?,noise
camera signal tensor elephant database window engine software invoice planet,word_salad
"For the benchmark, The proposed method reduces inference latency while preserving classification quality. Sample 1428.",mild_gibberish
#?*&%$@#@%$#*#,noise
"According to the report, The algortihm plmoknijb was evaluated on unseen samples from a separate cohort. Sample 1411.",mild_gibberish
invoice camera mountain signal airport elephant running purple algorithm window processor river 2150,word_salad
"In this experiment, The patient record was updated after the laboratory results were reviewed. The result was recorded for later analysis. Sample 1313.",mild_gibberish
qzgyuf&21k%m68@u^d81$7#tz7k@q63j94f8$1bcbtnz@ng^,noise
VvC BTXJG cpnhKtx eelHSlKC,noise
network gradient coffee river mountain planet kernel banana purple database 937,word_salad
sj@&lwji68kw&9mq*kfx3nlpus3to9zulaww0glet8,noise
gradient galaxy triangle mathematics quantum sequence signal temperature airport market battery processor software forest algorithm,word_salad
The patient record was updated after the laboratory results were reviewed. The experiment used a fixed random seed. Sample 342.,clean
qwertyuiop zxcvbnm,noise
market quantum sequence galaxy algorithm software processor engine banana garden,word_salad
market gradient blue river library galaxy banana battery kernel camera,word_salad
"According to the report, The software pipeline converts documents into searchable representations. The results were reproducible. Sample 1205.",clean
"In this experiment, https://example.com/api/v1/search?q=transformer The experiment used a fixed random seed. Sample 2378.",clean
uwn!^nw%a2f4g84t5s1tdfaq,noise
The convolutional network extracts local patterns from the input signal. The results were reproducible. Sample 1623.,clean
"For the benchmark, The research team compared several models using the same test set. Sample 1612.",clean
"In this experiment, The system uses retrieval augmented generation to answer questions. The results were reproducible. Sample 2498.",clean
The retrieval system returns supporting passages before generating an answer. The results were reproducible. Sample 1854.,clean
https://example.com/api/v1/search?q=transformer The results were reproducible. Sample 1239.,clean
?@#!!%&@*?,noise
The algorithm was evaluated on unseen samples from a separate cohort. The result was recorded for later analysis. Sample 1024.,clean
#*&!#&!&&$?,noise
"The experiment evaluates precision, recall, and inference latency. The results were reproducible. Sample 1957.",mild_gibberish
protein invoice temperature document database language camera battery software algorithm elephant chair,word_salad
"In this experiment, The parser extracts paragraphs, tables, headings, and metadata from documents. The experiment used a fixed random seed. Sample 1491.",clean
window quantum kernel banana algorithm running purple market oxygen network document triangle,word_salad
"According to the report, The model achieved strong performance on the validation dataset. The results were reproducible. Sample 513.",clean
"According to the report, Conv1d kernel_size=5 hidden_size=128 batch_size=64 The result was recorded for later analysis. Sample 615.",clean
lL JeUjlS JPeMlf oIm imRkGmDR,noise
Conv1d kernel_size=5 qwertyuiop hiden_size=128 batch_size=64 Sample 1702.,mild_gibberish
"According to the report, The patient record was updated after the laboratory results were reviewed. The experiment used a fixed random seed. Sample 2502.",mild_gibberish
cloud airport sequence blue mountain database,word_salad
"According to the report, ROC-AUC 0.9029 MCC 0.5034 F1 0.6915 The experiment used a fixed random seed. Sample 1587.",mild_gibberish
"According to the report, The algortihm was evaluated on unseen samples from a searate cohort. The results were reproducible. Sample 1329.",mild_gibberish
The patient record was updated after the laboratory results were reviewed. The experiment used a fixed random seed. Sample 486.,clean
"For plmoknijb the benchmark, learning_rate=0.002 weight_decay=0.0003 warmup_steps=1200 The exeriment used a fixed random seed. Sample 1219.",mild_gibberish
"In this experiment, The report describes the architecture, training procedure, and evaluation results. The experiment used a fixed random seed. Sample 1188.",clean
processor language airport battery river chair protein software engine,word_salad
"According to the report, The retrieval system returns supporting passages before generating an answer. The result was recorded for later analysis. Sample 1589.",clean
"In this experiment, The algortihm was evaluated on unseen samples from a separate cohort. The results were reproducible. Sample 904.",mild_gibberish
invoice purple database galaxy coffee processor planet banana network mathematics 45,word_salad
sq4^kjpae!@m2jctm7llbquju$r$r@,noise
"According to the report, The retrieval system returns supporting passages before generating an answer. The result was recorded for later analysis. Sample 326.",clean
$*#!@*$?@@$?%,noise
mountain galaxy document database language network elephant software blue forest airport gradient running,word_salad
invoice network document blue cloud market window galaxy triangle chair banana planet,word_salad
2ml@4zqri^9^og5xixn16q00m#f@!ujfl!2*s*7tqov#m47,noise
elephant mountain river chair camera blue protein memory,word_salad
market forest signal protein triangle memory blue garden banana mathematics language coffee,word_salad
protein garden planet memory battery document mountain gradient 1488,word_salad
os&ke$nkxyaudftol4#,noise
HG001 HG002 HG005 nanopore sequencing read classification Sample 1969.,clean
&!!?*#%@$$&@$%!**#!?,noise
signal purple galaxy database triangle elephant oxygen running kernel planet temperature algorithm chair,word_salad
airport triangle protein engine software river planet mathematics library,word_salad
"For the benchmark, The research team compared several models using qazwsxedc the same test set. The results were reproducible. Sample 1616.",mild_gibberish
window mountain temperature tensor camera signal gradient mathematics document purple,word_salad
Ohx ZZbn eJNNm OqF qACQb lsfFXNx,noise
vXmI tmT KNVLFVv wpi lWTDN,noise
battery algorithm garden elephant planet airport processor coffee library oxygen 1098,word_salad
temperature battery chair planet engine oxygen window memory document galaxy,word_salad
"In this experiment, The algorithm was evaluated on unseen samples from a separate cohort. The result was recorded for later analysis. Sample 1212.",clean
t^^@*m2j76m7^zeo9$0,noise
Fgz TZfOMKT ilhhPAE api,noise
"According to the report, The proposed method reduces inference latency while preserving classification quality. The results were reproducible. Sample 967.",clean
"In this exeriment, The retrival systme returns supporting passages before generating an answer. Sample 59.",mild_gibberish
"According to the report, Cov1d kernel_size=5 hidden_size=128 batch_size=64 The experiment used a fixed random seed. Sample 3.",mild_gibberish
$bjiy7qrhf^zcee&meh!wu0km3u&hte%0!37u8k,noise
planet chair document camera engine library,word_salad
"According to the report, The software pipeline converts documents into searchable representations. The results were reproducible. Sample 1291.",mild_gibberish
ww ngpDGxiD STK uHOAC NBeu UmkLyQZs,noise
"For qazwsxedc the benchmark, The proposed method reduces inference latency while preserving classification quality. The experiment used a fixed random seed. Sample 411.",mild_gibberish
The database stores customer transactions qazwsxedc and product information. Sample 2082.,mild_gibberish
"In this experiment, The software pipeline converts documents into searchable representations. The asdfghjkl result was recorded for later analysis. Sample 2212.",mild_gibberish
processor tensor forest algorithm mountain mathematics running oxygen invoice,word_salad
"In this experiment, The software pipeline converts documents into searchable representations. The experiment used a fixed random seed. Sample 1346.",clean
"In this experiment, The system uses retrieval augmented generation to answer questions. The results were reproducible. Sample 498.",clean
sequence galaxy document invoice coffee library camera quantum software river running blue,word_salad
document window algorithm galaxy running signal,word_salad
camera running engine algorithm sequence battery market mathematics forest,word_salad
airport blue network banana processor language,word_salad
WLsXpS wGgvYoOc JQZMlFzm svPG BWhTG,noise
ROC-AUC 0.9029 MCC 0.5034 F1 0.6915 The experiment used a fixed random seed. Sample 112.,clean
#?$???##@*??*!#!*?%,noise
banana language elephant document coffee market processor 1344,word_salad
battery garden mathematics airport running language purple river algorithm invoice cloud mountain memory processor oxygen,word_salad
camera memory network elephant gradient airport language 1708,word_salad
0!myfpd#k*^$xappl8plxy,noise
cloud forest oxygen banana battery planet chair mountain triangle,word_salad
83eli^o22@0irex@8p62465vjn,noise
?#@?#*@$*$!&#@$!#@#@*@,noise
ve5s3ty#euv^,noise
@&$!@$??*?&,noise
HG001 HG002 HG005 nanopore sequencing read classification Sample 1005.,clean
language kernel oxygen temperature software blue coffee banana market cloud tensor,word_salad
%$?*&?$#?@@?*?#@?@$,noise
y@0nn1r7t2$d34r#jw0&#f23f#41p6wxj2uoa8%fy!tu^p@u^t19^y,noise
"In this experiment, The database stores customer transactions and product information. The exeriment used a fixed random seed. Sample 2305.",mild_gibberish
!#&$#@%!*@%*%%*#**&&$@*,noise
"SELECT customer_id, revenue FROM transactions WHERE year=2025 Sample 192.",clean
"According to the report, The convolutional network extracts local patterns from the input signal. The result was recorded for later analysis. Sample 105.",clean
"In this experiment, SELECT customer_id, revenue FROM transactions WHERE year=2025 The experiment used a fixed random seed. Sample 984.",clean
"For the benchmark, The patient record was updated after the laboratory results were reviewed. The result was recorded for later analysis. Sample 1505.",clean
elephant galaxy software river garden sequence protein algorithm language cloud database gradient 1399,word_salad
"For the benchmark, The convolutional network extracts local patterns from the input sinal. The experiment zxcvbnm used a fixed random seed. Sample 311.",mild_gibberish
language processor software library protein camera tensor invoice mathematics signal database running oxygen banana engine,word_salad
"For the benchmark, SELECT customer_id, revenue FROM transactions WHERE qazwsxedc year=2025 The result was recorded for later analysis. Sample 929.",mild_gibberish
"According to the report, CUDA 12.4 PyTorch 2.5 NVIDIA A100 80GB The results were reproducible. Sample 2308.",mild_gibberish
"According to the report, The model achieved strong performance on the validation dataset. The result was recorded for later analysis. Sample 1780.",clean
"For the benchmark, htps://example.com/api/v1/search?q=transformer The result was recorded for later analysis. Sample 2272.",mild_gibberish
"According to the report, The software pipeline converts documents into searchable representations. Sample 1560.",mild_gibberish
document planet river language airport window quantum running galaxy triangle 30,word_salad
kernel river banana battery oxygen forest tensor 2069,word_salad
r9wuy*0ok^sn1s9obbmgg%!@2mbsql@0@&!z*q6794nc*h1cwc3dtsh*#!^,noise
database banana river window signal engine invoice purple network triangle language chair 293,word_salad
"According to the report, https://example.com/api/v1/search?q=transformer The experiment used a fixed random seed. Sample 1213.",clean
"For the benchmark, The patient reord was updated after the laboratory results were reviewed. The experiment used a qazwsxedc fixed random seed. Sample 592.",mild_gibberish
engine blue sequence language software mountain oxygen memory window battery quantum camera coffee protein banana,word_salad
invoice software cloud river planet oxygen gradient signal document quantum running kernel,word_salad
planet river software blue forest engine processor airport chair signal banana cloud galaxy library,word_salad
The retrieval system returns supporting passages before generating an answer. Sample 1754.,clean
"In this experiment, Conv1d kernel_size=5 hidden_size=128 batch_size=64 The experiment used a fixed random seed. Sample 1877.",clean
DMvmNtAt wteXgR qxgAEP,noise
Conv1d kernel_size=5 hidden_size=128 batch_size=64 The results were reproducible. Sample 1027.,clean
Conv1d kernel_size=5 hidden_size=128 batch_size=64 The experiment used a fixed random seed. Sample 2455.,mild_gibberish
BPvzeFmu URchHs SRjh qOgVXSLX QF qCNjMMMh rqXTakB,noise
"For the benchmark, The database stores cutomer transactions and qwertyuiop product information. The results were reproducible. Sample 85.",mild_gibberish
"In this experiment, The report describes the architecture, training procedure, and evaluation results. The experiment used a fixed random seed. Sample 1018.",clean
"In this experiment, The proposed method reduces inference latency while preserving classification quality. The result was recorded for later analysis. Sample 898.",clean
quantum mountain document window chair battery software cloud algorithm invoice library camera signal oxygen database,word_salad
elephant temperature software chair quantum airport protein oxygen sequence document,word_salad
u7*e!hbe5srcc4y5^18zws^$1hlj0#!n,noise
"According to the report, CUDA 12.4 PyTorch 2.5 NVIDIA A100 80GB The results were reproducible. Sample 1368.",clean
xLZ tPUt JRUKsO,noise
"According to the report, The research team compared several models using the same test set. The result was recorded for later analysis. Sample 2215.",clean
"According to the report, learning_rate=0.002 weight_decay=0.0003 warmup_steps=1200 The result was recorded for later analysis. Sample 568.",clean
mountain document battery database chair mathematics protein signal gradient banana software,word_salad
"In this experiment, ROC-AUC 0.9029 MCC 0.5034 F1 0.6915 The results were reproducible. Sample 140.",clean
POST /api/v1/documents status_code=200 latency_ms=17 The experiment used a fixed random seed. Sample 2327.,clean
"In this experiment, https://example.com/api/v1/search?q=transformer The result was recorded for later analysis. Sample 1539.",clean
"For the benchmark, CUDA 12.4 PyTorch 2.5 NVIDIA A100 80GB Sample 1911.",clean
"According to the report, The parser extracts paragraphs, tables, headings, and metadata from documents. The results were reproducible. zxcvbnm Sample 837.",mild_gibberish
"In this experiment, The systme uses retrieval augmented generation to answer questions. The results were reproducible. Sample 1427.",mild_gibberish
"According to the report, The model achieved strong performance on the validation dataset. Sample 2459.",clean
*!*#%#?#%*@&?#?#,noise
HG001 HG002 HG005 nanopore sequencing read classification The results were reproducible. Sample 1179.,clean
t3^818e162fm0itwva%%0diwjx7rdt1sg3u4b!e93xbqc9z!b$u!7wx21^m,noise
language coffee river window blue network sequence cloud galaxy mathematics,word_salad
The model achieved strong performance on the validation dataset. Sample 1343.,clean
@&!*&!%?@%@!?#,noise
"According to the report, learning_rate=0.002 weight_decay=0.0003 warmup_steps=1200 The results were reproducible. Sample 2226.",mild_gibberish
gp70cbtoqj7st!5r&1&4&9j%ebiokxyc,noise
planet network engine gradient library banana protein airport,word_salad
triangle engine mathematics battery sequence algorithm forest banana,word_salad
"In this experiment, The algorithm was evaluated on unseen samples from a separate cohort. The results were reproducible. Sample 1125.",clean
15f@!gh5s$m8006qdvg4x2$pf*,noise
"In this experiment, POST /api/v1/documents status_code=200 latency_ms=17 Sample 202.",clean
"For the benchmark, The software pipeline converts documents into searchable representations. The result was recorded for later analysis. Sample 2374.",clean
processor oxygen galaxy database cloud software temperature river forest banana memory,word_salad
window elephant algorithm invoice purple software engine planet oxygen language database gradient temperature forest document,word_salad
forest elephant airport library window river invoice algorithm network 665,word_salad
"According to the report, The parser extracts paragraphs, tables, headings, and metadata from documents. The result was recorded for later analysis. Sample 2312.",clean
cEfVX qLJwE ialPI NsUICspE,noise
The algorithm was evaluated on unseen samples from a separate cohort. The result was recorded for later analysis. Sample 1307.,clean
The system uses retrieval augmented generation to qwertyuiop answer questions. The experiment used a fixed random seed. Sample 1350.,mild_gibberish
IhQIu mmvs Iux kjFN Uek xRp IXWWSCX,noise
memory camera oxygen tensor software coffee mathematics running garden chair mountain forest triangle library signal,word_salad
"The report describes the architecture, training procedure, and evaluation results. The results were reproducible. Sample 1459.",clean
"For the benchmark, The software pipeline converts documents into searchable representations. The experiment used a fixed random seed. Sample 1646.",clean
"In this experiment, The report decribes the architecture, training procedure, and evaluation results. The results were reproducible. Sample 2420.",mild_gibberish
oxygen signal mathematics quantum forest document battery river temperature protein planet airport network database 341,word_salad
"For the benchmark, The system uses retrieval augmented generation to answer questions. The results were reproducible. Sample 751.",clean
@ob*pjpyx5wu31bska*v&uvw%&pt,noise
The algorithm was evaluated on unseen samples from a separate cohort. Sample 1155.,clean
Machine learning systems require reliable data preprocessing. The results were reproducible. Sample 632.,clean
coffee triangle elephant mathematics gradient network galaxy engine forest camera protein battery oxygen,word_salad
"According to the report, The document contains financial results for the previous fiscal year. The result was recorded for later analysis. Sample 1714.",clean
"According to the report, The report describes the architecture, training procedure, and evaluation results. Sample 526.",clean
airport purple battery mathematics river coffee processor quantum signal engine chair temperature cloud invoice gradient,word_salad
language triangle signal software temperature running engine mathematics garden chair window database banana purple 90,word_salad
$$%&%$?$$?$@$#$#%#%*?$*?$,noise
"In this asdfghjkl experiment, https://example.com/api/v1/search?q=transformer The results were reproducible. Sample 2230.",mild_gibberish
"According to the report, The qwertyuiop software pieline converts documents into searchable representations. The experiment used a fixed random seed. Sample 1994.",mild_gibberish
"According to the report, The database stores customer transactions and product information. The experiment used a fixed random seed. Sample 1712.",clean
galaxy library elephant gradient airport forest protein cloud running kernel 1872,word_salad
"In this experiment, The parser extracts paragraphs, tables, headings, and metadata from documents. The experiment used a fixed random seed. Sample 284.",mild_gibberish
"According to the report, The retrieval system returns supporting passages before generating an answer. The result was recorded for later analysis. Sample 844.",clean
camera blue running airport banana purple cloud galaxy 1217,word_salad
garden gradient window memory software protein camera temperature database,word_salad
aBhPkN oDB whQLwd,noise
"In this experiment, The software pipeline converts documents into searchable representations. The experiment used a fixed random seed. Sample 24.",clean
WK YM Hy tYBDkmW BqyZQY fk Qi ll gFlhaU RpoQ,noise
software triangle network running kernel tensor planet engine gradient 1916,word_salad
algorithm elephant sequence window river planet kernel quantum battery database chair,word_salad
airport sequence elephant banana algorithm library,word_salad
!#$@#$@$*@$$$!!*,noise
qazwsxedc asdfghjkl,noise
"For the benchmark, The research team compared several models using the same test set. Sample 1200.",clean
"In this experiment, Conv1d kernel_size=5 hidden_size=128 batch_size=64 The results were reproducible. Sample 162.",mild_gibberish
"According to the report, The patient record was updated after the laboratory results were reviewed. Sample 474.",mild_gibberish
"For the benchmark, POST /api/v1/documents status_code=200 latency_ms=17 Sample 1717.",clean
camera temperature planet processor database window galaxy forest mathematics memory sequence,word_salad
xj&%9c7q0kc@1tj14x5v&6436zuz4l$yw!zg&#n^^li$sfjwl!ku,noise
"For the benchmark, learning_rate=0.002 weight_decay=0.0003 warmup_steps=1200 The results were reproducible. Sample 2107.",clean
#kgkl$39dab@n@hy8s,noise
temperature camera software blue banana chair,word_salad
qFha kFdUQDw xAFWXAZ cxXpjJqc ZI wgesfYxT zSIaHsGy uUlWB weSd,noise
"For the benchmark, HG001 HG002 HG005 nanopore sequencing read classification The results were reproducible. Sample 165.",clean
galaxy garden software library camera language sequence mountain quantum triangle,word_salad
purple coffee invoice market running cloud quantum software blue mathematics gradient library protein planet battery,word_salad
vy2$x4#s$n7^mdy@auf5odfk12$6%@%%dl#dv04x5nzrgtfy505,noise
database invoice tensor coffee language sequence chair signal algorithm blue network river document 1110,word_salad
tOs lAbCQMz arzmROU jQqX FZjH xMlHJy YqgTX hSpE bXVEoIf,noise
%&@##?%$*?*%%*,noise
oxygen mountain algorithm software kernel galaxy 2314,word_salad
cloud elephant battery running engine camera,word_salad
"In this experiment, RO-AUC 0.9029 MCC 0.5034 F1 0.6915 The results were reproducible. Sample 412.",mild_gibberish
forest garden triangle planet chair library blue airport language quantum algorithm memory 1554,word_salad
The model achieved strong performance on the validation dataset. Sample 595.,clean
river galaxy forest quantum temperature document oxygen tensor airport 694,word_salad
document protein forest market mathematics processor,word_salad
"According to the report, HG001 HG002 HG005 nanopore sequencing read classification Sample 1766.",clean
"According to the report, The system uses retrieval augmented generation to answer questions. The results were reproducible. Sample 1986.",clean
river airport planet mountain document mathematics sequence tensor cloud,word_salad
airport signal sequence oxygen garden protein language triangle banana,word_salad
garden planet elephant forest software temperature,word_salad
"In this exeriment, qazwsxedc The report describes the architecture, training procedure, and evaluation results. The results were reproducible. Sample 449.",mild_gibberish
"plmoknijb In this experiment, The database stores customer transactions and product information. The experiment used a fixed random seed. Sample 228.",mild_gibberish
&f3z23v7drothwwkw8k@xl$*6ay1a&n0wcypoqv9f&naowpdlk72kef$g&,noise
"For the benchmark, The system uses retrieval augmented generation to answer questions. Sample 2494.",clean
"For the benchmark, The experiment evaluates precision, recall, and inference latency. The result was recorded for later analysis. Sample 310.",mild_gibberish
cFL YMYMtwCz sCKDP,noise
BPeTICy lWa ixw aDuELpc apm jexLf oo Zg aNasuGdA MYXYhKu,noise
ei8f7*ev^5sf4,noise
The research team compared several models using the same test set. The result was recorded for later analysis. Sample 78.,mild_gibberish
algorithm banana planet blue chair library garden airport mathematics,word_salad
!!%!$$$%&#*&!!$$@,noise
Pu pVEF NTzky,noise
"For the benchmark, The system uses retrieval augmented generation to answer questions. The experiment used a fixed random seed. Sample 655.",clean
%&?#@&*%@@$*&&#*&%!&!@@&!*@*$%,noise
@%*$@!*&$!*,noise
@$?@&$#%&,noise
tensor river cloud forest document language banana coffee database network library protein,word_salad
galaxy cloud kernel chair banana gradient language purple river window garden processor forest triangle library 2486,word_salad
YQ PJQUrC EZIJCH,noise
"According to the report, ROC-AUC 0.9029 MCC 0.5034 F1 0.6915 Sample 369.",clean
The retrival systme returns suporting passages before generating an answer. The result was recorded for later analysis. Sample 2492.,mild_gibberish
document invoice gradient galaxy triangle purple mathematics signal processor chair blue,word_salad
"For the benchmark, HG001 HG002 HG005 nanopore sequencing read classification The experiment used a fixed random seed. Sample 766.",mild_gibberish
"The report describes the architecture, training procedure, and evaluation results. The experiment used a fixed random seed. Sample 2192.",clean
FPuw CpCZR gwtfh BlD bTjksuye GYOhvzMb odl,noise
"According to the report, The parser extracts paragraphs, tables, headings, and metadata from documents. The experiment used a fixed random seed. Sample 1702.",clean
"According to the report, ROC-AUC 0.9029 MCC 0.5034 F1 0.6915 The result was recorded for later analysis. Sample 1162.",clean
tensor oxygen market airport temperature elephant processor garden chair software document kernel,word_salad
memory garden invoice running mountain elephant mathematics market signal coffee,word_salad
"In this experiment, POST /api/v1/documents status_code=200 latency_ms=17 The result was recorded for later analysis. Sample 1809.",clean
"According to the report, The algortihm was evaluated on unseen samples from a separate cohort. The results were reproducible. Sample 356.",mild_gibberish
@$&**&*#&@?##@!*%!#&&#?%?,noise
PmUIoewF IXhmi pRj,noise
"For the benchmark, The model achieved strong performance on the validation dataset. The experiment used a fixed random seed. Sample 2210.",clean
?#$$???&,noise
document cloud elephant database kernel tensor network mathematics forest temperature market oxygen sequence,word_salad
2%00#7#j5lp!@&*wg2r&$8$vr0uo5^p^pm52fg6vj$3sw00wytueew7p&x,noise
"According to the report, The systme uses retrieval augmented generation to answer questions. The results were reproducible. Saple 2224.",mild_gibberish
banana algorithm library gradient engine battery coffee airport purple protein mountain river cloud signal language,word_salad
xXOXxuU yufrnvRV gvyp uOwX KoXysK gWn GstD,noise
qwxuH MPpjfx cooaNy OAK EBJaICt,noise
oxygen elephant engine camera mathematics galaxy garden blue river signal memory coffee,word_salad
"For the benchmark, The retrieval system returns supporting passages before generating an answer. The experiment used a fixed random seed. Sample 1795.",clean
ch!#uc0nup7^7dibt6vol%c0v8k5ut&s,noise
protein oxygen processor chair database camera window 405,word_salad
"According to the report, The database stores customer transactions and product information. Sample 184.",mild_gibberish
"According to the report, POST /api/v1/documents status_code=200 latency_ms=17 The experiment used a fixed random seed. Sample 1870.",clean
"In this experiment, HG001 HG002 HG005 nanopore sequencing read classification The experiment used a fixed random seed. Sample 135.",clean
The database stores customer transactions and product information. The result was recorded for later analysis. Sample 1181.,clean
"According to the report, The retrival system returns qwertyuiop supporting passages before generating an answer. The results were reproducible. Sample 872.",mild_gibberish
js4e&#qi%*@c7eua*u5ek7w5^z%maugm@53c8r77ofch9bud@n!o,noise
"In this experiment, The daabase stores customer transactions and product information. The results were reproducible. Sample 1444.",mild_gibberish
"According to the report, ROC-AUC 0.9029 MCC 0.5034 F1 0.6915 The experiment used a fixed random seed. Sample 2185.",clean
tho70bd@z!k^9jvdz7*r0wuf9*psei0qfd20,noise
"According to the report, HG001 HG002 HG005 nanopore sequencing read classification The result was recorded for later analysis. Sample 283.",clean
&&*?#*#$%#%#@%&#$&@@,noise
@%#**$%%*!%%%@$?#***??,noise
river database mathematics network kernel elephant tensor invoice library garden algorithm,word_salad
%?&%!$?@#*%$@?$@?$$$@*!&!%#&,noise
KUVMl aHb EcTkCLkq csSxS SGhOiqT FGV fysmuG FGpRqDmB,noise
signal mathematics market protein planet network temperature triangle language library sequence document elephant,word_salad
document river running language database chair market purple processor library gradient blue triangle cloud protein 1144,word_salad
"In this experiment, Machine learning systems require reliable data preprocessing. The result was recorded for later analysis. Sample 1865.",clean
"For the benchmark, The patient record was updated after the laboratory results were reviewed. Sample 1437.",clean
"According to the report, The model achieved strong performance on the validation dataset. The results were reproducible. Sample 1747.",clean
"For qazwsxedc the benchmark, The research team compared several models using the same test set. Sample 536.",mild_gibberish
n2srraasyin$@gm4eimmoydu0$^#5oxto*b&,noise
"For the benchmark, The patient record was updated after the laboratory results were reviewed. The experiment used a fixed random seed. Sample 2379.",mild_gibberish
quantum database camera gradient purple window banana,word_salad
The model achieved strong performance on the validation dataset. The result was recorded for later analysis. Sample 1328.,clean
"According to the report, Conv1d kernel_size=5 hidden_size=128 batch_size=64 The results were reproducible. Sample 2186.",clean
"For the benchmark, The report describes the architecture, training procedure, and evaluation results. The result was recorded for later analysis. Sample 867.",clean
!$@*%#?%$!%%$*$#%%#@??,noise
elephant mathematics market database chair tensor kernel quantum,word_salad
"According to the report, SELECT customer_id, revenue FROM transactions WHERE year=2025 The result was recorded for later analysis. Sample 1622.",clean
"In this experiment, learning_rate=0.002 plmoknijb weight_decay=0.0003 warmup_steps=1200 The result was recorded for later analysis. Sample 814.",mild_gibberish
The research team compared several models using the same test set. The results were reproducible. Sample 2307.,mild_gibberish
rulMPWP iks GZaGLnt cSJxoQBQ Lupi ixQzxSd,noise
w#5dv2n0nptatn3%7qhv!3bjacr%vh7$kgbowtg,noise
The research team compared several models using the same test set. The result was recorded for later analysis. Sample 2159.,mild_gibberish
purple sequence protein memory running tensor galaxy market river document software,word_salad
"According to the report, The system uses retrieval augmented generation to answer questions. The result was recorded for later analysis. Sample 1548.",clean
"For the benchmark, Machine learning systems require reliable data preprocessing. The experiment used a fixed random seed. Sample 491.",clean
purple coffee galaxy chair sequence market 1548,word_salad
"For the benchmark, HG001 HG002 HG005 nanopore sequencing read classification Sample 953.",clean
forest database market invoice chair running library quantum memory battery 1727,word_salad
The document contains financial results for the previous fiscal year. Sample 836.,mild_gibberish
"According to the report, The proposed method reduces inference latency while preserving classification quality. The results were reproducible. Sample 2479.",clean
oz$mvju%9@32c*kywlfrcv0*tvo%fs5,noise
"The experiment evaluates precision, recall, and inference latency. Sample 1897.",clean
database coffee planet market engine forest oxygen elephant algorithm sequence river software,word_salad
"For the benchmark, The model achieved strong performance on the validation dataset. The experiment used a fixed random seed. Sample 215.",clean
POST /api/v1/documents status_code=200 latency_ms=17 Sample 710.,clean
@*??@&*&?#@!#*#*!@%#?&?,noise
"For the benchmark, Conv1d kernel_size=5 hidden_size=128 batch_size=64 The results were reproducible. Sample 2391.",mild_gibberish
5&o^w2yk46d@@b5q^hfe6g0a*k&^8!b*%f&c%%y,noise
"SELECT customer_id, revenue FROM transactions WHERE year=2025 The result was recorded for later anlysis. Sample 1132.",mild_gibberish
"According to the report, The parser extracts paragraphs, tables, headings, and metadata from documents. The experiment used a fixed random seed. Sample 1036.",clean
"According to the report, https://example.com/api/v1/search?q=transformer Sample 1452.",mild_gibberish
"For the benchmark, The retrival system returns supporting passages before generating an answer. Sample 2061.",mild_gibberish
forest mathematics temperature mountain garden kernel network database sequence banana cloud coffee signal algorithm document 18,word_salad
"According to the report, The convolutional network extracts local patterns from the input signal. The result was recorded zxcvbnm for later analysis. Sample 509.",mild_gibberish
"According to the report, https://example.com/api/v1/search?q=transformer Sample 270.",clean
"For the benchmark, The algortihm was evaluated on unseen samples from a separate coort. Sample 833.",mild_gibberish
market quantum kernel algorithm river invoice blue airport temperature purple chair engine,word_salad
"For the benchmark, The experiment evaluates precision, recall, and qwertyuiop inference latency. Sample 2478.",mild_gibberish
database mountain kernel invoice running algorithm planet temperature software protein purple river,word_salad
camera river library network cloud language banana battery purple signal protein tensor algorithm sequence coffee,word_salad
"In this experiment, learning_rate=0.002 weight_decay=0.0003 warmup_steps=1200 The experiment used a fixed random seed. Sample 381.",mild_gibberish
Zh WwiP aOhXOi pzGfBJcp QIJlAx skBnuUxP,noise
oxygen mathematics document processor tensor engine mountain garden network purple,word_salad
"In this experiment, Machine learning systems require reliable dtaa preprocessing. The results were reproducible. Sample 135.",mild_gibberish
&@!?&$&?%!*$,noise
river running database sequence purple memory,word_salad
The convolutional network extracts local patterns from the input signal. The result was recorded for later analysis. Sample 2241.,clean
sequence algorithm protein gradient galaxy tensor document elephant window 1861,word_salad
oxygen quantum chair planet airport database kernel mountain elephant signal window battery document 1848,word_salad
"For the benchmark, learning_rate=0.002 weight_decay=0.0003 warmup_steps=1200 The experiment used a fixed random seed. Sample 1588.",clean
"In qwertyuiop this experiment, The proposed method reduces inference latency while preserving classification quality. Sample 1098.",mild_gibberish
river document forest running quantum memory invoice kernel,word_salad
gradient triangle blue market battery memory,word_salad
mVrZB kGn oAzGtL CyVX DOW OSQ cVbgc,noise
"According to the report, https://example.com/api/v1/search?q=transformer Sample 717.",clean
"For the benchmark, The research team compared several models using the same test set. The experiment used a fixed random seed. Sample 2138.",clean
The convolutional network extracts local patterns from the input signal. The results were reproducible. Sample 1249.,clean
"For the benchmark, The paser extracts paragraphs, tables, headings, and metadata from documents. Sample 1337.",mild_gibberish
"In this experiment, The documnt contains financial results for the previous fiscal year. Sample 1525.",mild_gibberish
triangle document running mountain oxygen airport temperature sequence blue gradient processor purple 229,word_salad
"The experiment evaluates precision, recall, and inference latency. Sample 75.",mild_gibberish
"According to the report, HG001 HG002 HG005 nanopore sequencing read classification The results were reproducible. Sample 996.",clean
blue network market cloud document algorithm kernel garden running mathematics gradient,word_salad
"In this experiment, The systme uses retrival augmented generation to answer questions. The result was recorded for later analysis. Sample 1119.",mild_gibberish
umENro HkMx eCblUr MSsfjz mjtrFq iZWAKy,noise
#*?!##**?@@,noise
##**@?$&@#!%&&?!#@*,noise
Du FcChxE vbxpe IcGgi eCAAGya bRM SOMWeo,noise
CUDA 12.4 PyTorch 2.5 NVIDIA A100 80GB Sample 1518.,clean
blue galaxy banana processor quantum signal software mathematics invoice chair battery coffee 188,word_salad
&@&$%?@&&#*#&*&@&??#*!#,noise
XTzx LllBYg uajzMCC bEfp wZan,noise
garden kernel quantum protein elephant market mathematics database 70,word_salad
The research team compared several models using the same test set. The reults were reproducible. Sample 35.,mild_gibberish
"For the benchmark, Machine learning systems require reliable data preprocessing. Sample 468.",clean
"In this experiment, learning_rate=0.002 weight_decay=0.0003 warmup_steps=1200 The experiment used a fixed random seed. Sample 1333.",clean
9gnk936e!h#6&vip7g&ck6q6s9,noise
"According to the report, The software pipeline converts documents into searchable representations. Sample 1948.",mild_gibberish
kernel elephant airport invoice battery quantum tensor memory protein,word_salad
"For the benchmark, The software pipeline converts documents into searchable representations. Sample 166.",clean
"According to asdfghjkl the report, The experiment evaluates precision, recall, and inference latency. The experiment used a fixed random seed. Sample 1409.",mild_gibberish
"According to the report, The parser extracts paragraphs, tables, headings, and metadata from documents. The result was recorded for later analysis. Sample 1516.",clean
"According to the report, The proposed method reduces inference laency while preserving classification quality. Sample 628.",mild_gibberish
#$@&%$&*$&$@%#@#,noise
"According to the report, learning_rate=0.002 weight_decay=0.0003 warmup_steps=1200 The results were reproducible. Sample 857.",mild_gibberish
"According to the report, The retrival system returns suporting passages before generating an answer. Sample 360.",mild_gibberish
"For the benchmark, The proposed method reduces inference latency while preserving classification quality. Sample 517.",clean
"According to the report, The patient record was upated qazwsxedc after the laboratory results were reviewed. The results were reproducible. Sample 1688.",mild_gibberish
chair signal coffee cloud purple running market planet engine triangle river language 1250,word_salad
running gradient software river network language kernel signal document garden chair,word_salad
"For the benchmark, The patient record was updated asdfghjkl after the laboratory results were reviewed. The result was recorded for later analysis. Sample 795.",mild_gibberish
#@#&!!**$,noise
54k$dvf1!2j%4ljl#hxdpnhebnyaa#xtpyee$$2zt2u!gy&7qnk^&j,noise
##*?@?*!?#%$#,noise
"In this experiment, The algortihm was evaluated on unseen samples from a separate zxcvbnm cohort. The results were reproducible. Sample 1798.",mild_gibberish
88^wf!%0gjkbq#@7u!$@b*oij3a!n1%vi352x0@h&!u^,noise
planet mountain river coffee airport invoice document algorithm engine elephant triangle language battery signal,word_salad
"According to the report, The software pipeline converts documents into searchable representations. The results were reproducible. Sample 1711.",clean
"Acording to the report, The report describes the architecture, training procedure, and evaluation results. The experiment used a fixed random seed. Sample 1296.",mild_gibberish
ELlSQ JgzhY cjdO oxIzs TrQVsjA BS hjsYEK ZdsLk kQAl zCi,noise
banana camera algorithm processor purple tensor blue airport kernel,word_salad
"For the benchmark, The report describes the architecture, training procedure, and evaluation results. Sample 1158.",mild_gibberish
blue galaxy gradient garden algorithm banana mountain triangle database cloud temperature river running invoice chair 1886,word_salad
80%rngxk5l0sz5@4afue!mrgov&j4q32t,noise
"According to the report, The algortihm was evaluated on unseen samples from a separate cohort. The experiment used a fixed random seed. Sample 1752.",mild_gibberish
^6rdb0haqka,noise
"In this experiment, HG001 HG002 HG005 nanopore sequencing read classification The results were reroducible. Sample 1938.",mild_gibberish
triangle purple engine database coffee gradient mountain river cloud oxygen banana planet library,word_salad
oxygen cloud purple window airport mathematics running library battery garden quantum database kernel memory,word_salad
fyco^@7m8em63*h9a0uuzhd,noise
camera market battery engine triangle garden library 1780,word_salad
"In qwertyuiop this experiment, learning_rate=0.002 weight_decay=0.0003 warmup_steps=1200 The results were reproducible. Sample 2443.",mild_gibberish
"In this experiment, The software pipeline converts documents into searchable representations. The experiment zxcvbnm used a fixed random seed. Sample 582.",mild_gibberish
&xbro9m3hyuumedk@0$vm7z9j@a1r!h3@fzda7x9l17v,noise
"In this experiment, Machine learning systems require reliable dtaa preprocessing. qazwsxedc Sample 1208.",mild_gibberish
The rnodel achieved strong performance on the validation daaset. Sample 13.,mild_gibberish
language database forest blue planet chair garden sequence cloud software running processor quantum,word_salad
"According to the report, The database stores cutomer transactions and product information. Sample 1774.",mild_gibberish
"For the benchmark, The retrival system returns supporting passages before geerating an answer. The experiment used a fixed random seed. Sample 1876.",mild_gibberish
HG001 HG002 HG005 nanopore sequencing read classification The result was recorded for later analysis. Sample 2197.,mild_gibberish
&?&*!!*&,noise
%%%!@??!!%?$*!*?@!#?$%%?@#$??*,noise
"In this experiment, learning_rate=0.002 weight_decay=0.0003 wamup_steps=1200 The result was recorded qwertyuiop for later analysis. Sample 879.",mild_gibberish
&$$$??&?$&%?%%$*?$#?&@%?!!#%?*,noise
purple kernel running software mathematics engine triangle tensor camera oxygen gradient algorithm,word_salad
tensor forest signal cloud camera planet network sequence chair database,word_salad
&c5dgr@a@u&25b0g2&s#lx%72bu0a3aup057i,noise
document engine galaxy airport network oxygen,word_salad
"In this experiment, Conv1d kernel_size=5 hidden_size=128 batch_size=64 The results were reproducible. Sample 1116.",clean
JhQYmaw HOQVDS Wv xnPcPjhn iFco RlIuAfUE HTRwRqU qT axsqK mHGcetZk,noise
"According to the report, The parser extracts paragraphs, tables, headings, and metadata from documents. The results were reproducible. Sample 2108.",clean
elephant engine sequence kernel database market garden mountain document window airport coffee mathematics language,word_salad
The system uses retrieval augmented generation to answer questions. Sample 1645.,clean
"According to the report, SELECT customer_id, revenue FROM transactions WHERE year=2025 The experiment plmoknijb used a fixed random seed. Sample 2014.",mild_gibberish
*&!#$?&&*?%&!#$#@$$*%%$@?%#*&?,noise
wFHTuH gWO eBzbnX VdY mrubOtbG jeLZ,noise
"For the benchmark, The report describes the architecture, training procedure, and evaluation results. The result was recorded for later analysis. Sample 2238.",clean
memory planet invoice market tensor document coffee camera blue cloud sequence oxygen,word_salad
"According to the report, https://example.com/api/v1/search?q=transformer The result was recorded for later analysis. Sample plmoknijb 383.",mild_gibberish
"For the benchmark, The patient record was updated after the laboratory results were reviewed. The experiment used a fixed random seed. Sample 875.",mild_gibberish
oxygen software triangle invoice protein coffee temperature language galaxy purple blue garden,word_salad
The document contains financial results for the previous fiscal year. The result was recorded for later analysis. Sample 464.,clean
bvagggnvssz0m8104gk,noise
"According to the report, The document contains financial results for the previous fiscal year. The result was recorded for later analysis. Sample 296.",clean
airport temperature oxygen memory garden database tensor sequence language running blue invoice purple camera,word_salad
POST /api/v1/documents status_code=200 latency_ms=17 The result was recorded for later analysis. Sample 1943.,clean
k5%%m@k$3d0o8w%melrhbm2s$@#c11qsbmu!%s#aou$xhno7me*xvorx,noise
"According to the report, The proposed method reduces inference latency while preserving classification quality. Sample 1460.",clean
"According to the report, The parser extracts plmoknijb paragraphs, tables, headings, and metadata from documents. The results were reproducible. Sample 829.",mild_gibberish
algorithm signal coffee galaxy cloud battery document banana quantum temperature processor camera engine purple language,word_salad
*?*&@?*!!#,noise
kernel software protein camera galaxy gradient river tensor mathematics temperature,word_salad
r3q5p6xsv5orm&@dkhs^y8vi*2$udk*yxcxjt&qad1!mnby11st1agn,noise
"According to the report, The parser extracts paragraphs, tables, headings, and metadata from documents. Sample 718.",clean
invoice mountain software window banana kernel mathematics protein 1736,word_salad
"In this experiment, Conv1d kernel_size=5 hidden_size=128 batch_size=64 The result was recorded for later analysis. Sample 1188.",mild_gibberish
"For the benchmark, ROC-AUC 0.9029 MCC 0.5034 F1 0.6915 The experiment used a fixed random seed. Sample 205.",clean
"For the benchmark, HG001 HG002 HG005 nanopore sequencing read classification The results were reproducible. Sample 789.",clean
*#!*@&?$#*#,noise
uvZVWL BcaUy mAawJz,noise
"In this experiment, HG001 HG002 HG005 nanopore sequencing read classification The result was recorded for later analysis. Sample 82.",mild_gibberish
p4ot$q#xsh0c%ip48m4#gnt^cihcvp75%t44&59*zv5p4*qo,noise
database algorithm window library oxygen blue triangle tensor sequence engine galaxy memory quantum market airport 1580,word_salad
"For the benchmark, The algorithm was evaluated on unseen samples from a separate cohort. The result was recorded for later analysis. Sample 304.",clean
signal memory cloud document purple database algorithm,word_salad
"For the benchmark, The proposed method reduces inference latency while preserving classification quality. Sample 2214.",mild_gibberish
planet cloud garden triangle document algorithm window,word_salad
"The report describes the architecture, training procedure, and evaluation results. The results were reproducible. Sample 585.",mild_gibberish
!%%%$*$%?*##,noise
"For the benchmark, learning_rate=0.002 weight_decay=0.0003 warmup_steps=1200 Sample 1374.",clean
%%$?$*%!%#*!?%%*@!?@$?@$?#%,noise
HG001 HG002 HG005 nanopore sequencing read classification The result was recorded for later analysis. Sample 2083.,mild_gibberish
Conv1d kernel_size=5 hidden_size=128 bach_size=64 Sample 458.,mild_gibberish
#%y1w%yzz%z5i^utn&%pg&kn,noise
"In this experiment, The parser asdfghjkl extracts paragraphs, tables, headings, and metadata from documents. Sample 457.",mild_gibberish
#&@*?$@$*&*&?#*$$!@,noise
"In this experiment, The systme uses retrieval augmented generation to answer questions. The result was recorded for later analysis. Saple 921.",mild_gibberish
"According to the plmoknijb report, learning_rate=0.002 weight_decay=0.0003 warmup_steps=1200 Sample 1625.",mild_gibberish
UmAN enocDTZ TY ttw lxz,noise
"According to the report, The parser extracts paragraphs, tables, headings, and metadata from documents. Sample 812.",mild_gibberish
"According to the report, https://example.com/api/v1/search?q=transformer The results were reproducible. Sample 970.",clean
uip8s4zb8hjl*@lyw0bh7kcp3@yv&bo!sfq3925pkter%87i1espa!$l@5b,noise
"For the benchmark, The research team compared several models using the same test set. The result was recorded for later analysis. Sample 2473.",clean
The research team compared several models using the same test set. The result was recorded for later analysis. Sample 1351.,mild_gibberish
invoice oxygen triangle network software engine temperature purple document,word_salad
Ee GuKG Eig zV wAZ nq LaJ rodoRk,noise
nc0w9hzr%yyf0po%$*!napd0p*69@@rx73b&#,noise
learning_rate=0.002 weight_decay=0.0003 warmup_steps=1200 Sample 856.,mild_gibberish
"According to the report, SELECT customer_id, revenue FROM transactions WHERE year=2025 The results were reproducible. Sample 57.",mild_gibberish
&!$$&&$!?@$#**%?$&@@*&$$&@*,noise
"For the benchmark, HG001 HG002 HG005 nanopore sequencing read classification Sample 651.",clean
"In this experiment, The system uses retrival augmented generation to answer questions. The experiment used a fixed random seed. Sample 465.",mild_gibberish
"The parser extracts paragraphs, tables, headings, and metadata asdfghjkl from documents. The result was recorded for later analysis. Sample 865.",mild_gibberish
oxygen airport quantum engine camera blue river,word_salad
"For the benchmark, The algorithm was evaluated on unseen samples from a separate cohort. The experiment used a fixed random seed. Sample 2068.",clean
learning_rate=0.002 weight_decay=0.0003 warmup_steps=1200 The experiment used a fixed random seed. Sample 377.,clean
algorithm temperature library kernel garden memory,word_salad
"In this experiment, SELECT customer_id, revenue FROM transactions WHERE year=2025 Sample 1918.",mild_gibberish
#fr*6nd@2fzwkb7ul854@4b$4b533dzky@sh4#g,noise
57ms748ipkt62l6#zr%v9dd2yf&x0a&v05%c%fgfv%@o3wt54jyb62w6i!65,noise
"In this experiment, The documnt contains financial results for the previous fiscal year. The result qwertyuiop was recorded for later analysis. Sample 1848.",mild_gibberish
chair gradient airport coffee mathematics banana tensor planet protein engine language battery cloud 1778,word_salad
"According to the report, The documnt contains financial results for the previous fiscal year. Sample 2136.",mild_gibberish
CUDA 12.4 PyTorch 2.5 NVIDIA A100 80GB The experiment used a fixed random seed. Sample 2322.,clean
"SELECT customer_id, revenue FROM transactions WHERE year=2025 The experiment used a fixed random seed. qwertyuiop Sample 624.",mild_gibberish
@pb2h#qh9yba*wpsy34ga!%z,noise
f*vy$5y**cwhq65odnm!re@bko!j03zkfw3,noise
library coffee algorithm running memory gradient cloud 2490,word_salad
9e2$8dv9*wia%d5v%46o*t^ezo!^za!#dqkt5bjwv9#,noise
"In this experiment, CUDA 12.4 PyTorch 2.5 NVIDIA A100 80GB The experiment used a fixed random seed. Sample 2264.",clean
"In this experiment, https://example.com/api/v1/search?q=transformer The results were reproducible. Saple 2424.",mild_gibberish
"In this experiment, The algortihm was evaluated on unseen samples from a separate cohort. The experiment used a fixed random seed. Sample 626.",mild_gibberish
"For the benchmark, CUDA 12.4 PyTorch 2.5 NVIDIA A100 80GB Sample 673.",clean
"For the benchmark, The document contains financial results for the previous fiscal year. The result was recorded for later analysis. Sample 799.",clean
mathematics triangle galaxy invoice market signal tensor processor library sequence network window software planet blue 1410,word_salad
CiRSST OKWy bwkNjHDS ojTA uCcOBWiq LHFfI MsMNyvnz DKTGUS cDSGws gNxVyk,noise
river mountain oxygen engine forest network window galaxy 2018,word_salad
river database network document elephant blue temperature algorithm memory airport quantum running,word_salad
"In this experiment, The rnodel achieved strong performnce on the validation dataset. Sample 1271.",mild_gibberish
"In this experiment, The report describes the architecture, training procedure, and evaluation results. The results were reproducible. Sample 365.",mild_gibberish
triangle invoice market purple mountain cloud processor oxygen galaxy forest database garden elephant coffee 1677,word_salad
"For the benchmark, CUDA 12.4 PyTorch 2.5 plmoknijb NVIDIA A100 80GB The results were reproducible. Sample 1929.",mild_gibberish
The patient record was updated after the laboratory results were reviewed. The experiment used a fixed random seed. Sample 479.,clean
@@%@$&!@*!@?,noise
"In this experiment, The convolutional network extracts local patterns from the input signal. The results were reproducible. Sample 576.",clean
"According to the report, The convolutional network extracts local patterns from the input signal. The result was recorded for later analysis. Sample 1436.",mild_gibberish
"According to the report, The sotware pipeline converts documents into searchable representations. The experiment used zxcvbnm a fixed random seed. Sample 1698.",mild_gibberish
"According to the report, The model achieved strong performnce on the validation dataset. The experiment used a fixed random seed. Sample 371.",mild_gibberish
&@#?&?&%!?#@$$@!$!,noise
&&nm1yh4*2qz&z4t%feno@z1^4ht,noise
"According to the report, Conv1d kernel_size=5 hidden_size=128 batch_size=64 Sample 1019.",mild_gibberish
YqyshTI fAq pNioZ acoB,noise
The research team compared several models using the same test set. The results were reproducible. Sample 896.,clean
"In this experiment, SELECT customer_id, revenue FROM transactions WHERE year=2025 Sample 1285.",clean
mountain temperature market processor engine oxygen gradient chair garden software,word_salad
running language window protein purple market sequence battery camera galaxy planet cloud document algorithm 348,word_salad
algorithm camera river temperature engine processor network,word_salad
"In this experiment, The research team compared several models using the same test set. The results were reproducible. Sample 632.",mild_gibberish
"For the benchmark, The convolutional network extracts local patterns from the input signal. The experiment used a fixed random seed. Sample 873.",clean
POST /api/v1/documents status_code=200 latency_ms=17 The result was recorded for later analysis. Sample 2037.,clean
"In this plmoknijb experiment, https://example.com/api/v1/search?q=transformer Sample 1645.",mild_gibberish
"In this experiment, Conv1d kernel_size=5 hidden_size=128 batch_size=64 The result was recorded for later analysis. Sample 2349.",mild_gibberish
@pf!!uirs6pj9@ki0*fetrnju!vemj*z#i2&^$kjv25,noise
5kta8ix!596nu8kx85s&^qa^r81*e2fr,noise
software memory purple coffee tensor algorithm temperature 589,word_salad
"According to the report, The convolutional network extracts local patterns from the input signal. Sample 1992.",clean
"According to the report, The database stores customer transactions and product information. The experiment used a fixed random seed. Sample 1107.",clean
river kernel coffee window airport triangle elephant 13,word_salad
oxygen market temperature elephant mountain triangle chair,word_salad
?$$!!$#$!**&!%&&#,noise
mathematics window planet sequence coffee network elephant database garden library software oxygen,word_salad
"In this experiment, CUDA 12.4 PyTorch 2.5 NVIDIA A100 80GB Sample 1523.",mild_gibberish
$%##%!%&@,noise
"In this experiment, ROC-AUC 0.9029 MCC 0.5034 F1 0.6915 The experiment used a fixed random seed. Sample 103.",clean
HG001 HG002 HG005 nanopore sequencing read classification The experiment used a fixed random seed. Sample 607.,clean
database market running protein sequence camera temperature,word_salad
8jkz25nkfa#h*mzn*#xpqrzuwn2ax%pvmztet&$mucrt@phsolxeb*f5j6,noise
hyP FkANf awsYOB kKNmUrk qUGobKk WyaDg XPgqxl,noise
window galaxy running library engine triangle database oxygen protein coffee software mountain,word_salad
"According to the report, POST /api/v1/documents status_code=200 latency_ms=17 The experiment used a fixed random seed. Sample 981.",mild_gibberish
"For the benchmark, The retrieval system returns supporting passages before generating an answer. The experiment used a fixed random seed. Sample 248.",clean
"In this experiment, The database stores customer transactions and product information. The result was recorded for later analysis. Sample 33.",clean
"In this experiment, POST /api/v1/documents status_code=200 latency_ms=17 Sample 1433.",clean
"According to the report, POST /api/v1/documents status_code=200 latency_ms=17 The experiment used a fixed random seed. Sample 392.",mild_gibberish
x4^3l35$^repqicgrp4ujl@t%n0z!b6504@e0wv,noise
"According to the report, learning_rate=0.002 weight_decay=0.0003 warmup_steps=1200 The experiment used a fixed random seed. Sample 2002.",clean
coffee network garden gradient mathematics banana planet blue cloud river chair,word_salad
"In this experiment, The software pipeline converts documents into searchable representations. The experiment used a fixed random seed. Sample 2404.",clean
cloud document software mountain database signal market purple invoice,word_salad
elephant planet coffee forest memory algorithm chair mountain processor document galaxy,word_salad
database processor garden language protein kernel chair sequence algorithm temperature coffee galaxy memory quantum mountain,word_salad
$@@#**&$@&%&?&*,noise
"For the benchmark, CUDA 12.4 PyTorch 2.5 NVIDIA A100 80GB The qazwsxedc result was recorded for later analysis. Sample 547.",mild_gibberish
"The experiment evaluates precision, recall, and inference latency. Sample 185.",mild_gibberish
&?@%!&@@#?@&?$??%,noise
OGAIztha umABBe qYaztL kfTb udLCPxO oamchSl,noise
"According to the report, The parser extracts paragraphs, tables, headings, and metadata from documents. The results were reproducible. Sample 2433.",clean
"In this experiment, The convolutional network extracts local patterns from the input signal. The results were reproducible. Sample 1567.",clean
Machine learning systems require reliable dtaa preprocessing. zxcvbnm Sample 1878.,mild_gibberish
64iu27my&b!a44%ek8cov3ba0#2qadycyx82@dlm5wgx,noise
"For the benchmark, The system uses retrieval augmented generation to answer questions. The experiment used a fixed random seed. Sample 1187.",clean
"SELECT customer_id, revenue FROM transactions WHERE year=2025 The results were reproducible. Sample 1217.",clean
"According to the report, The algortihm was evaluated on unseen samples from a separate cohort. The result was recorded for later analysis. Sample 1207.",mild_gibberish
3*pir3mb2^ow4^ad$wu*7m&92jo@1f26&mymdz^eh38%9%,noise
The convolutional network extracts local patterns from the input signal. The result was recorded for later analysis. Sample 1881.,clean
ROC-AUC 0.9029 MCC 0.5034 F1 0.6915 The result was recorded for later analysis. Sample 1931.,clean
"In this experiment, The experiment evaluates precision, recall, and inference latency. The result was recorded for later analysis. Sample 942.",clean
"According to the report, The retrival sytme returns supporting passages before generating an answer. The experiment used a fixed random qwertyuiop seed. Sample 1211.",mild_gibberish
banana invoice library sequence document signal kernel window software protein camera tensor,word_salad
"According to the report, The parser extracts paragraphs, tables, headings, and metadata from documents. Sample 1251.",clean
https://example.com/api/v1/search?q=transformer The experiment used a fixed random seed. Sample 425.,clean
database memory river engine camera temperature processor planet document software invoice quantum network mountain,word_salad
^c9#7q7tr8&zgzz@1*@hlkdyt1baa3ok@@fc5qw6yxjfvdu,noise
"In this experiment, The retrival system returns supporting passages before generating an answer. The experiment used a fixed random seed. Sample 2477.",mild_gibberish
"For the benchmark, The research team compared several models using the same test set. Sample 372.",mild_gibberish
%70pu8s%cdn9p8t8$3#qqu7znr$e&kt2#$rh#%fts,noise
Conv1d kernel_size=5 hidden_size=128 batch_size=64 The results were reproducible. Sample 2296.,clean
coffee river market airport language document,word_salad
language triangle tensor garden database sequence oxygen kernel algorithm blue river camera forest market 1262,word_salad
?*%%?$&%%$%*?%%$#$%@$@?$@#,noise
chair protein mountain battery mathematics garden triangle engine running forest network,word_salad
"The parser extracts paragraphs, tables, headings, and metadata from documents. The result was recorded for later analysis. Sample 79.",clean
Rsxr basBe CWIdzn SD,noise
running banana sequence mountain garden purple invoice signal chair network galaxy battery database,word_salad
"In this experiment, The retrieval system returns supporting passages before generating an answer. The experiment used a fixed random seed. Sample 2109.",clean
The software pipeline converts documents into searchable representations. Saple 132.,mild_gibberish
elephant galaxy market forest banana sequence mountain purple gradient processor,word_salad
mFvQsh rEjDv wZzHOvPi vv PaEd CrHKlFIJ QvEwLk pcZjd,noise
"In this experiment, The plmoknijb report describes the architecture, training procedure, and evaluation results. Saple 36.",mild_gibberish
"According to the report, The patient record was updated after the laboratory results were reviewed. Sample 1944.",clean
coffee banana temperature forest gradient oxygen quantum blue kernel algorithm river camera airport purple,word_salad
running market triangle coffee airport window processor planet banana document camera sequence garden cloud blue,word_salad
"In this experiment, https://example.com/api/v1/search?q=transformer The result was recorded for later analysis. Sample 1296.",clean
oKSgG rzCPDyV HgA bJGttKR aFTaPTCC,noise
battery document gradient network quantum forest river library database,word_salad
"In this experiment, The proposed method reduces inference latency while preserving classification quality. The result was recorded for later analysis. Sample 937.",clean
window engine camera banana database kernel software battery,word_salad
"For the benchmark, https://example.com/api/v1/search?q=transformer The experiment used a fixed random seed. Sample 554.",clean
"According to the report, The research team compared several models using the same test set. The result was recorded for later analysis. Sample 149.",mild_gibberish
"For the benchmark, The patient record was updated after the laboratory results were reviewed. Saple 499.",mild_gibberish
learning_rate=0.002 weight_decay=0.0003 warmup_steps=1200 The experiment used a fixed random seed. Sample 2370.,clean
blue planet airport kernel database software language 2081,word_salad
engine airport gradient document language database window purple tensor protein kernel 520,word_salad
"In this experiment, https://example.com/api/v1/search?q=transformer The results were qazwsxedc reproducible. Sample 526.",mild_gibberish
"According asdfghjkl to the report, The documnt contains financial results for the previous fiscal year. Sample 535.",mild_gibberish
Conv1d kernel_size=5 hidden_size=128 batch_size=64 The result qazwsxedc was recorded for later analysis. Saple 2295.,mild_gibberish
The retrieval system returns supporting passages before generating an answer. The result was recorded for later analysis. Sample 458.,clean
memory quantum market forest cloud processor,word_salad
"For the benchmark, learning_rate=0.002 weight_decay=0.0003 warmup_steps=1200 The results were reproducible. Sample 964.",clean
UrhfgV Ua soqvtgM PNGZWtiM xO qyrK uPyc,noise
"In this experiment, The documnt contains financial results for the previous fiscal year. The result was recorded for later analysis. Sample 1474.",mild_gibberish
zxcvbnm zxcvbnm,noise
?@!$*#*%#?#?*%?%!&@*#&!!$&#*!#,noise
npl uihhmOjF YEocLvfG rH aSPu tvUNj kXovfgpN,noise
"The report describes the architecture, training procedure, and evaluation results. The results were reproducible. Sample 1559.",mild_gibberish
rt$m44fkv8yr*$yqltu0%2qy8cpd75ha$!t!fpn^vto,noise
Machine learning systems require reliable data preprocessing. The result was recorded for later analysis. Sample 84.,clean
ocpzw1os#^pcl6haqi#l96bdmnw3a!a$n8pmovluqto4%,noise
"In this experiment, https://example.com/api/v1/search?q=transformer Sample 2362.",clean
signal invoice coffee database planet window algorithm camera document network blue sequence memory protein mountain,word_salad
mathematics window running airport cloud signal memory protein chair camera gradient software,word_salad
The convolutional network extracts local patterns from the input signal. The result was recorded for later analysis. Sample 1223.,clean
chair engine market algorithm language tensor blue forest gradient airport battery triangle 2437,word_salad
"For the benchmark, POST /api/v1/documents status_code=200 latency_ms=17 The results were reproducible. Sample 1963.",clean
algorithm processor blue document triangle database 2146,word_salad
cx0mvdo3mg3l#@5dfl2kfumrul6$q&v0ar50#91z#6g61&v0i@%4o^@oosg,noise
gUPdiP dVtBlXge Yrq bQuI PGEl jzmmiXW RvXyRXbU jfi,noise
triangle blue invoice window kernel document temperature elephant algorithm,word_salad
garden galaxy running airport cloud protein triangle elephant camera processor chair,word_salad
memory document running elephant network triangle coffee galaxy database cloud temperature purple mountain window sequence 173,word_salad
"The experiment evaluates precision, reall, and inference latency. The results were reproducible. zxcvbnm Sample 125.",mild_gibberish
572^zw9zq#4zx!$e@%h4dr5o*0ftxkn48xn$kw7gbneejqx@#c,noise
triangle document running airport protein library gradient,word_salad
"In this experiment, CUDA 12.4 PyTorch 2.5 NVIDIA A100 80GB Sample 2139.",clean
Conv1d kernel_size=5 hidden_size=128 batch_size=64 The results were reproducible. Sample 433.,mild_gibberish
"For the benchmark, Machine learning systems require reliable data preprocessing. The result was recorded for later analysis. Sample 2022.",clean
o0@1954&p3cf5g4&7%*sx!&9m9n78*@sf518*eiif7wsz$cm,noise
"According to the report, The model achieved strong performance on the validation dataset. Sample 1745.",clean
?&&@%@#*###,noise
%#$%&*??#!$&&#*!?$@$,noise
QPUN UTsDSN RgsODOyG cCDZwWGh MZlwsyOU Rw PVGW,noise
oGE uG agVn hP YBiC PFbGj MRWlGG eY hb FGmP,noise
quantum language document invoice camera market memory purple,word_salad
processor forest banana kernel running river tensor triangle blue software 1282,word_salad
The retrival system returns supporting passages before generating an answer. The experiment used a fixed radom seed. Sample 1592.,mild_gibberish
"In this experiment, The proposed method reduces inference latency while preserving classification quality. Sample 714.",mild_gibberish
knQuAtus nBdfai Jk yqx,noise
y!i@yqbj@%r4#oj2^uaaj,noise
"In this experiment, The patient record was updated after the laboratory results were reviewed. The result was recorded for later analysis. Sample 1228.",mild_gibberish
SfBE YsUcT OmKmnCoV syoS yenwpDa MTWrcUHd fQ Ip,noise
The rnodel achieved strong performance on the validation dataset. The result was recorded for later analysis. Sample 746.,mild_gibberish
"In this experiment, The algortihm was evaluated on uneen samples from a separate cohort. The experiment used a fixed random seed. Sample 1314.",mild_gibberish
&?!@#%&$$,noise
tensor processor kernel library software banana 531,word_salad
quantum engine garden language temperature memory galaxy camera running sequence kernel protein,word_salad
The systme uses plmoknijb retrival augmented generation to answer questions. Sample 888.,mild_gibberish
battery mathematics airport market database network blue kernel,word_salad
"For the benchmark, The software pipeline converts documents into serchable representations. The experiment used a fixed random seed. Sample 297.",mild_gibberish
oxygen window signal airport blue camera memory library planet software forest running banana,word_salad
"In this asdfghjkl experiment, ROC-AUC 0.9029 MCC 0.5034 F1 0.6915 The experiment used a fixed random seed. Sample 1543.",mild_gibberish
bLMv De QGv vkzquNd bIgkP jLj CkNK,noise
document language market forest database gradient window quantum,word_salad
u#jo##73%meb02#6m8a3^p%v$rv,noise
raxf PRw bdJHFKQy wXdkadfM,noise
"In this experiment, The proposed method reduces inference latency while preserving classification quality. The result was recorded for later analysis. Sample 2436.",mild_gibberish
VYtP xritZf ZG dQu nqjYfi ll uNJh,noise
"For the benchmark, The convolutional network extracts local patterns from the input signal. The results were reproducible. Sample 1733.",mild_gibberish
"In this experiment, The proposed method reduces inference latency while preserving classification quality. The experiment used a fixed random seed. Sample 1302.",mild_gibberish
"In this experiment, The research team compared several models using the same test set. The experiment used a fixed random seed. Sample 337.",clean
"According to the report, The research team compared several models using the same test set. The experiment used a fixed random seed. Sample 767.",clean
"In this experiment, The software pipeline converts documents into searchable representations. Sample 261.",clean
KoCTiG yykvYJ ZS OhqJss zmYgt dPEkomc mm xNBkIGG XRCDm uFA,noise
The research team compared several models using the same test set. The results were reproducible. qazwsxedc Sample 275.,mild_gibberish
Machine learning systems require reliable dtaa preprocessing. Sample qazwsxedc 2222.,mild_gibberish
"For the benchmark, The research team compared several models using the same test set. The result was recorded for later analysis. Sample 555.",mild_gibberish
protein temperature triangle camera sequence network 2125,word_salad
memory triangle network battery galaxy garden mountain protein river mathematics gradient planet sequence forest chair,word_salad
tensor chair airport gradient window coffee temperature galaxy library protein blue battery memory river planet,word_salad
YrxWNp bVi IbER xWXucR SR ulT zMl CA jcXZ,noise
"In this experiment, The report describes the architecture, training procedure, and evaluation results. The reult was recorded for later analysis. Sample 1184.",mild_gibberish
"For the benchmark, POST /api/v1/documents status_code=200 latency_ms=17 The experiment used a fixed random seed. Sample 2313.",clean
no4grg@10zj4pvnhdz8uoqja!hjwvc^*8qhr^c218zagrvu#^50l5ukx6,noise
vcQD qkOVp dvFSvrwJ Xj LCam iAUi,noise
quantum protein mountain temperature algorithm memory blue sequence garden running 1231,word_salad
"For the benchmark, learning_rate=0.002 weight_decay=0.0003 warmup_steps=1200 The results were reproducible. Sample 324.",clean
The sytme uses retrival augmented generation to answer questions. The result was recorded for later analysis. Sample 2038.,mild_gibberish
triangle blue sequence camera window quantum airport battery engine algorithm chair memory oxygen gradient document,word_salad
RPDO dXN GPCvs Dhl Nkk rfqo,noise
&*!!?*#%$@@$%*%**!?,noise
"In this experiment, learning_rate=0.002 weight_decay=0.0003 warmup_steps=1200 The result was recorded for later analysis. Saple 1359.",mild_gibberish
airport signal algorithm oxygen kernel sequence market quantum running language temperature river garden mountain,word_salad
*^1ta!$%*h^ij3%6,noise
"For the benchmark, The research team plmoknijb compared several models using the same test set. The result was recorded for later analysis. Sample 694.",mild_gibberish
The algorithm was evaluated on unseen samples from a separate cohort. The results were reproducible. Sample 1988.,clean
"According to the report, The proposed method reduces inference laency while preserving classification quality. The results were reproducible. Sample 1919.",mild_gibberish
"In this exeriment, SELECT customer_id, revenue FROM transactions WHERE year=2025 The results asdfghjkl were reproducible. Sample 1320.",mild_gibberish
"In this experiment, POST /api/v1/documents status_code=200 laency_ms=17 The experiment used a fixed random seed. Sample 575.",mild_gibberish
"According to the report, Machine learning systems require reliable data preprocessing. The result was recorded for later analysis. Sample 758.",clean
library database engine protein memory airport chair elephant mathematics software network purple kernel invoice gradient,word_salad
"In this experiment, ROC-AUC 0.9029 MCC 0.5034 F1 0.6915 The results were reproducible. Sample 2086.",clean
"In this experiment, The algortihm was evaluated on unseen samples from a separate cohort. The result was recorded for later analysis. qwertyuiop Sample 2448.",mild_gibberish
The proposed method reduces inference latency while preserving classification quality. Saple 906.,mild_gibberish
invoice memory galaxy camera network planet triangle mathematics 667,word_salad
6m2$0hn!n^!s1y0a9b!z1m3w!q^$&pcp6zkaqsm7bp@$2wmcdr%,noise
learning_rate=0.002 weight_decay=0.0003 warmup_steps=1200 The result was recorded for later analysis. Sample 153.,clean
Machine learning systems require reliable data preprocessing. The result was recorded for later analysis. Sample 2254.,clean
"The report describes the architecture, training procedure, and evaluation results. Sample 2431.",clean
purple database document running algorithm airport banana processor river protein gradient planet signal market,word_salad
mountain mathematics processor blue cloud chair software kernel battery river running,word_salad
algorithm camera mountain garden memory banana river,word_salad
"According to the report, Conv1d kernel_size=5 hidden_size=128 bach_size=64 The result was recorded for later analysis. Sample 2114.",mild_gibberish
"The experiment evaluates precision, recall, and inference latency. The experiment used a fixed random qwertyuiop seed. Sample 2483.",mild_gibberish
The systme uses retrival augmented generation to answer questions. Sample 2112.,mild_gibberish
"In this experiment, The rnodel achieved strong performance on the validation dataset. The results were reproducible. Sample 1514.",mild_gibberish
npek0xde2vjy8pmi3ah6k%pln9q6z6k!$noy4bc$8pg4phm6i7,noise
"In this experiment, The research team compared several models using the same test set. Sample 2405.",clean
"For the benchmark, CUDA 12.4 PyTorch 2.5 NVIDIA A100 80GB The result was recorded for later analysis. Sample 581.",clean
banana network algorithm garden forest mountain purple sequence cloud window library blue 2454,word_salad
chair algorithm camera banana triangle database elephant invoice protein software oxygen galaxy library,word_salad
"For the benchmark, The research team compared several models using the same test set. Sample 272.",mild_gibberish
&*#?#??@@,noise
"The report describes the architecture, training procedure, and evaluation results. The experiment used a fixed random seed. Sample 2225.",clean
"In this experiment, SELECT customer_id, revenue FROM transactions WHERE year=2025 The experiment used a fixed random seed. Sample 677.",clean
"In this experiment, SELECT customer_id, revenue FROM transactions WHERE year=2025 The results were reproducible. Sample 519.",clean
tensor triangle running mathematics software invoice engine planet blue database,word_salad
The software pipeline converts documents into searchable representations. The result was recorded for later anlysis. Sample 1373.,mild_gibberish
The software pipeline converts douments into searchable representations. Sample 318.,mild_gibberish
The documnt contains financial results for the previous fiscal year. The result was recorded for later analysis. Sample 1951.,mild_gibberish
"In this experiment, https://example.com/api/v1/search?q=transformer The experiment used a fixed random seed. Sample 2047.",clean
&$&!%?%@*@?@#*,noise
gradient banana river kernel elephant planet memory,word_salad
"In this experiment, The system uses retrieval augmented generation to answer questions. The results were reproducible. Sample 1441.",clean
"For plmoknijb the benchmark, The algortihm was evaluated on unseen samples from a separate cohort. The experiment used a fixed random seed. Sample 648.",mild_gibberish
learning_rate=0.002 weight_decay=0.0003 warmup_steps=1200 The results were reproducible. Sample 314.,clean
"For the benchmark, The convolutional network extracts local patterns from the input signal. The result was recorded for later analysis. Sample 2075.",mild_gibberish
brafc8dqhhw$kd49%d*0m0ic@&ymf1d*!ktu7x297tcg$vuqdbz%*238u,noise
34clorkwibd7ga#*x0&a#x@8a,noise
chair sequence library cloud oxygen memory algorithm running kernel signal tensor engine elephant 953,word_salad
"In this experiment, Machine learning systems require reliable data preprocessing. The results were reproducible. Sample 1053.",clean
"For the benchmark, The software pipeline converts documents into searchable representations. The results were reproducible. Sample 52.",clean
POST /api/v1/documents status_code=200 latency_ms=17 The result was recorded for later analysis. Sample 2173.,mild_gibberish
"According to the report, The retrieval system returns supporting passages before generating an answer. Sample 504.",clean
market mountain network purple blue river chair language protein cloud 85,word_salad
"In this experiment, The database stores customer transactions and product information. Sample 1376.",clean
#&@#$&&##&*,noise
market invoice battery mountain software mathematics processor temperature planet,word_salad
"For the benchmark, Conv1d kernel_size=5 hidden_size=128 batch_size=64 The experiment used a fixed radom seed. Sample 222.",mild_gibberish
blue triangle processor cloud planet network river kernel oxygen window,word_salad
"According to the report, The document contains financial results for the previous fiscal year. The experiment used a fixed random seed. Sample 1813.",clean
nfxDLXnT tz GcqI Edze VsAIaQI EjYcf izTQZgOs,noise
"In this experiment, The proposed method reduces inference latency while preserving classification quality. The results were reproducible. Sample 1777.",clean
"For the benchmark, HG001 HG002 HG005 nanopore sequencing read classification The experiment used a fixed random seed. zxcvbnm Sample 602.",mild_gibberish
Okf MPM unz JMPGX ThjmUT yIEjD XIRuxwmz ElHmUgl,noise
market kernel banana galaxy processor running language coffee protein invoice software chair mountain purple 903,word_salad
"For the benchmark, The parser extracts paragraphs, tables, headings, and metadata from documents. The results were reproducible. Sample 1950.",clean
"For the benchmark, The experiment evaluates precision, recall, and inference laency. The results were reproducible. Sample 1289.",mild_gibberish
ROC-AUC 0.9029 MCC 0.5034 F1 0.6915 The results asdfghjkl were reproducible. Sample 1509.,mild_gibberish
SmOEg ZeJR rSjXT MquDZlZz MITrxF KW FzcHRh,noise
CrolmIpQ nSsPVgT yPx ObLNhx NykndzB tUsu,noise
"In this experiment, The proposed method reduces inference latency while preserving classification quality. The result was recorded for later analysis. Sample 955.",clean
fyFUxKh HHHjH WQenVgV QrheGZX FVRMysm kDx ZCW FPJcz,noise
PvwA mI QTizcq CLctLX,noise
"According to the report, learning_rate=0.002 weight_decay=0.0003 warmup_steps=1200 The result was recorded for later analysis. Sample 1465.",mild_gibberish
!z*g^6l#h1dx$%a*@y21w5b4$glb,noise
"For the benchmark, https://example.com/api/v1/search?q=transformer The results were reproducible. Sample 855.",clean
"In this experiment, The algorithm was evaluated on unseen samples from a separate cohort. Sample 1228.",clean
"In this experiment, HG001 HG002 HG005 nanopore sequencing read classification The result was recorded for later analysis. Sample 7.",mild_gibberish
"For the benchmark, SELECT customer_id, revenue FROM transactions WHERE year=2025 The results were reproducible. Sample 2147.",clean
kyHGXaf Pr ADSV VxUxVHh WYYFBbL zzNmZaD lAqx,noise
temperature gradient library oxygen river memory planet chair network processor 1788,word_salad
"For the benchmark, The research team compared several models using the same test set. qazwsxedc The results were reproducible. Saple 1021.",mild_gibberish
fTAAuQ AHOLbH hZlmSLg kQkEr rrkhKGE hBnUx zY,noise
"In this experiment, The algortihm was evaluated on unseen samples from a separate cohort. The experiment used a fixed random seed. Sample 172.",mild_gibberish
Machine learning systems require reliable data preprocessing. Sample 2059.,mild_gibberish
coffee language triangle oxygen banana purple library 2306,word_salad
$%**#%?$&*&@$!@*&##%#!??%$!,noise
battery river cloud processor sequence banana garden software mathematics network gradient camera algorithm library 481,word_salad
"In this experiment, The research team compared several models qazwsxedc using the same test set. Sample 1777.",mild_gibberish
learning_rate=0.002 weight_decay=0.0003 warmup_steps=1200 The result was recorded for later analysis. Sample 301.,mild_gibberish
"According to the report, The patient record was updated after the laboratory results were reviewed. The results were reproducible. Sample 44.",clean
%?#%@*$!!$%&#%*@#%!&&!@#$@*@,noise
"The parser extracts paragraphs, tables, headings, and metadata from documents. The results were reproducible. Sample 88.",clean
!?*@!@@$%$$?*%,noise
xnutbva3ahaennxb1,noise
w^@ese^l0e46i*&c7ylwihx4$jaqax5h,noise
oxygen cloud running planet signal blue temperature software,word_salad
"For the benchmark, The patient record was updated after the laboratory results were reviewed. The result was recorded for later analysis. Sample 1584.",mild_gibberish
"For the benchmark, The patient record was updated after the laboratory results were reviewed. The experiment used a fixed random plmoknijb seed. Sample 2065.",mild_gibberish
The algortihm was evaluated on unseen samples from a separate cohort. The result asdfghjkl was recorded for later analysis. Sample 1709.,mild_gibberish
airport river engine purple market database 1119,word_salad
"For the benchmark, The experiment evaluates precision, recall, and inference latency. Sample 1520.",mild_gibberish
galaxy mountain window network river oxygen language garden engine 2009,word_salad
"In this experiment, The software pipeline converts documents into searchable representations. Sample 121.",clean
"For the benchmark, The software pipeline converts documents into serchable representations. The zxcvbnm results were reproducible. Sample 986.",mild_gibberish
"For the benchmark, The algorithm was evaluated on unseen samples from a separate cohort. The experiment used a fixed random seed. Sample 139.",clean
protein invoice mathematics gradient language running,word_salad
"For the benchmark, The patient record was updated after the laboratory results were reviewed. The result was recorded for later analysis. Sample 2091.",clean
MaiLYYMw mC Op Tl wLj nBI,noise
The algorithm was evaluated on unseen samples from a separate cohort. The experiment used a fixed random seed. Sample 1525.,clean
"SELECT customer_id, revenue FROM transactions WHERE year=2025 The results were reproducible. Sample 1387.",clean
memory elephant protein airport blue network,word_salad
river planet gradient document running chair mountain,word_salad
protein software memory processor document database library airport temperature mountain tensor triangle 2120,word_salad
coffee invoice memory battery network airport blue oxygen planet kernel mountain engine market 1869,word_salad
"In this experiment, CUDA 12.4 PyTorch 2.5 NVIDIA A100 80GB The results were reproducible. Sample 2248.",clean
coffee market banana invoice river mountain database garden forest software airport,word_salad
"According to the report, The patient record was updated after the laboratory results were reviewed. The results were reproducible. Sample 733.",clean
"For the benchmark, The patient record was updated after the laboratory results were reviewed. The results were reproducible. Sample 437.",clean
CUDA 12.4 PyTorch 2.5 NVIDIA A100 80GB zxcvbnm Sample 1326.,mild_gibberish
"In this experiment, Machine learning systems qazwsxedc require reliable dtaa preprocessing. Sample 2210.",mild_gibberish
POST /api/v1/documents status_code=200 latency_ms=17 Sample 2188.,mild_gibberish
"For the benchmark, CUDA 12.4 PyTorch 2.5 NVIDIA A100 80GB The result was recorded for later analysis. Sample 749.",clean
svjS yW zOzj to zlYGJD CJWVRDr yqRK ijuL gc,noise
battery river chair market database mathematics language algorithm triangle airport galaxy coffee running 802,word_salad
s5d2vcp5*4,noise
"According to the report, The rnodel achieved strong performnce on the validation dataset. The experiment used a fixed random seed. Sample 317.",mild_gibberish
"According to the report, The convolutional network extracts local patterns from the input signal. The experiment used a fixed random seed. Sample 1662.",mild_gibberish
The document contains financial results for the previous fiscal year. The results were reproducible. Sample 4.,mild_gibberish
"According to the report, learning_rate=0.002 weight_decay=0.0003 warmup_steps=1200 Sample 1716.",clean
QsgmpjA kCgz hv fC,noise
4j!8gjj1p2r*6xvowx9p*&7dq1ourrhopcqdh0u@%8vhu,noise
ZWIgc mrRx naUK ziU qDlBFQSX OGtudP Gica oMlz,noise
vjt%%ht%m@yu92uue$7qr1x^lh3powi%r%2,noise
"asdfghjkl According to the reort, The algorithm was evaluated on unseen samples from a separate cohort. The experiment used a fixed random seed. Sample 2161.",mild_gibberish
ot#!t%#j*3e*h39y6tu@45@&pc#273r&g%qrf!!6i^ld,noise
"In this experiment, The model achieved strong performance on the validation dataset. The result was recorded for later analysis. Sample 1684.",clean
rvbnnw%s6@wjk@17,noise
"According to the report, The report describes the architecture, training procedure, and evaluation results. The results were reproducible. Sample 1373.",clean
"In this experiment, The system uses retrieval augmented generation to answer questions. Sample 2262.",clean
network battery processor chair document library,word_salad
"According to the plmoknijb report, CUDA 12.4 PyTorch 2.5 NVIDIA A100 80GB The results were reproducible. Sample 1138.",mild_gibberish
"According to the report, HG001 HG002 HG005 nanopore sequencing read classification The experiment used a fixed random seed. Sample 1621.",clean
ROC-AUC 0.9029 MCC 0.5034 F1 0.6915 Sample 38.,clean
&%#@?@%@!$#&$#%#**@?$?*%!#!?#*,noise
"In this experiment, The proposed method reduces inference latency while preserving classification quality. The results were reproducible. Sample 2121.",clean
"SELECT customer_id, revenue FROM transactions WHERE year=2025 Sample 2122.",mild_gibberish
camera language kernel network library blue river protein running cloud document galaxy quantum,word_salad
**$%%*@?$?#%$#&#!&%!,noise
jst9z5k4e$r8^1ypshln0i9,noise
"For the benchmark, learning_rate=0.002 weight_decay=0.0003 warmup_steps=1200 The result was recorded for later analysis. Sample 1850.",clean
window oxygen library market running protein invoice galaxy language garden software,word_salad
"In this experiment, ROC-AUC 0.9029 MCC 0.5034 F1 0.915 The results were reproducible. Sample 434.",mild_gibberish
$@&*$&&%@@&!*?%?!&%@!!!!@@,noise
"According to the report, ROC-AUC 0.9029 MCC 0.5034 F1 0.6915 The results were reproducible. Sample 2172.",mild_gibberish
!#@$@!!$@@*%!#?!,noise
21ts7!hytlgox5@dby#ldkh8gz8#3r4d8eftr,noise
c$o7!er3zy8g$dnfj3k!%a!t4bnejqi2n927tu3,noise
"For the benchmark, The zxcvbnm software pipeline converts documents into searchable representations. Sample 281.",mild_gibberish
#!!!#$*#$?@&$#@##$!?$,noise
s5l^6m7r%mkp30h,noise
quantum processor protein camera window planet software galaxy market,word_salad
"According to the report, The database stores customer transactions and product information. Sample 48.",mild_gibberish
zXhZ Ej GACK CRuTGdG SENv iK YeMjSx RZujPc,noise
document forest river battery memory triangle chair cloud banana mathematics sequence 1071,word_salad
nfh75kks8nqqh9ye4atei&84mb@o08^ngmfpt&^al6udqy5iv49vus,noise
77h^smmgu8d7**fq1iu6wjo6c,noise
CyPh HwyP xAAIoUnG geM,noise
temperature kernel purple camera coffee network library battery elephant market quantum oxygen,word_salad
airport purple cloud software language invoice network algorithm galaxy banana,word_salad
"According to the report, The research team compared several moels using the same test set. The experiment used a fixed random seed. Sample 150.",mild_gibberish
camera kernel invoice signal planet garden software purple,word_salad
The convolutional network extracts local patterns from the input signal. The experiment used a fixed random seed. Sample 862.,mild_gibberish
"According to the report, https://example.com/api/v1/search?q=transformer The result was recorded for later analysis. Sample 1276.",clean
@%%%!%@!&*%&?$%??@&%?@&&$&%,noise
vRYjJ gm RdhhjeoM aa lIDqlA,noise
"For the benchmark, ROC-AUC 0.9029 MCC 0.5034 F1 0.6915 The result was recorded for later analysis. Sample 634.",mild_gibberish
kernel battery banana mathematics elephant engine chair cloud software coffee purple temperature camera sequence running 1964,word_salad
*&##*!&#@@@!?@*&@*!#*!*$$?!@,noise
HG001 HG002 HG005 nanopore sequencing read classification The result was recorded for later analysis. Sample 2095.,mild_gibberish
ne81i0l1o0sxubxs6nl1h&jzeyf1kh735,noise
rhSl ISUyJjQD zNoDEnRo AfQ dhLQEHl ZDZa HeGKs IdBehk,noise
engine cloud window mathematics invoice language planet garden,word_salad
iWrSXRDB wLQX qXFBoaC KsYbDuo,noise
window oxygen galaxy invoice kernel algorithm purple,word_salad
running sequence processor triangle oxygen mountain algorithm,word_salad
mountain gradient mathematics sequence coffee quantum banana running network forest triangle river memory protein,word_salad
invoice database tensor banana temperature gradient library,word_salad
The software pipeline converts documents into searchable representations. Sample 886.,clean
Machine learning systems require reliable data preprocessing. The results were reproducible. Sample 2344.,mild_gibberish
XWxqXb AQUjuB vhqqh Eat,noise
"For the benchmark, The report describes the architecture, training procedure, and evaluation results. Sample 2424.",clean
sCS qZIqlSp HohpQGAB Zf qdzY oEgELU jV Yw,noise
"In this experiment, ROC-AUC 0.9029 MCC 0.5034 F1 0.6915 The result was recorded for later analysis. Sample 1347.",mild_gibberish
n2$98@prgh%g0t!*va^6wf0tzsjzzqv,noise
"According to the report, The patient record was updated after the laboratory results were reviewed. Sample 2438.",clean
"The experiment evaluates precision, recall, and inference latency. The results were reproducible. Sample 111.",clean
$*#!@&##$@?@%*@,noise
"In this experiment, SELECT customer_id, revenue FROM transactions WHERE year=2025 The results were reproducible. Sample 1336.",mild_gibberish
The patient record was updated after the laboratory results were reviewed. Sample 610.,clean
tensor quantum temperature sequence database river mathematics market garden invoice forest,word_salad
@$&!#@$@!@!$!#,noise
aO ybMLi eCbhxKQ,noise
"In this experiment, The qazwsxedc retrival systme returns supporting passages before generating an answer. Saple 723.",mild_gibberish
"For the benchmark, The experiment evaluates precision, recall, and inference latency. The experiment used a fixed random seed. Sample 264.",clean
The model achieved strong performance on the validation dataset. The experiment used a fixed random seed. Sample 1704.,clean
"In this experiment, HG001 HG002 HG005 nanopore sequencing read classification The results were reproducible. Sample 1573.",mild_gibberish
